[notify] error TypeError: fetch failed
    at node:internal/deps/undici/undici:16416:13
    at process.processTicksAndRejections (node:internal/process/task_queues:104:5)
    at async ConvexHttpClient.queryInner (file:///Users/syphaoffice1/Mission-control-openclaw-25:02/Mission-control/node_modules/convex/dist/esm/browser/http_client.js:225:22)
    at async ConvexHttpClient.query (file:///Users/syphaoffice1/Mission-control-openclaw-25:02/Mission-control/node_modules/convex/dist/esm/browser/http_client.js:202:12)
    at async statusNotificationLoop (file:///Users/syphaoffice1/Mission-control-openclaw-25:02/Mission-control/orchestrator/index.mjs:992:21)
    at async Promise.allSettled (index 2)
    at async main (file:///Users/syphaoffice1/Mission-control-openclaw-25:02/Mission-control/orchestrator/index.mjs:1084:3) {
  [cause]: AggregateError [ETIMEDOUT]: 
      at internalConnectMultiple (node:net:1134:18)
      at internalConnectMultiple (node:net:1210:5)
      at internalConnectMultiple (node:net:1210:5)
      at Timeout.internalConnectMultipleTimeout (node:net:1742:5)
      at listOnTimeout (node:internal/timers:607:11)
      at process.processTimers (node:internal/timers:541:7) {
    code: 'ETIMEDOUT',
    [errors]: [ [Error], [Error], [Error] ]
  }
}
[notify] error TypeError: fetch failed
    at node:internal/deps/undici/undici:16416:13
    at process.processTicksAndRejections (node:internal/process/task_queues:104:5)
    at async ConvexHttpClient.queryInner (file:///Users/syphaoffice1/Mission-control-openclaw-25:02/Mission-control/node_modules/convex/dist/esm/browser/http_client.js:225:22)
    at async ConvexHttpClient.query (file:///Users/syphaoffice1/Mission-control-openclaw-25:02/Mission-control/node_modules/convex/dist/esm/browser/http_client.js:202:12)
    at async statusNotificationLoop (file:///Users/syphaoffice1/Mission-control-openclaw-25:02/Mission-control/orchestrator/index.mjs:992:21)
    at async Promise.allSettled (index 2)
    at async main (file:///Users/syphaoffice1/Mission-control-openclaw-25:02/Mission-control/orchestrator/index.mjs:1084:3) {
  [cause]: Error: getaddrinfo ENOTFOUND secret-fox-493.convex.cloud
      at GetAddrInfoReqWrap.onlookupall [as oncomplete] (node:dns:121:26) {
    errno: -3008,
    code: 'ENOTFOUND',
    syscall: 'getaddrinfo',
    hostname: 'secret-fox-493.convex.cloud'
  }
}
[notify] error TypeError: fetch failed
    at node:internal/deps/undici/undici:16416:13
    at process.processTicksAndRejections (node:internal/process/task_queues:104:5)
    at async ConvexHttpClient.queryInner (file:///Users/syphaoffice1/Mission-control-openclaw-25:02/Mission-control/node_modules/convex/dist/esm/browser/http_client.js:225:22)
    at async ConvexHttpClient.query (file:///Users/syphaoffice1/Mission-control-openclaw-25:02/Mission-control/node_modules/convex/dist/esm/browser/http_client.js:202:12)
    at async statusNotificationLoop (file:///Users/syphaoffice1/Mission-control-openclaw-25:02/Mission-control/orchestrator/index.mjs:992:21)
    at async Promise.allSettled (index 2)
    at async main (file:///Users/syphaoffice1/Mission-control-openclaw-25:02/Mission-control/orchestrator/index.mjs:1084:3) {
  [cause]: Error: getaddrinfo ENOTFOUND secret-fox-493.convex.cloud
      at GetAddrInfoReqWrap.onlookupall [as oncomplete] (node:dns:121:26) {
    errno: -3008,
    code: 'ENOTFOUND',
    syscall: 'getaddrinfo',
    hostname: 'secret-fox-493.convex.cloud'
  }
}
[notify] error TypeError: fetch failed
    at node:internal/deps/undici/undici:16416:13
    at process.processTicksAndRejections (node:internal/process/task_queues:104:5)
    at async ConvexHttpClient.queryInner (file:///Users/syphaoffice1/Mission-control-openclaw-25:02/Mission-control/node_modules/convex/dist/esm/browser/http_client.js:225:22)
    at async ConvexHttpClient.query (file:///Users/syphaoffice1/Mission-control-openclaw-25:02/Mission-control/node_modules/convex/dist/esm/browser/http_client.js:202:12)
    at async statusNotificationLoop (file:///Users/syphaoffice1/Mission-control-openclaw-25:02/Mission-control/orchestrator/index.mjs:992:21)
    at async Promise.allSettled (index 2)
    at async main (file:///Users/syphaoffice1/Mission-control-openclaw-25:02/Mission-control/orchestrator/index.mjs:1084:3) {
  [cause]: Error: getaddrinfo ENOTFOUND secret-fox-493.convex.cloud
      at GetAddrInfoReqWrap.onlookupall [as oncomplete] (node:dns:121:26) {
    errno: -3008,
    code: 'ENOTFOUND',
    syscall: 'getaddrinfo',
    hostname: 'secret-fox-493.convex.cloud'
  }
}
[watchdog] error TypeError: fetch failed
    at node:internal/deps/undici/undici:16416:13
    at process.processTicksAndRejections (node:internal/process/task_queues:104:5)
    at async ConvexHttpClient.queryInner (file:///Users/syphaoffice1/Mission-control-openclaw-25:02/Mission-control/node_modules/convex/dist/esm/browser/http_client.js:225:22)
    at async ConvexHttpClient.query (file:///Users/syphaoffice1/Mission-control-openclaw-25:02/Mission-control/node_modules/convex/dist/esm/browser/http_client.js:202:12)
    at async getAgentMap (file:///Users/syphaoffice1/Mission-control-openclaw-25:02/Mission-control/orchestrator/index.mjs:420:18)
    at async chiefWatchdogLoop (file:///Users/syphaoffice1/Mission-control-openclaw-25:02/Mission-control/orchestrator/index.mjs:860:22)
    at async Promise.allSettled (index 1)
    at async main (file:///Users/syphaoffice1/Mission-control-openclaw-25:02/Mission-control/orchestrator/index.mjs:1084:3) {
  [cause]: Error: getaddrinfo ENOTFOUND secret-fox-493.convex.cloud
      at GetAddrInfoReqWrap.onlookupall [as oncomplete] (node:dns:121:26) {
    errno: -3008,
    code: 'ENOTFOUND',
    syscall: 'getaddrinfo',
    hostname: 'secret-fox-493.convex.cloud'
  }
}
[notify] error TypeError: fetch failed
    at node:internal/deps/undici/undici:16416:13
    at process.processTicksAndRejections (node:internal/process/task_queues:104:5)
    at async ConvexHttpClient.queryInner (file:///Users/syphaoffice1/Mission-control-openclaw-25:02/Mission-control/node_modules/convex/dist/esm/browser/http_client.js:225:22)
    at async ConvexHttpClient.query (file:///Users/syphaoffice1/Mission-control-openclaw-25:02/Mission-control/node_modules/convex/dist/esm/browser/http_client.js:202:12)
    at async statusNotificationLoop (file:///Users/syphaoffice1/Mission-control-openclaw-25:02/Mission-control/orchestrator/index.mjs:992:21)
    at async Promise.allSettled (index 2)
    at async main (file:///Users/syphaoffice1/Mission-control-openclaw-25:02/Mission-control/orchestrator/index.mjs:1084:3) {
  [cause]: Error: getaddrinfo ENOTFOUND secret-fox-493.convex.cloud
      at GetAddrInfoReqWrap.onlookupall [as oncomplete] (node:dns:121:26) {
    errno: -3008,
    code: 'ENOTFOUND',
    syscall: 'getaddrinfo',
    hostname: 'secret-fox-493.convex.cloud'
  }
}
[triage] error TypeError: fetch failed
    at node:internal/deps/undici/undici:16416:13
    at async ConvexHttpClient.queryInner (file:///Users/syphaoffice1/Mission-control-openclaw-25:02/Mission-control/node_modules/convex/dist/esm/browser/http_client.js:225:22)
    at async ConvexHttpClient.query (file:///Users/syphaoffice1/Mission-control-openclaw-25:02/Mission-control/node_modules/convex/dist/esm/browser/http_client.js:202:12)
    at async getAgentMap (file:///Users/syphaoffice1/Mission-control-openclaw-25:02/Mission-control/orchestrator/index.mjs:420:18)
    at async chiefTriageLoop (file:///Users/syphaoffice1/Mission-control-openclaw-25:02/Mission-control/orchestrator/index.mjs:612:22)
    at async Promise.allSettled (index 0)
    at async main (file:///Users/syphaoffice1/Mission-control-openclaw-25:02/Mission-control/orchestrator/index.mjs:1084:3) {
  [cause]: Error: read EHOSTUNREACH
      at TLSWrap.onStreamRead (node:internal/stream_base_commons:216:20) {
    errno: -65,
    code: 'EHOSTUNREACH',
    syscall: 'read'
  }
}
[poller] error TypeError: fetch failed
    at node:internal/deps/undici/undici:16416:13
    at async telegramApi (file:///Users/syphaoffice1/Mission-control-openclaw-25:02/Mission-control/orchestrator/index.mjs:186:15)
    at async pollingLoop (file:///Users/syphaoffice1/Mission-control-openclaw-25:02/Mission-control/orchestrator/index.mjs:542:23)
    at async Promise.allSettled (index 3)
    at async main (file:///Users/syphaoffice1/Mission-control-openclaw-25:02/Mission-control/orchestrator/index.mjs:1084:3) {
  [cause]: Error: read ETIMEDOUT
      at TLSWrap.onStreamRead (node:internal/stream_base_commons:216:20) {
    errno: -60,
    code: 'ETIMEDOUT',
    syscall: 'read'
  }
}
[triage] error TypeError: fetch failed
    at node:internal/deps/undici/undici:16416:13
    at process.processTicksAndRejections (node:internal/process/task_queues:104:5)
    at async ConvexHttpClient.queryInner (file:///Users/syphaoffice1/Mission-control-openclaw-25:02/Mission-control/node_modules/convex/dist/esm/browser/http_client.js:225:22)
    at async ConvexHttpClient.query (file:///Users/syphaoffice1/Mission-control-openclaw-25:02/Mission-control/node_modules/convex/dist/esm/browser/http_client.js:202:12)
    at async getAgentMap (file:///Users/syphaoffice1/Mission-control-openclaw-25:02/Mission-control/orchestrator/index.mjs:420:18)
    at async chiefTriageLoop (file:///Users/syphaoffice1/Mission-control-openclaw-25:02/Mission-control/orchestrator/index.mjs:612:22)
    at async Promise.allSettled (index 0)
    at async main (file:///Users/syphaoffice1/Mission-control-openclaw-25:02/Mission-control/orchestrator/index.mjs:1084:3) {
  [cause]: Error: getaddrinfo ENOTFOUND secret-fox-493.convex.cloud
      at GetAddrInfoReqWrap.onlookupall [as oncomplete] (node:dns:121:26) {
    errno: -3008,
    code: 'ENOTFOUND',
    syscall: 'getaddrinfo',
    hostname: 'secret-fox-493.convex.cloud'
  }
}
[triage] error TypeError: fetch failed
    at node:internal/deps/undici/undici:16416:13
    at process.processTicksAndRejections (node:internal/process/task_queues:104:5)
    at async ConvexHttpClient.queryInner (file:///Users/syphaoffice1/Mission-control-openclaw-25:02/Mission-control/node_modules/convex/dist/esm/browser/http_client.js:225:22)
    at async ConvexHttpClient.query (file:///Users/syphaoffice1/Mission-control-openclaw-25:02/Mission-control/node_modules/convex/dist/esm/browser/http_client.js:202:12)
    at async getAgentMap (file:///Users/syphaoffice1/Mission-control-openclaw-25:02/Mission-control/orchestrator/index.mjs:420:18)
    at async chiefTriageLoop (file:///Users/syphaoffice1/Mission-control-openclaw-25:02/Mission-control/orchestrator/index.mjs:612:22)
    at async Promise.allSettled (index 0)
    at async main (file:///Users/syphaoffice1/Mission-control-openclaw-25:02/Mission-control/orchestrator/index.mjs:1084:3) {
  [cause]: Error: getaddrinfo ENOTFOUND secret-fox-493.convex.cloud
      at GetAddrInfoReqWrap.onlookupall [as oncomplete] (node:dns:121:26) {
    errno: -3008,
    code: 'ENOTFOUND',
    syscall: 'getaddrinfo',
    hostname: 'secret-fox-493.convex.cloud'
  }
}
[triage] error TypeError: fetch failed
    at node:internal/deps/undici/undici:16416:13
    at process.processTicksAndRejections (node:internal/process/task_queues:104:5)
    at async ConvexHttpClient.queryInner (file:///Users/syphaoffice1/Mission-control-openclaw-25:02/Mission-control/node_modules/convex/dist/esm/browser/http_client.js:225:22)
    at async ConvexHttpClient.query (file:///Users/syphaoffice1/Mission-control-openclaw-25:02/Mission-control/node_modules/convex/dist/esm/browser/http_client.js:202:12)
    at async getAgentMap (file:///Users/syphaoffice1/Mission-control-openclaw-25:02/Mission-control/orchestrator/index.mjs:420:18)
    at async chiefTriageLoop (file:///Users/syphaoffice1/Mission-control-openclaw-25:02/Mission-control/orchestrator/index.mjs:612:22)
    at async Promise.allSettled (index 0)
    at async main (file:///Users/syphaoffice1/Mission-control-openclaw-25:02/Mission-control/orchestrator/index.mjs:1084:3) {
  [cause]: Error: getaddrinfo ENOTFOUND secret-fox-493.convex.cloud
      at GetAddrInfoReqWrap.onlookupall [as oncomplete] (node:dns:121:26) {
    errno: -3008,
    code: 'ENOTFOUND',
    syscall: 'getaddrinfo',
    hostname: 'secret-fox-493.convex.cloud'
  }
}
[triage] error TypeError: fetch failed
    at node:internal/deps/undici/undici:16416:13
    at process.processTicksAndRejections (node:internal/process/task_queues:104:5)
    at async ConvexHttpClient.queryInner (file:///Users/syphaoffice1/Mission-control-openclaw-25:02/Mission-control/node_modules/convex/dist/esm/browser/http_client.js:225:22)
    at async ConvexHttpClient.query (file:///Users/syphaoffice1/Mission-control-openclaw-25:02/Mission-control/node_modules/convex/dist/esm/browser/http_client.js:202:12)
    at async getAgentMap (file:///Users/syphaoffice1/Mission-control-openclaw-25:02/Mission-control/orchestrator/index.mjs:420:18)
    at async chiefTriageLoop (file:///Users/syphaoffice1/Mission-control-openclaw-25:02/Mission-control/orchestrator/index.mjs:612:22)
    at async Promise.allSettled (index 0)
    at async main (file:///Users/syphaoffice1/Mission-control-openclaw-25:02/Mission-control/orchestrator/index.mjs:1084:3) {
  [cause]: Error: getaddrinfo ENOTFOUND secret-fox-493.convex.cloud
      at GetAddrInfoReqWrap.onlookupall [as oncomplete] (node:dns:121:26) {
    errno: -3008,
    code: 'ENOTFOUND',
    syscall: 'getaddrinfo',
    hostname: 'secret-fox-493.convex.cloud'
  }
}
[triage] error TypeError: fetch failed
    at node:internal/deps/undici/undici:16416:13
    at process.processTicksAndRejections (node:internal/process/task_queues:104:5)
    at async ConvexHttpClient.queryInner (file:///Users/syphaoffice1/Mission-control-openclaw-25:02/Mission-control/node_modules/convex/dist/esm/browser/http_client.js:225:22)
    at async ConvexHttpClient.query (file:///Users/syphaoffice1/Mission-control-openclaw-25:02/Mission-control/node_modules/convex/dist/esm/browser/http_client.js:202:12)
    at async getAgentMap (file:///Users/syphaoffice1/Mission-control-openclaw-25:02/Mission-control/orchestrator/index.mjs:420:18)
    at async chiefTriageLoop (file:///Users/syphaoffice1/Mission-control-openclaw-25:02/Mission-control/orchestrator/index.mjs:612:22)
    at async Promise.allSettled (index 0)
    at async main (file:///Users/syphaoffice1/Mission-control-openclaw-25:02/Mission-control/orchestrator/index.mjs:1084:3) {
  [cause]: Error: getaddrinfo ENOTFOUND secret-fox-493.convex.cloud
      at GetAddrInfoReqWrap.onlookupall [as oncomplete] (node:dns:121:26) {
    errno: -3008,
    code: 'ENOTFOUND',
    syscall: 'getaddrinfo',
    hostname: 'secret-fox-493.convex.cloud'
  }
}
[triage] error TypeError: fetch failed
    at node:internal/deps/undici/undici:16416:13
    at process.processTicksAndRejections (node:internal/process/task_queues:104:5)
    at async ConvexHttpClient.queryInner (file:///Users/syphaoffice1/Mission-control-openclaw-25:02/Mission-control/node_modules/convex/dist/esm/browser/http_client.js:225:22)
    at async ConvexHttpClient.query (file:///Users/syphaoffice1/Mission-control-openclaw-25:02/Mission-control/node_modules/convex/dist/esm/browser/http_client.js:202:12)
    at async getAgentMap (file:///Users/syphaoffice1/Mission-control-openclaw-25:02/Mission-control/orchestrator/index.mjs:420:18)
    at async chiefTriageLoop (file:///Users/syphaoffice1/Mission-control-openclaw-25:02/Mission-control/orchestrator/index.mjs:612:22)
    at async Promise.allSettled (index 0)
    at async main (file:///Users/syphaoffice1/Mission-control-openclaw-25:02/Mission-control/orchestrator/index.mjs:1084:3) {
  [cause]: Error: getaddrinfo ENOTFOUND secret-fox-493.convex.cloud
      at GetAddrInfoReqWrap.onlookupall [as oncomplete] (node:dns:121:26) {
    errno: -3008,
    code: 'ENOTFOUND',
    syscall: 'getaddrinfo',
    hostname: 'secret-fox-493.convex.cloud'
  }
}
[triage] error TypeError: fetch failed
    at node:internal/deps/undici/undici:16416:13
    at process.processTicksAndRejections (node:internal/process/task_queues:104:5)
    at async ConvexHttpClient.queryInner (file:///Users/syphaoffice1/Mission-control-openclaw-25:02/Mission-control/node_modules/convex/dist/esm/browser/http_client.js:225:22)
    at async ConvexHttpClient.query (file:///Users/syphaoffice1/Mission-control-openclaw-25:02/Mission-control/node_modules/convex/dist/esm/browser/http_client.js:202:12)
    at async getAgentMap (file:///Users/syphaoffice1/Mission-control-openclaw-25:02/Mission-control/orchestrator/index.mjs:420:18)
    at async chiefTriageLoop (file:///Users/syphaoffice1/Mission-control-openclaw-25:02/Mission-control/orchestrator/index.mjs:612:22)
    at async Promise.allSettled (index 0)
    at async main (file:///Users/syphaoffice1/Mission-control-openclaw-25:02/Mission-control/orchestrator/index.mjs:1084:3) {
  [cause]: Error: getaddrinfo ENOTFOUND secret-fox-493.convex.cloud
      at GetAddrInfoReqWrap.onlookupall [as oncomplete] (node:dns:121:26) {
    errno: -3008,
    code: 'ENOTFOUND',
    syscall: 'getaddrinfo',
    hostname: 'secret-fox-493.convex.cloud'
  }
}
[triage] error TypeError: fetch failed
    at node:internal/deps/undici/undici:16416:13
    at process.processTicksAndRejections (node:internal/process/task_queues:104:5)
    at async ConvexHttpClient.queryInner (file:///Users/syphaoffice1/Mission-control-openclaw-25:02/Mission-control/node_modules/convex/dist/esm/browser/http_client.js:225:22)
    at async ConvexHttpClient.query (file:///Users/syphaoffice1/Mission-control-openclaw-25:02/Mission-control/node_modules/convex/dist/esm/browser/http_client.js:202:12)
    at async getAgentMap (file:///Users/syphaoffice1/Mission-control-openclaw-25:02/Mission-control/orchestrator/index.mjs:420:18)
    at async chiefTriageLoop (file:///Users/syphaoffice1/Mission-control-openclaw-25:02/Mission-control/orchestrator/index.mjs:612:22)
    at async Promise.allSettled (index 0)
    at async main (file:///Users/syphaoffice1/Mission-control-openclaw-25:02/Mission-control/orchestrator/index.mjs:1084:3) {
  [cause]: Error: getaddrinfo ENOTFOUND secret-fox-493.convex.cloud
      at GetAddrInfoReqWrap.onlookupall [as oncomplete] (node:dns:121:26) {
    errno: -3008,
    code: 'ENOTFOUND',
    syscall: 'getaddrinfo',
    hostname: 'secret-fox-493.convex.cloud'
  }
}
[triage] error TypeError: fetch failed
    at node:internal/deps/undici/undici:16416:13
    at process.processTicksAndRejections (node:internal/process/task_queues:104:5)
    at async ConvexHttpClient.queryInner (file:///Users/syphaoffice1/Mission-control-openclaw-25:02/Mission-control/node_modules/convex/dist/esm/browser/http_client.js:225:22)
    at async ConvexHttpClient.query (file:///Users/syphaoffice1/Mission-control-openclaw-25:02/Mission-control/node_modules/convex/dist/esm/browser/http_client.js:202:12)
    at async getAgentMap (file:///Users/syphaoffice1/Mission-control-openclaw-25:02/Mission-control/orchestrator/index.mjs:420:18)
    at async chiefTriageLoop (file:///Users/syphaoffice1/Mission-control-openclaw-25:02/Mission-control/orchestrator/index.mjs:612:22)
    at async Promise.allSettled (index 0)
    at async main (file:///Users/syphaoffice1/Mission-control-openclaw-25:02/Mission-control/orchestrator/index.mjs:1084:3) {
  [cause]: Error: getaddrinfo ENOTFOUND secret-fox-493.convex.cloud
      at GetAddrInfoReqWrap.onlookupall [as oncomplete] (node:dns:121:26) {
    errno: -3008,
    code: 'ENOTFOUND',
    syscall: 'getaddrinfo',
    hostname: 'secret-fox-493.convex.cloud'
  }
}
[triage] error TypeError: fetch failed
    at node:internal/deps/undici/undici:16416:13
    at process.processTicksAndRejections (node:internal/process/task_queues:104:5)
    at async ConvexHttpClient.queryInner (file:///Users/syphaoffice1/Mission-control-openclaw-25:02/Mission-control/node_modules/convex/dist/esm/browser/http_client.js:225:22)
    at async ConvexHttpClient.query (file:///Users/syphaoffice1/Mission-control-openclaw-25:02/Mission-control/node_modules/convex/dist/esm/browser/http_client.js:202:12)
    at async getAgentMap (file:///Users/syphaoffice1/Mission-control-openclaw-25:02/Mission-control/orchestrator/index.mjs:420:18)
    at async chiefTriageLoop (file:///Users/syphaoffice1/Mission-control-openclaw-25:02/Mission-control/orchestrator/index.mjs:612:22)
    at async Promise.allSettled (index 0)
    at async main (file:///Users/syphaoffice1/Mission-control-openclaw-25:02/Mission-control/orchestrator/index.mjs:1084:3) {
  [cause]: Error: getaddrinfo ENOTFOUND secret-fox-493.convex.cloud
      at GetAddrInfoReqWrap.onlookupall [as oncomplete] (node:dns:121:26) {
    errno: -3008,
    code: 'ENOTFOUND',
    syscall: 'getaddrinfo',
    hostname: 'secret-fox-493.convex.cloud'
  }
}
[triage] error TypeError: fetch failed
    at node:internal/deps/undici/undici:16416:13
    at process.processTicksAndRejections (node:internal/process/task_queues:104:5)
    at async ConvexHttpClient.queryInner (file:///Users/syphaoffice1/Mission-control-openclaw-25:02/Mission-control/node_modules/convex/dist/esm/browser/http_client.js:225:22)
    at async ConvexHttpClient.query (file:///Users/syphaoffice1/Mission-control-openclaw-25:02/Mission-control/node_modules/convex/dist/esm/browser/http_client.js:202:12)
    at async getAgentMap (file:///Users/syphaoffice1/Mission-control-openclaw-25:02/Mission-control/orchestrator/index.mjs:420:18)
    at async chiefTriageLoop (file:///Users/syphaoffice1/Mission-control-openclaw-25:02/Mission-control/orchestrator/index.mjs:612:22)
    at async Promise.allSettled (index 0)
    at async main (file:///Users/syphaoffice1/Mission-control-openclaw-25:02/Mission-control/orchestrator/index.mjs:1084:3) {
  [cause]: Error: getaddrinfo ENOTFOUND secret-fox-493.convex.cloud
      at GetAddrInfoReqWrap.onlookupall [as oncomplete] (node:dns:121:26) {
    errno: -3008,
    code: 'ENOTFOUND',
    syscall: 'getaddrinfo',
    hostname: 'secret-fox-493.convex.cloud'
  }
}
[triage] error TypeError: fetch failed
    at node:internal/deps/undici/undici:16416:13
    at process.processTicksAndRejections (node:internal/process/task_queues:104:5)
    at async ConvexHttpClient.queryInner (file:///Users/syphaoffice1/Mission-control-openclaw-25:02/Mission-control/node_modules/convex/dist/esm/browser/http_client.js:225:22)
    at async ConvexHttpClient.query (file:///Users/syphaoffice1/Mission-control-openclaw-25:02/Mission-control/node_modules/convex/dist/esm/browser/http_client.js:202:12)
    at async getAgentMap (file:///Users/syphaoffice1/Mission-control-openclaw-25:02/Mission-control/orchestrator/index.mjs:420:18)
    at async chiefTriageLoop (file:///Users/syphaoffice1/Mission-control-openclaw-25:02/Mission-control/orchestrator/index.mjs:612:22)
    at async Promise.allSettled (index 0)
    at async main (file:///Users/syphaoffice1/Mission-control-openclaw-25:02/Mission-control/orchestrator/index.mjs:1084:3) {
  [cause]: Error: getaddrinfo ENOTFOUND secret-fox-493.convex.cloud
      at GetAddrInfoReqWrap.onlookupall [as oncomplete] (node:dns:121:26) {
    errno: -3008,
    code: 'ENOTFOUND',
    syscall: 'getaddrinfo',
    hostname: 'secret-fox-493.convex.cloud'
  }
}
[triage] error TypeError: fetch failed
    at node:internal/deps/undici/undici:16416:13
    at process.processTicksAndRejections (node:internal/process/task_queues:104:5)
    at async ConvexHttpClient.queryInner (file:///Users/syphaoffice1/Mission-control-openclaw-25:02/Mission-control/node_modules/convex/dist/esm/browser/http_client.js:225:22)
    at async ConvexHttpClient.query (file:///Users/syphaoffice1/Mission-control-openclaw-25:02/Mission-control/node_modules/convex/dist/esm/browser/http_client.js:202:12)
    at async getAgentMap (file:///Users/syphaoffice1/Mission-control-openclaw-25:02/Mission-control/orchestrator/index.mjs:420:18)
    at async chiefTriageLoop (file:///Users/syphaoffice1/Mission-control-openclaw-25:02/Mission-control/orchestrator/index.mjs:612:22)
    at async Promise.allSettled (index 0)
    at async main (file:///Users/syphaoffice1/Mission-control-openclaw-25:02/Mission-control/orchestrator/index.mjs:1084:3) {
  [cause]: Error: getaddrinfo ENOTFOUND secret-fox-493.convex.cloud
      at GetAddrInfoReqWrap.onlookupall [as oncomplete] (node:dns:121:26) {
    errno: -3008,
    code: 'ENOTFOUND',
    syscall: 'getaddrinfo',
    hostname: 'secret-fox-493.convex.cloud'
  }
}
[triage] error TypeError: fetch failed
    at node:internal/deps/undici/undici:16416:13
    at process.processTicksAndRejections (node:internal/process/task_queues:104:5)
    at async ConvexHttpClient.queryInner (file:///Users/syphaoffice1/Mission-control-openclaw-25:02/Mission-control/node_modules/convex/dist/esm/browser/http_client.js:225:22)
    at async ConvexHttpClient.query (file:///Users/syphaoffice1/Mission-control-openclaw-25:02/Mission-control/node_modules/convex/dist/esm/browser/http_client.js:202:12)
    at async getAgentMap (file:///Users/syphaoffice1/Mission-control-openclaw-25:02/Mission-control/orchestrator/index.mjs:420:18)
    at async chiefTriageLoop (file:///Users/syphaoffice1/Mission-control-openclaw-25:02/Mission-control/orchestrator/index.mjs:612:22)
    at async Promise.allSettled (index 0)
    at async main (file:///Users/syphaoffice1/Mission-control-openclaw-25:02/Mission-control/orchestrator/index.mjs:1084:3) {
  [cause]: Error: getaddrinfo ENOTFOUND secret-fox-493.convex.cloud
      at GetAddrInfoReqWrap.onlookupall [as oncomplete] (node:dns:121:26) {
    errno: -3008,
    code: 'ENOTFOUND',
    syscall: 'getaddrinfo',
    hostname: 'secret-fox-493.convex.cloud'
  }
}
[triage] error TypeError: fetch failed
    at node:internal/deps/undici/undici:16416:13
    at process.processTicksAndRejections (node:internal/process/task_queues:104:5)
    at async ConvexHttpClient.queryInner (file:///Users/syphaoffice1/Mission-control-openclaw-25:02/Mission-control/node_modules/convex/dist/esm/browser/http_client.js:225:22)
    at async ConvexHttpClient.query (file:///Users/syphaoffice1/Mission-control-openclaw-25:02/Mission-control/node_modules/convex/dist/esm/browser/http_client.js:202:12)
    at async getAgentMap (file:///Users/syphaoffice1/Mission-control-openclaw-25:02/Mission-control/orchestrator/index.mjs:420:18)
    at async chiefTriageLoop (file:///Users/syphaoffice1/Mission-control-openclaw-25:02/Mission-control/orchestrator/index.mjs:612:22)
    at async Promise.allSettled (index 0)
    at async main (file:///Users/syphaoffice1/Mission-control-openclaw-25:02/Mission-control/orchestrator/index.mjs:1084:3) {
  [cause]: Error: getaddrinfo ENOTFOUND secret-fox-493.convex.cloud
      at GetAddrInfoReqWrap.onlookupall [as oncomplete] (node:dns:121:26) {
    errno: -3008,
    code: 'ENOTFOUND',
    syscall: 'getaddrinfo',
    hostname: 'secret-fox-493.convex.cloud'
  }
}
[triage] error TypeError: fetch failed
    at node:internal/deps/undici/undici:16416:13
    at process.processTicksAndRejections (node:internal/process/task_queues:104:5)
    at async ConvexHttpClient.queryInner (file:///Users/syphaoffice1/Mission-control-openclaw-25:02/Mission-control/node_modules/convex/dist/esm/browser/http_client.js:225:22)
    at async ConvexHttpClient.query (file:///Users/syphaoffice1/Mission-control-openclaw-25:02/Mission-control/node_modules/convex/dist/esm/browser/http_client.js:202:12)
    at async getAgentMap (file:///Users/syphaoffice1/Mission-control-openclaw-25:02/Mission-control/orchestrator/index.mjs:420:18)
    at async chiefTriageLoop (file:///Users/syphaoffice1/Mission-control-openclaw-25:02/Mission-control/orchestrator/index.mjs:612:22)
    at async Promise.allSettled (index 0)
    at async main (file:///Users/syphaoffice1/Mission-control-openclaw-25:02/Mission-control/orchestrator/index.mjs:1084:3) {
  [cause]: Error: getaddrinfo ENOTFOUND secret-fox-493.convex.cloud
      at GetAddrInfoReqWrap.onlookupall [as oncomplete] (node:dns:121:26) {
    errno: -3008,
    code: 'ENOTFOUND',
    syscall: 'getaddrinfo',
    hostname: 'secret-fox-493.convex.cloud'
  }
}
[triage] error TypeError: fetch failed
    at node:internal/deps/undici/undici:16416:13
    at process.processTicksAndRejections (node:internal/process/task_queues:104:5)
    at async ConvexHttpClient.queryInner (file:///Users/syphaoffice1/Mission-control-openclaw-25:02/Mission-control/node_modules/convex/dist/esm/browser/http_client.js:225:22)
    at async ConvexHttpClient.query (file:///Users/syphaoffice1/Mission-control-openclaw-25:02/Mission-control/node_modules/convex/dist/esm/browser/http_client.js:202:12)
    at async getAgentMap (file:///Users/syphaoffice1/Mission-control-openclaw-25:02/Mission-control/orchestrator/index.mjs:420:18)
    at async chiefTriageLoop (file:///Users/syphaoffice1/Mission-control-openclaw-25:02/Mission-control/orchestrator/index.mjs:612:22)
    at async Promise.allSettled (index 0)
    at async main (file:///Users/syphaoffice1/Mission-control-openclaw-25:02/Mission-control/orchestrator/index.mjs:1084:3) {
  [cause]: Error: getaddrinfo ENOTFOUND secret-fox-493.convex.cloud
      at GetAddrInfoReqWrap.onlookupall [as oncomplete] (node:dns:121:26) {
    errno: -3008,
    code: 'ENOTFOUND',
    syscall: 'getaddrinfo',
    hostname: 'secret-fox-493.convex.cloud'
  }
}
[triage] error TypeError: fetch failed
    at node:internal/deps/undici/undici:16416:13
    at process.processTicksAndRejections (node:internal/process/task_queues:104:5)
    at async ConvexHttpClient.queryInner (file:///Users/syphaoffice1/Mission-control-openclaw-25:02/Mission-control/node_modules/convex/dist/esm/browser/http_client.js:225:22)
    at async ConvexHttpClient.query (file:///Users/syphaoffice1/Mission-control-openclaw-25:02/Mission-control/node_modules/convex/dist/esm/browser/http_client.js:202:12)
    at async getAgentMap (file:///Users/syphaoffice1/Mission-control-openclaw-25:02/Mission-control/orchestrator/index.mjs:420:18)
    at async chiefTriageLoop (file:///Users/syphaoffice1/Mission-control-openclaw-25:02/Mission-control/orchestrator/index.mjs:612:22)
    at async Promise.allSettled (index 0)
    at async main (file:///Users/syphaoffice1/Mission-control-openclaw-25:02/Mission-control/orchestrator/index.mjs:1084:3) {
  [cause]: Error: getaddrinfo ENOTFOUND secret-fox-493.convex.cloud
      at GetAddrInfoReqWrap.onlookupall [as oncomplete] (node:dns:121:26) {
    errno: -3008,
    code: 'ENOTFOUND',
    syscall: 'getaddrinfo',
    hostname: 'secret-fox-493.convex.cloud'
  }
}
[triage] error TypeError: fetch failed
    at node:internal/deps/undici/undici:16416:13
    at process.processTicksAndRejections (node:internal/process/task_queues:104:5)
    at async ConvexHttpClient.queryInner (file:///Users/syphaoffice1/Mission-control-openclaw-25:02/Mission-control/node_modules/convex/dist/esm/browser/http_client.js:225:22)
    at async ConvexHttpClient.query (file:///Users/syphaoffice1/Mission-control-openclaw-25:02/Mission-control/node_modules/convex/dist/esm/browser/http_client.js:202:12)
    at async getAgentMap (file:///Users/syphaoffice1/Mission-control-openclaw-25:02/Mission-control/orchestrator/index.mjs:420:18)
    at async chiefTriageLoop (file:///Users/syphaoffice1/Mission-control-openclaw-25:02/Mission-control/orchestrator/index.mjs:612:22)
    at async Promise.allSettled (index 0)
    at async main (file:///Users/syphaoffice1/Mission-control-openclaw-25:02/Mission-control/orchestrator/index.mjs:1084:3) {
  [cause]: Error: getaddrinfo ENOTFOUND secret-fox-493.convex.cloud
      at GetAddrInfoReqWrap.onlookupall [as oncomplete] (node:dns:121:26) {
    errno: -3008,
    code: 'ENOTFOUND',
    syscall: 'getaddrinfo',
    hostname: 'secret-fox-493.convex.cloud'
  }
}
[triage] error TypeError: fetch failed
    at node:internal/deps/undici/undici:16416:13
    at process.processTicksAndRejections (node:internal/process/task_queues:104:5)
    at async ConvexHttpClient.queryInner (file:///Users/syphaoffice1/Mission-control-openclaw-25:02/Mission-control/node_modules/convex/dist/esm/browser/http_client.js:225:22)
    at async ConvexHttpClient.query (file:///Users/syphaoffice1/Mission-control-openclaw-25:02/Mission-control/node_modules/convex/dist/esm/browser/http_client.js:202:12)
    at async getAgentMap (file:///Users/syphaoffice1/Mission-control-openclaw-25:02/Mission-control/orchestrator/index.mjs:420:18)
    at async chiefTriageLoop (file:///Users/syphaoffice1/Mission-control-openclaw-25:02/Mission-control/orchestrator/index.mjs:612:22)
    at async Promise.allSettled (index 0)
    at async main (file:///Users/syphaoffice1/Mission-control-openclaw-25:02/Mission-control/orchestrator/index.mjs:1084:3) {
  [cause]: Error: getaddrinfo ENOTFOUND secret-fox-493.convex.cloud
      at GetAddrInfoReqWrap.onlookupall [as oncomplete] (node:dns:121:26) {
    errno: -3008,
    code: 'ENOTFOUND',
    syscall: 'getaddrinfo',
    hostname: 'secret-fox-493.convex.cloud'
  }
}
[triage] error TypeError: fetch failed
    at node:internal/deps/undici/undici:16416:13
    at process.processTicksAndRejections (node:internal/process/task_queues:104:5)
    at async ConvexHttpClient.queryInner (file:///Users/syphaoffice1/Mission-control-openclaw-25:02/Mission-control/node_modules/convex/dist/esm/browser/http_client.js:225:22)
    at async ConvexHttpClient.query (file:///Users/syphaoffice1/Mission-control-openclaw-25:02/Mission-control/node_modules/convex/dist/esm/browser/http_client.js:202:12)
    at async getAgentMap (file:///Users/syphaoffice1/Mission-control-openclaw-25:02/Mission-control/orchestrator/index.mjs:420:18)
    at async chiefTriageLoop (file:///Users/syphaoffice1/Mission-control-openclaw-25:02/Mission-control/orchestrator/index.mjs:612:22)
    at async Promise.allSettled (index 0)
    at async main (file:///Users/syphaoffice1/Mission-control-openclaw-25:02/Mission-control/orchestrator/index.mjs:1084:3) {
  [cause]: Error: getaddrinfo ENOTFOUND secret-fox-493.convex.cloud
      at GetAddrInfoReqWrap.onlookupall [as oncomplete] (node:dns:121:26) {
    errno: -3008,
    code: 'ENOTFOUND',
    syscall: 'getaddrinfo',
    hostname: 'secret-fox-493.convex.cloud'
  }
}
[triage] error TypeError: fetch failed
    at node:internal/deps/undici/undici:16416:13
    at process.processTicksAndRejections (node:internal/process/task_queues:104:5)
    at async ConvexHttpClient.queryInner (file:///Users/syphaoffice1/Mission-control-openclaw-25:02/Mission-control/node_modules/convex/dist/esm/browser/http_client.js:225:22)
    at async ConvexHttpClient.query (file:///Users/syphaoffice1/Mission-control-openclaw-25:02/Mission-control/node_modules/convex/dist/esm/browser/http_client.js:202:12)
    at async getAgentMap (file:///Users/syphaoffice1/Mission-control-openclaw-25:02/Mission-control/orchestrator/index.mjs:420:18)
    at async chiefTriageLoop (file:///Users/syphaoffice1/Mission-control-openclaw-25:02/Mission-control/orchestrator/index.mjs:612:22)
    at async Promise.allSettled (index 0)
    at async main (file:///Users/syphaoffice1/Mission-control-openclaw-25:02/Mission-control/orchestrator/index.mjs:1084:3) {
  [cause]: Error: getaddrinfo ENOTFOUND secret-fox-493.convex.cloud
      at GetAddrInfoReqWrap.onlookupall [as oncomplete] (node:dns:121:26) {
    errno: -3008,
    code: 'ENOTFOUND',
    syscall: 'getaddrinfo',
    hostname: 'secret-fox-493.convex.cloud'
  }
}
[triage] error TypeError: fetch failed
    at node:internal/deps/undici/undici:16416:13
    at process.processTicksAndRejections (node:internal/process/task_queues:104:5)
    at async ConvexHttpClient.queryInner (file:///Users/syphaoffice1/Mission-control-openclaw-25:02/Mission-control/node_modules/convex/dist/esm/browser/http_client.js:225:22)
    at async ConvexHttpClient.query (file:///Users/syphaoffice1/Mission-control-openclaw-25:02/Mission-control/node_modules/convex/dist/esm/browser/http_client.js:202:12)
    at async getAgentMap (file:///Users/syphaoffice1/Mission-control-openclaw-25:02/Mission-control/orchestrator/index.mjs:420:18)
    at async chiefTriageLoop (file:///Users/syphaoffice1/Mission-control-openclaw-25:02/Mission-control/orchestrator/index.mjs:612:22)
    at async Promise.allSettled (index 0)
    at async main (file:///Users/syphaoffice1/Mission-control-openclaw-25:02/Mission-control/orchestrator/index.mjs:1084:3) {
  [cause]: Error: getaddrinfo ENOTFOUND secret-fox-493.convex.cloud
      at GetAddrInfoReqWrap.onlookupall [as oncomplete] (node:dns:121:26) {
    errno: -3008,
    code: 'ENOTFOUND',
    syscall: 'getaddrinfo',
    hostname: 'secret-fox-493.convex.cloud'
  }
}
[triage] error TypeError: fetch failed
    at node:internal/deps/undici/undici:16416:13
    at process.processTicksAndRejections (node:internal/process/task_queues:104:5)
    at async ConvexHttpClient.queryInner (file:///Users/syphaoffice1/Mission-control-openclaw-25:02/Mission-control/node_modules/convex/dist/esm/browser/http_client.js:225:22)
    at async ConvexHttpClient.query (file:///Users/syphaoffice1/Mission-control-openclaw-25:02/Mission-control/node_modules/convex/dist/esm/browser/http_client.js:202:12)
    at async getAgentMap (file:///Users/syphaoffice1/Mission-control-openclaw-25:02/Mission-control/orchestrator/index.mjs:420:18)
    at async chiefTriageLoop (file:///Users/syphaoffice1/Mission-control-openclaw-25:02/Mission-control/orchestrator/index.mjs:612:22)
    at async Promise.allSettled (index 0)
    at async main (file:///Users/syphaoffice1/Mission-control-openclaw-25:02/Mission-control/orchestrator/index.mjs:1084:3) {
  [cause]: Error: getaddrinfo ENOTFOUND secret-fox-493.convex.cloud
      at GetAddrInfoReqWrap.onlookupall [as oncomplete] (node:dns:121:26) {
    errno: -3008,
    code: 'ENOTFOUND',
    syscall: 'getaddrinfo',
    hostname: 'secret-fox-493.convex.cloud'
  }
}
[triage] error TypeError: fetch failed
    at node:internal/deps/undici/undici:16416:13
    at process.processTicksAndRejections (node:internal/process/task_queues:104:5)
    at async ConvexHttpClient.queryInner (file:///Users/syphaoffice1/Mission-control-openclaw-25:02/Mission-control/node_modules/convex/dist/esm/browser/http_client.js:225:22)
    at async ConvexHttpClient.query (file:///Users/syphaoffice1/Mission-control-openclaw-25:02/Mission-control/node_modules/convex/dist/esm/browser/http_client.js:202:12)
    at async getAgentMap (file:///Users/syphaoffice1/Mission-control-openclaw-25:02/Mission-control/orchestrator/index.mjs:420:18)
    at async chiefTriageLoop (file:///Users/syphaoffice1/Mission-control-openclaw-25:02/Mission-control/orchestrator/index.mjs:612:22)
    at async Promise.allSettled (index 0)
    at async main (file:///Users/syphaoffice1/Mission-control-openclaw-25:02/Mission-control/orchestrator/index.mjs:1084:3) {
  [cause]: Error: getaddrinfo ENOTFOUND secret-fox-493.convex.cloud
      at GetAddrInfoReqWrap.onlookupall [as oncomplete] (node:dns:121:26) {
    errno: -3008,
    code: 'ENOTFOUND',
    syscall: 'getaddrinfo',
    hostname: 'secret-fox-493.convex.cloud'
  }
}
[triage] error TypeError: fetch failed
    at node:internal/deps/undici/undici:16416:13
    at process.processTicksAndRejections (node:internal/process/task_queues:104:5)
    at async ConvexHttpClient.queryInner (file:///Users/syphaoffice1/Mission-control-openclaw-25:02/Mission-control/node_modules/convex/dist/esm/browser/http_client.js:225:22)
    at async ConvexHttpClient.query (file:///Users/syphaoffice1/Mission-control-openclaw-25:02/Mission-control/node_modules/convex/dist/esm/browser/http_client.js:202:12)
    at async getAgentMap (file:///Users/syphaoffice1/Mission-control-openclaw-25:02/Mission-control/orchestrator/index.mjs:420:18)
    at async chiefTriageLoop (file:///Users/syphaoffice1/Mission-control-openclaw-25:02/Mission-control/orchestrator/index.mjs:612:22)
    at async Promise.allSettled (index 0)
    at async main (file:///Users/syphaoffice1/Mission-control-openclaw-25:02/Mission-control/orchestrator/index.mjs:1084:3) {
  [cause]: Error: getaddrinfo ENOTFOUND secret-fox-493.convex.cloud
      at GetAddrInfoReqWrap.onlookupall [as oncomplete] (node:dns:121:26) {
    errno: -3008,
    code: 'ENOTFOUND',
    syscall: 'getaddrinfo',
    hostname: 'secret-fox-493.convex.cloud'
  }
}
[triage] error TypeError: fetch failed
    at node:internal/deps/undici/undici:16416:13
    at process.processTicksAndRejections (node:internal/process/task_queues:104:5)
    at async ConvexHttpClient.queryInner (file:///Users/syphaoffice1/Mission-control-openclaw-25:02/Mission-control/node_modules/convex/dist/esm/browser/http_client.js:225:22)
    at async ConvexHttpClient.query (file:///Users/syphaoffice1/Mission-control-openclaw-25:02/Mission-control/node_modules/convex/dist/esm/browser/http_client.js:202:12)
    at async getAgentMap (file:///Users/syphaoffice1/Mission-control-openclaw-25:02/Mission-control/orchestrator/index.mjs:420:18)
    at async chiefTriageLoop (file:///Users/syphaoffice1/Mission-control-openclaw-25:02/Mission-control/orchestrator/index.mjs:612:22)
    at async Promise.allSettled (index 0)
    at async main (file:///Users/syphaoffice1/Mission-control-openclaw-25:02/Mission-control/orchestrator/index.mjs:1084:3) {
  [cause]: Error: getaddrinfo ENOTFOUND secret-fox-493.convex.cloud
      at GetAddrInfoReqWrap.onlookupall [as oncomplete] (node:dns:121:26) {
    errno: -3008,
    code: 'ENOTFOUND',
    syscall: 'getaddrinfo',
    hostname: 'secret-fox-493.convex.cloud'
  }
}
[triage] error TypeError: fetch failed
    at node:internal/deps/undici/undici:16416:13
    at process.processTicksAndRejections (node:internal/process/task_queues:104:5)
    at async ConvexHttpClient.queryInner (file:///Users/syphaoffice1/Mission-control-openclaw-25:02/Mission-control/node_modules/convex/dist/esm/browser/http_client.js:225:22)
    at async ConvexHttpClient.query (file:///Users/syphaoffice1/Mission-control-openclaw-25:02/Mission-control/node_modules/convex/dist/esm/browser/http_client.js:202:12)
    at async getAgentMap (file:///Users/syphaoffice1/Mission-control-openclaw-25:02/Mission-control/orchestrator/index.mjs:420:18)
    at async chiefTriageLoop (file:///Users/syphaoffice1/Mission-control-openclaw-25:02/Mission-control/orchestrator/index.mjs:612:22)
    at async Promise.allSettled (index 0)
    at async main (file:///Users/syphaoffice1/Mission-control-openclaw-25:02/Mission-control/orchestrator/index.mjs:1084:3) {
  [cause]: Error: getaddrinfo ENOTFOUND secret-fox-493.convex.cloud
      at GetAddrInfoReqWrap.onlookupall [as oncomplete] (node:dns:121:26) {
    errno: -3008,
    code: 'ENOTFOUND',
    syscall: 'getaddrinfo',
    hostname: 'secret-fox-493.convex.cloud'
  }
}
[triage] error TypeError: fetch failed
    at node:internal/deps/undici/undici:16416:13
    at process.processTicksAndRejections (node:internal/process/task_queues:104:5)
    at async ConvexHttpClient.queryInner (file:///Users/syphaoffice1/Mission-control-openclaw-25:02/Mission-control/node_modules/convex/dist/esm/browser/http_client.js:225:22)
    at async ConvexHttpClient.query (file:///Users/syphaoffice1/Mission-control-openclaw-25:02/Mission-control/node_modules/convex/dist/esm/browser/http_client.js:202:12)
    at async getAgentMap (file:///Users/syphaoffice1/Mission-control-openclaw-25:02/Mission-control/orchestrator/index.mjs:420:18)
    at async chiefTriageLoop (file:///Users/syphaoffice1/Mission-control-openclaw-25:02/Mission-control/orchestrator/index.mjs:612:22)
    at async Promise.allSettled (index 0)
    at async main (file:///Users/syphaoffice1/Mission-control-openclaw-25:02/Mission-control/orchestrator/index.mjs:1084:3) {
  [cause]: Error: getaddrinfo ENOTFOUND secret-fox-493.convex.cloud
      at GetAddrInfoReqWrap.onlookupall [as oncomplete] (node:dns:121:26) {
    errno: -3008,
    code: 'ENOTFOUND',
    syscall: 'getaddrinfo',
    hostname: 'secret-fox-493.convex.cloud'
  }
}
[triage] error TypeError: fetch failed
    at node:internal/deps/undici/undici:16416:13
    at process.processTicksAndRejections (node:internal/process/task_queues:104:5)
    at async ConvexHttpClient.queryInner (file:///Users/syphaoffice1/Mission-control-openclaw-25:02/Mission-control/node_modules/convex/dist/esm/browser/http_client.js:225:22)
    at async ConvexHttpClient.query (file:///Users/syphaoffice1/Mission-control-openclaw-25:02/Mission-control/node_modules/convex/dist/esm/browser/http_client.js:202:12)
    at async getAgentMap (file:///Users/syphaoffice1/Mission-control-openclaw-25:02/Mission-control/orchestrator/index.mjs:420:18)
    at async chiefTriageLoop (file:///Users/syphaoffice1/Mission-control-openclaw-25:02/Mission-control/orchestrator/index.mjs:612:22)
    at async Promise.allSettled (index 0)
    at async main (file:///Users/syphaoffice1/Mission-control-openclaw-25:02/Mission-control/orchestrator/index.mjs:1084:3) {
  [cause]: Error: getaddrinfo ENOTFOUND secret-fox-493.convex.cloud
      at GetAddrInfoReqWrap.onlookupall [as oncomplete] (node:dns:121:26) {
    errno: -3008,
    code: 'ENOTFOUND',
    syscall: 'getaddrinfo',
    hostname: 'secret-fox-493.convex.cloud'
  }
}
[triage] error TypeError: fetch failed
    at node:internal/deps/undici/undici:16416:13
    at process.processTicksAndRejections (node:internal/process/task_queues:104:5)
    at async ConvexHttpClient.queryInner (file:///Users/syphaoffice1/Mission-control-openclaw-25:02/Mission-control/node_modules/convex/dist/esm/browser/http_client.js:225:22)
    at async ConvexHttpClient.query (file:///Users/syphaoffice1/Mission-control-openclaw-25:02/Mission-control/node_modules/convex/dist/esm/browser/http_client.js:202:12)
    at async getAgentMap (file:///Users/syphaoffice1/Mission-control-openclaw-25:02/Mission-control/orchestrator/index.mjs:420:18)
    at async chiefTriageLoop (file:///Users/syphaoffice1/Mission-control-openclaw-25:02/Mission-control/orchestrator/index.mjs:612:22)
    at async Promise.allSettled (index 0)
    at async main (file:///Users/syphaoffice1/Mission-control-openclaw-25:02/Mission-control/orchestrator/index.mjs:1084:3) {
  [cause]: Error: getaddrinfo ENOTFOUND secret-fox-493.convex.cloud
      at GetAddrInfoReqWrap.onlookupall [as oncomplete] (node:dns:121:26) {
    errno: -3008,
    code: 'ENOTFOUND',
    syscall: 'getaddrinfo',
    hostname: 'secret-fox-493.convex.cloud'
  }
}
[triage] error TypeError: fetch failed
    at node:internal/deps/undici/undici:16416:13
    at process.processTicksAndRejections (node:internal/process/task_queues:104:5)
    at async ConvexHttpClient.queryInner (file:///Users/syphaoffice1/Mission-control-openclaw-25:02/Mission-control/node_modules/convex/dist/esm/browser/http_client.js:225:22)
    at async ConvexHttpClient.query (file:///Users/syphaoffice1/Mission-control-openclaw-25:02/Mission-control/node_modules/convex/dist/esm/browser/http_client.js:202:12)
    at async getAgentMap (file:///Users/syphaoffice1/Mission-control-openclaw-25:02/Mission-control/orchestrator/index.mjs:420:18)
    at async chiefTriageLoop (file:///Users/syphaoffice1/Mission-control-openclaw-25:02/Mission-control/orchestrator/index.mjs:612:22)
    at async Promise.allSettled (index 0)
    at async main (file:///Users/syphaoffice1/Mission-control-openclaw-25:02/Mission-control/orchestrator/index.mjs:1084:3) {
  [cause]: Error: getaddrinfo ENOTFOUND secret-fox-493.convex.cloud
      at GetAddrInfoReqWrap.onlookupall [as oncomplete] (node:dns:121:26) {
    errno: -3008,
    code: 'ENOTFOUND',
    syscall: 'getaddrinfo',
    hostname: 'secret-fox-493.convex.cloud'
  }
}
[triage] error TypeError: fetch failed
    at node:internal/deps/undici/undici:16416:13
    at process.processTicksAndRejections (node:internal/process/task_queues:104:5)
    at async ConvexHttpClient.queryInner (file:///Users/syphaoffice1/Mission-control-openclaw-25:02/Mission-control/node_modules/convex/dist/esm/browser/http_client.js:225:22)
    at async ConvexHttpClient.query (file:///Users/syphaoffice1/Mission-control-openclaw-25:02/Mission-control/node_modules/convex/dist/esm/browser/http_client.js:202:12)
    at async getAgentMap (file:///Users/syphaoffice1/Mission-control-openclaw-25:02/Mission-control/orchestrator/index.mjs:420:18)
    at async chiefTriageLoop (file:///Users/syphaoffice1/Mission-control-openclaw-25:02/Mission-control/orchestrator/index.mjs:612:22)
    at async Promise.allSettled (index 0)
    at async main (file:///Users/syphaoffice1/Mission-control-openclaw-25:02/Mission-control/orchestrator/index.mjs:1084:3) {
  [cause]: Error: getaddrinfo ENOTFOUND secret-fox-493.convex.cloud
      at GetAddrInfoReqWrap.onlookupall [as oncomplete] (node:dns:121:26) {
    errno: -3008,
    code: 'ENOTFOUND',
    syscall: 'getaddrinfo',
    hostname: 'secret-fox-493.convex.cloud'
  }
}
[triage] error TypeError: fetch failed
    at node:internal/deps/undici/undici:16416:13
    at process.processTicksAndRejections (node:internal/process/task_queues:104:5)
    at async ConvexHttpClient.queryInner (file:///Users/syphaoffice1/Mission-control-openclaw-25:02/Mission-control/node_modules/convex/dist/esm/browser/http_client.js:225:22)
    at async ConvexHttpClient.query (file:///Users/syphaoffice1/Mission-control-openclaw-25:02/Mission-control/node_modules/convex/dist/esm/browser/http_client.js:202:12)
    at async getAgentMap (file:///Users/syphaoffice1/Mission-control-openclaw-25:02/Mission-control/orchestrator/index.mjs:420:18)
    at async chiefTriageLoop (file:///Users/syphaoffice1/Mission-control-openclaw-25:02/Mission-control/orchestrator/index.mjs:612:22)
    at async Promise.allSettled (index 0)
    at async main (file:///Users/syphaoffice1/Mission-control-openclaw-25:02/Mission-control/orchestrator/index.mjs:1084:3) {
  [cause]: Error: getaddrinfo ENOTFOUND secret-fox-493.convex.cloud
      at GetAddrInfoReqWrap.onlookupall [as oncomplete] (node:dns:121:26) {
    errno: -3008,
    code: 'ENOTFOUND',
    syscall: 'getaddrinfo',
    hostname: 'secret-fox-493.convex.cloud'
  }
}
[triage] error TypeError: fetch failed
    at node:internal/deps/undici/undici:16416:13
    at process.processTicksAndRejections (node:internal/process/task_queues:104:5)
    at async ConvexHttpClient.queryInner (file:///Users/syphaoffice1/Mission-control-openclaw-25:02/Mission-control/node_modules/convex/dist/esm/browser/http_client.js:225:22)
    at async ConvexHttpClient.query (file:///Users/syphaoffice1/Mission-control-openclaw-25:02/Mission-control/node_modules/convex/dist/esm/browser/http_client.js:202:12)
    at async getAgentMap (file:///Users/syphaoffice1/Mission-control-openclaw-25:02/Mission-control/orchestrator/index.mjs:420:18)
    at async chiefTriageLoop (file:///Users/syphaoffice1/Mission-control-openclaw-25:02/Mission-control/orchestrator/index.mjs:612:22)
    at async Promise.allSettled (index 0)
    at async main (file:///Users/syphaoffice1/Mission-control-openclaw-25:02/Mission-control/orchestrator/index.mjs:1084:3) {
  [cause]: Error: getaddrinfo ENOTFOUND secret-fox-493.convex.cloud
      at GetAddrInfoReqWrap.onlookupall [as oncomplete] (node:dns:121:26) {
    errno: -3008,
    code: 'ENOTFOUND',
    syscall: 'getaddrinfo',
    hostname: 'secret-fox-493.convex.cloud'
  }
}
[triage] error TypeError: fetch failed
    at node:internal/deps/undici/undici:16416:13
    at process.processTicksAndRejections (node:internal/process/task_queues:104:5)
    at async ConvexHttpClient.queryInner (file:///Users/syphaoffice1/Mission-control-openclaw-25:02/Mission-control/node_modules/convex/dist/esm/browser/http_client.js:225:22)
    at async ConvexHttpClient.query (file:///Users/syphaoffice1/Mission-control-openclaw-25:02/Mission-control/node_modules/convex/dist/esm/browser/http_client.js:202:12)
    at async getAgentMap (file:///Users/syphaoffice1/Mission-control-openclaw-25:02/Mission-control/orchestrator/index.mjs:420:18)
    at async chiefTriageLoop (file:///Users/syphaoffice1/Mission-control-openclaw-25:02/Mission-control/orchestrator/index.mjs:612:22)
    at async Promise.allSettled (index 0)
    at async main (file:///Users/syphaoffice1/Mission-control-openclaw-25:02/Mission-control/orchestrator/index.mjs:1084:3) {
  [cause]: Error: getaddrinfo ENOTFOUND secret-fox-493.convex.cloud
      at GetAddrInfoReqWrap.onlookupall [as oncomplete] (node:dns:121:26) {
    errno: -3008,
    code: 'ENOTFOUND',
    syscall: 'getaddrinfo',
    hostname: 'secret-fox-493.convex.cloud'
  }
}
[triage] error TypeError: fetch failed
    at node:internal/deps/undici/undici:16416:13
    at process.processTicksAndRejections (node:internal/process/task_queues:104:5)
    at async ConvexHttpClient.queryInner (file:///Users/syphaoffice1/Mission-control-openclaw-25:02/Mission-control/node_modules/convex/dist/esm/browser/http_client.js:225:22)
    at async ConvexHttpClient.query (file:///Users/syphaoffice1/Mission-control-openclaw-25:02/Mission-control/node_modules/convex/dist/esm/browser/http_client.js:202:12)
    at async getAgentMap (file:///Users/syphaoffice1/Mission-control-openclaw-25:02/Mission-control/orchestrator/index.mjs:420:18)
    at async chiefTriageLoop (file:///Users/syphaoffice1/Mission-control-openclaw-25:02/Mission-control/orchestrator/index.mjs:612:22)
    at async Promise.allSettled (index 0)
    at async main (file:///Users/syphaoffice1/Mission-control-openclaw-25:02/Mission-control/orchestrator/index.mjs:1084:3) {
  [cause]: Error: getaddrinfo ENOTFOUND secret-fox-493.convex.cloud
      at GetAddrInfoReqWrap.onlookupall [as oncomplete] (node:dns:121:26) {
    errno: -3008,
    code: 'ENOTFOUND',
    syscall: 'getaddrinfo',
    hostname: 'secret-fox-493.convex.cloud'
  }
}
[watchdog] error TypeError: fetch failed
    at node:internal/deps/undici/undici:16416:13
    at process.processTicksAndRejections (node:internal/process/task_queues:104:5)
    at async ConvexHttpClient.queryInner (file:///Users/syphaoffice1/Mission-control-openclaw-25:02/Mission-control/node_modules/convex/dist/esm/browser/http_client.js:225:22)
    at async ConvexHttpClient.query (file:///Users/syphaoffice1/Mission-control-openclaw-25:02/Mission-control/node_modules/convex/dist/esm/browser/http_client.js:202:12)
    at async getAgentMap (file:///Users/syphaoffice1/Mission-control-openclaw-25:02/Mission-control/orchestrator/index.mjs:420:18)
    at async chiefWatchdogLoop (file:///Users/syphaoffice1/Mission-control-openclaw-25:02/Mission-control/orchestrator/index.mjs:860:22)
    at async Promise.allSettled (index 1)
    at async main (file:///Users/syphaoffice1/Mission-control-openclaw-25:02/Mission-control/orchestrator/index.mjs:1084:3) {
  [cause]: Error: getaddrinfo ENOTFOUND secret-fox-493.convex.cloud
      at GetAddrInfoReqWrap.onlookupall [as oncomplete] (node:dns:121:26) {
    errno: -3008,
    code: 'ENOTFOUND',
    syscall: 'getaddrinfo',
    hostname: 'secret-fox-493.convex.cloud'
  }
}
[triage] error TypeError: fetch failed
    at node:internal/deps/undici/undici:16416:13
    at process.processTicksAndRejections (node:internal/process/task_queues:104:5)
    at async ConvexHttpClient.queryInner (file:///Users/syphaoffice1/Mission-control-openclaw-25:02/Mission-control/node_modules/convex/dist/esm/browser/http_client.js:225:22)
    at async ConvexHttpClient.query (file:///Users/syphaoffice1/Mission-control-openclaw-25:02/Mission-control/node_modules/convex/dist/esm/browser/http_client.js:202:12)
    at async getAgentMap (file:///Users/syphaoffice1/Mission-control-openclaw-25:02/Mission-control/orchestrator/index.mjs:420:18)
    at async chiefTriageLoop (file:///Users/syphaoffice1/Mission-control-openclaw-25:02/Mission-control/orchestrator/index.mjs:612:22)
    at async Promise.allSettled (index 0)
    at async main (file:///Users/syphaoffice1/Mission-control-openclaw-25:02/Mission-control/orchestrator/index.mjs:1084:3) {
  [cause]: Error: getaddrinfo ENOTFOUND secret-fox-493.convex.cloud
      at GetAddrInfoReqWrap.onlookupall [as oncomplete] (node:dns:121:26) {
    errno: -3008,
    code: 'ENOTFOUND',
    syscall: 'getaddrinfo',
    hostname: 'secret-fox-493.convex.cloud'
  }
}
[triage] error TypeError: fetch failed
    at node:internal/deps/undici/undici:16416:13
    at process.processTicksAndRejections (node:internal/process/task_queues:104:5)
    at async ConvexHttpClient.queryInner (file:///Users/syphaoffice1/Mission-control-openclaw-25:02/Mission-control/node_modules/convex/dist/esm/browser/http_client.js:225:22)
    at async ConvexHttpClient.query (file:///Users/syphaoffice1/Mission-control-openclaw-25:02/Mission-control/node_modules/convex/dist/esm/browser/http_client.js:202:12)
    at async getAgentMap (file:///Users/syphaoffice1/Mission-control-openclaw-25:02/Mission-control/orchestrator/index.mjs:420:18)
    at async chiefTriageLoop (file:///Users/syphaoffice1/Mission-control-openclaw-25:02/Mission-control/orchestrator/index.mjs:612:22)
    at async Promise.allSettled (index 0)
    at async main (file:///Users/syphaoffice1/Mission-control-openclaw-25:02/Mission-control/orchestrator/index.mjs:1084:3) {
  [cause]: Error: getaddrinfo ENOTFOUND secret-fox-493.convex.cloud
      at GetAddrInfoReqWrap.onlookupall [as oncomplete] (node:dns:121:26) {
    errno: -3008,
    code: 'ENOTFOUND',
    syscall: 'getaddrinfo',
    hostname: 'secret-fox-493.convex.cloud'
  }
}
[triage] error TypeError: fetch failed
    at node:internal/deps/undici/undici:16416:13
    at process.processTicksAndRejections (node:internal/process/task_queues:104:5)
    at async ConvexHttpClient.queryInner (file:///Users/syphaoffice1/Mission-control-openclaw-25:02/Mission-control/node_modules/convex/dist/esm/browser/http_client.js:225:22)
    at async ConvexHttpClient.query (file:///Users/syphaoffice1/Mission-control-openclaw-25:02/Mission-control/node_modules/convex/dist/esm/browser/http_client.js:202:12)
    at async getAgentMap (file:///Users/syphaoffice1/Mission-control-openclaw-25:02/Mission-control/orchestrator/index.mjs:420:18)
    at async chiefTriageLoop (file:///Users/syphaoffice1/Mission-control-openclaw-25:02/Mission-control/orchestrator/index.mjs:612:22)
    at async Promise.allSettled (index 0)
    at async main (file:///Users/syphaoffice1/Mission-control-openclaw-25:02/Mission-control/orchestrator/index.mjs:1084:3) {
  [cause]: Error: getaddrinfo ENOTFOUND secret-fox-493.convex.cloud
      at GetAddrInfoReqWrap.onlookupall [as oncomplete] (node:dns:121:26) {
    errno: -3008,
    code: 'ENOTFOUND',
    syscall: 'getaddrinfo',
    hostname: 'secret-fox-493.convex.cloud'
  }
}
[triage] error TypeError: fetch failed
    at node:internal/deps/undici/undici:16416:13
    at process.processTicksAndRejections (node:internal/process/task_queues:104:5)
    at async ConvexHttpClient.queryInner (file:///Users/syphaoffice1/Mission-control-openclaw-25:02/Mission-control/node_modules/convex/dist/esm/browser/http_client.js:225:22)
    at async ConvexHttpClient.query (file:///Users/syphaoffice1/Mission-control-openclaw-25:02/Mission-control/node_modules/convex/dist/esm/browser/http_client.js:202:12)
    at async getAgentMap (file:///Users/syphaoffice1/Mission-control-openclaw-25:02/Mission-control/orchestrator/index.mjs:420:18)
    at async chiefTriageLoop (file:///Users/syphaoffice1/Mission-control-openclaw-25:02/Mission-control/orchestrator/index.mjs:612:22)
    at async Promise.allSettled (index 0)
    at async main (file:///Users/syphaoffice1/Mission-control-openclaw-25:02/Mission-control/orchestrator/index.mjs:1084:3) {
  [cause]: Error: getaddrinfo ENOTFOUND secret-fox-493.convex.cloud
      at GetAddrInfoReqWrap.onlookupall [as oncomplete] (node:dns:121:26) {
    errno: -3008,
    code: 'ENOTFOUND',
    syscall: 'getaddrinfo',
    hostname: 'secret-fox-493.convex.cloud'
  }
}
[watchdog] error TypeError: fetch failed
    at node:internal/deps/undici/undici:16416:13
    at process.processTicksAndRejections (node:internal/process/task_queues:104:5)
    at async ConvexHttpClient.queryInner (file:///Users/syphaoffice1/Mission-control-openclaw-25:02/Mission-control/node_modules/convex/dist/esm/browser/http_client.js:225:22)
    at async ConvexHttpClient.query (file:///Users/syphaoffice1/Mission-control-openclaw-25:02/Mission-control/node_modules/convex/dist/esm/browser/http_client.js:202:12)
    at async getAgentMap (file:///Users/syphaoffice1/Mission-control-openclaw-25:02/Mission-control/orchestrator/index.mjs:420:18)
    at async chiefWatchdogLoop (file:///Users/syphaoffice1/Mission-control-openclaw-25:02/Mission-control/orchestrator/index.mjs:860:22)
    at async Promise.allSettled (index 1)
    at async main (file:///Users/syphaoffice1/Mission-control-openclaw-25:02/Mission-control/orchestrator/index.mjs:1084:3) {
  [cause]: Error: getaddrinfo ENOTFOUND secret-fox-493.convex.cloud
      at GetAddrInfoReqWrap.onlookupall [as oncomplete] (node:dns:121:26) {
    errno: -3008,
    code: 'ENOTFOUND',
    syscall: 'getaddrinfo',
    hostname: 'secret-fox-493.convex.cloud'
  }
}
[poller] error TypeError: fetch failed
    at node:internal/deps/undici/undici:16416:13
    at async telegramApi (file:///Users/syphaoffice1/Mission-control-openclaw-25:02/Mission-control/orchestrator/index.mjs:186:15)
    at async pollingLoop (file:///Users/syphaoffice1/Mission-control-openclaw-25:02/Mission-control/orchestrator/index.mjs:542:23)
    at async Promise.allSettled (index 3)
    at async main (file:///Users/syphaoffice1/Mission-control-openclaw-25:02/Mission-control/orchestrator/index.mjs:1084:3) {
  [cause]: Error: read ETIMEDOUT
      at TLSWrap.onStreamRead (node:internal/stream_base_commons:216:20) {
    errno: -60,
    code: 'ETIMEDOUT',
    syscall: 'read'
  }
}
[triage] error TypeError: fetch failed
    at node:internal/deps/undici/undici:16416:13
    at process.processTicksAndRejections (node:internal/process/task_queues:104:5)
    at async ConvexHttpClient.queryInner (file:///Users/syphaoffice1/Mission-control-openclaw-25:02/Mission-control/node_modules/convex/dist/esm/browser/http_client.js:225:22)
    at async ConvexHttpClient.query (file:///Users/syphaoffice1/Mission-control-openclaw-25:02/Mission-control/node_modules/convex/dist/esm/browser/http_client.js:202:12)
    at async getAgentMap (file:///Users/syphaoffice1/Mission-control-openclaw-25:02/Mission-control/orchestrator/index.mjs:420:18)
    at async chiefTriageLoop (file:///Users/syphaoffice1/Mission-control-openclaw-25:02/Mission-control/orchestrator/index.mjs:612:22)
    at async Promise.allSettled (index 0)
    at async main (file:///Users/syphaoffice1/Mission-control-openclaw-25:02/Mission-control/orchestrator/index.mjs:1084:3) {
  [cause]: Error: getaddrinfo ENOTFOUND secret-fox-493.convex.cloud
      at GetAddrInfoReqWrap.onlookupall [as oncomplete] (node:dns:121:26) {
    errno: -3008,
    code: 'ENOTFOUND',
    syscall: 'getaddrinfo',
    hostname: 'secret-fox-493.convex.cloud'
  }
}
[triage] error TypeError: fetch failed
    at node:internal/deps/undici/undici:16416:13
    at process.processTicksAndRejections (node:internal/process/task_queues:104:5)
    at async ConvexHttpClient.queryInner (file:///Users/syphaoffice1/Mission-control-openclaw-25:02/Mission-control/node_modules/convex/dist/esm/browser/http_client.js:225:22)
    at async ConvexHttpClient.query (file:///Users/syphaoffice1/Mission-control-openclaw-25:02/Mission-control/node_modules/convex/dist/esm/browser/http_client.js:202:12)
    at async getAgentMap (file:///Users/syphaoffice1/Mission-control-openclaw-25:02/Mission-control/orchestrator/index.mjs:420:18)
    at async chiefTriageLoop (file:///Users/syphaoffice1/Mission-control-openclaw-25:02/Mission-control/orchestrator/index.mjs:612:22)
    at async Promise.allSettled (index 0)
    at async main (file:///Users/syphaoffice1/Mission-control-openclaw-25:02/Mission-control/orchestrator/index.mjs:1084:3) {
  [cause]: Error: getaddrinfo ENOTFOUND secret-fox-493.convex.cloud
      at GetAddrInfoReqWrap.onlookupall [as oncomplete] (node:dns:121:26) {
    errno: -3008,
    code: 'ENOTFOUND',
    syscall: 'getaddrinfo',
    hostname: 'secret-fox-493.convex.cloud'
  }
}
[triage] error TypeError: fetch failed
    at node:internal/deps/undici/undici:16416:13
    at process.processTicksAndRejections (node:internal/process/task_queues:104:5)
    at async ConvexHttpClient.queryInner (file:///Users/syphaoffice1/Mission-control-openclaw-25:02/Mission-control/node_modules/convex/dist/esm/browser/http_client.js:225:22)
    at async ConvexHttpClient.query (file:///Users/syphaoffice1/Mission-control-openclaw-25:02/Mission-control/node_modules/convex/dist/esm/browser/http_client.js:202:12)
    at async getAgentMap (file:///Users/syphaoffice1/Mission-control-openclaw-25:02/Mission-control/orchestrator/index.mjs:420:18)
    at async chiefTriageLoop (file:///Users/syphaoffice1/Mission-control-openclaw-25:02/Mission-control/orchestrator/index.mjs:612:22)
    at async Promise.allSettled (index 0)
    at async main (file:///Users/syphaoffice1/Mission-control-openclaw-25:02/Mission-control/orchestrator/index.mjs:1084:3) {
  [cause]: Error: getaddrinfo ENOTFOUND secret-fox-493.convex.cloud
      at GetAddrInfoReqWrap.onlookupall [as oncomplete] (node:dns:121:26) {
    errno: -3008,
    code: 'ENOTFOUND',
    syscall: 'getaddrinfo',
    hostname: 'secret-fox-493.convex.cloud'
  }
}
[triage] error TypeError: fetch failed
    at node:internal/deps/undici/undici:16416:13
    at process.processTicksAndRejections (node:internal/process/task_queues:104:5)
    at async ConvexHttpClient.queryInner (file:///Users/syphaoffice1/Mission-control-openclaw-25:02/Mission-control/node_modules/convex/dist/esm/browser/http_client.js:225:22)
    at async ConvexHttpClient.query (file:///Users/syphaoffice1/Mission-control-openclaw-25:02/Mission-control/node_modules/convex/dist/esm/browser/http_client.js:202:12)
    at async getAgentMap (file:///Users/syphaoffice1/Mission-control-openclaw-25:02/Mission-control/orchestrator/index.mjs:420:18)
    at async chiefTriageLoop (file:///Users/syphaoffice1/Mission-control-openclaw-25:02/Mission-control/orchestrator/index.mjs:612:22)
    at async Promise.allSettled (index 0)
    at async main (file:///Users/syphaoffice1/Mission-control-openclaw-25:02/Mission-control/orchestrator/index.mjs:1084:3) {
  [cause]: Error: getaddrinfo ENOTFOUND secret-fox-493.convex.cloud
      at GetAddrInfoReqWrap.onlookupall [as oncomplete] (node:dns:121:26) {
    errno: -3008,
    code: 'ENOTFOUND',
    syscall: 'getaddrinfo',
    hostname: 'secret-fox-493.convex.cloud'
  }
}
[poller] error TypeError: fetch failed
    at node:internal/deps/undici/undici:16416:13
    at process.processTicksAndRejections (node:internal/process/task_queues:104:5)
    at async telegramApi (file:///Users/syphaoffice1/Mission-control-openclaw-25:02/Mission-control/orchestrator/index.mjs:186:15)
    at async pollingLoop (file:///Users/syphaoffice1/Mission-control-openclaw-25:02/Mission-control/orchestrator/index.mjs:542:23)
    at async Promise.allSettled (index 3)
    at async main (file:///Users/syphaoffice1/Mission-control-openclaw-25:02/Mission-control/orchestrator/index.mjs:1084:3) {
  [cause]: Error: getaddrinfo ENOTFOUND api.telegram.org
      at GetAddrInfoReqWrap.onlookupall [as oncomplete] (node:dns:121:26) {
    errno: -3008,
    code: 'ENOTFOUND',
    syscall: 'getaddrinfo',
    hostname: 'api.telegram.org'
  }
}
[watchdog] error TypeError: fetch failed
    at node:internal/deps/undici/undici:16416:13
    at process.processTicksAndRejections (node:internal/process/task_queues:104:5)
    at async ConvexHttpClient.queryInner (file:///Users/syphaoffice1/Mission-control-openclaw-25:02/Mission-control/node_modules/convex/dist/esm/browser/http_client.js:225:22)
    at async ConvexHttpClient.query (file:///Users/syphaoffice1/Mission-control-openclaw-25:02/Mission-control/node_modules/convex/dist/esm/browser/http_client.js:202:12)
    at async getAgentMap (file:///Users/syphaoffice1/Mission-control-openclaw-25:02/Mission-control/orchestrator/index.mjs:420:18)
    at async chiefWatchdogLoop (file:///Users/syphaoffice1/Mission-control-openclaw-25:02/Mission-control/orchestrator/index.mjs:860:22)
    at async Promise.allSettled (index 1)
    at async main (file:///Users/syphaoffice1/Mission-control-openclaw-25:02/Mission-control/orchestrator/index.mjs:1084:3) {
  [cause]: Error: getaddrinfo ENOTFOUND secret-fox-493.convex.cloud
      at GetAddrInfoReqWrap.onlookupall [as oncomplete] (node:dns:121:26) {
    errno: -3008,
    code: 'ENOTFOUND',
    syscall: 'getaddrinfo',
    hostname: 'secret-fox-493.convex.cloud'
  }
}
[notify] error TypeError: fetch failed
    at node:internal/deps/undici/undici:16416:13
    at async ConvexHttpClient.queryInner (file:///Users/syphaoffice1/Mission-control-openclaw-25:02/Mission-control/node_modules/convex/dist/esm/browser/http_client.js:225:22)
    at async ConvexHttpClient.query (file:///Users/syphaoffice1/Mission-control-openclaw-25:02/Mission-control/node_modules/convex/dist/esm/browser/http_client.js:202:12)
    at async getAgentMap (file:///Users/syphaoffice1/Mission-control-openclaw-25:02/Mission-control/orchestrator/index.mjs:420:18)
    at async statusNotificationLoop (file:///Users/syphaoffice1/Mission-control-openclaw-25:02/Mission-control/orchestrator/index.mjs:993:22)
    at async Promise.allSettled (index 2)
    at async main (file:///Users/syphaoffice1/Mission-control-openclaw-25:02/Mission-control/orchestrator/index.mjs:1084:3) {
  [cause]: Error: read ETIMEDOUT
      at TLSWrap.onStreamRead (node:internal/stream_base_commons:216:20) {
    errno: -60,
    code: 'ETIMEDOUT',
    syscall: 'read'
  }
}
[triage] error TypeError: fetch failed
    at node:internal/deps/undici/undici:16416:13
    at process.processTicksAndRejections (node:internal/process/task_queues:104:5)
    at async ConvexHttpClient.queryInner (file:///Users/syphaoffice1/Mission-control-openclaw-25:02/Mission-control/node_modules/convex/dist/esm/browser/http_client.js:225:22)
    at async ConvexHttpClient.query (file:///Users/syphaoffice1/Mission-control-openclaw-25:02/Mission-control/node_modules/convex/dist/esm/browser/http_client.js:202:12)
    at async getAgentMap (file:///Users/syphaoffice1/Mission-control-openclaw-25:02/Mission-control/orchestrator/index.mjs:420:18)
    at async chiefTriageLoop (file:///Users/syphaoffice1/Mission-control-openclaw-25:02/Mission-control/orchestrator/index.mjs:612:22)
    at async Promise.allSettled (index 0)
    at async main (file:///Users/syphaoffice1/Mission-control-openclaw-25:02/Mission-control/orchestrator/index.mjs:1084:3) {
  [cause]: Error: getaddrinfo ENOTFOUND secret-fox-493.convex.cloud
      at GetAddrInfoReqWrap.onlookupall [as oncomplete] (node:dns:121:26) {
    errno: -3008,
    code: 'ENOTFOUND',
    syscall: 'getaddrinfo',
    hostname: 'secret-fox-493.convex.cloud'
  }
}
[triage] error TypeError: fetch failed
    at node:internal/deps/undici/undici:16416:13
    at process.processTicksAndRejections (node:internal/process/task_queues:104:5)
    at async ConvexHttpClient.queryInner (file:///Users/syphaoffice1/Mission-control-openclaw-25:02/Mission-control/node_modules/convex/dist/esm/browser/http_client.js:225:22)
    at async ConvexHttpClient.query (file:///Users/syphaoffice1/Mission-control-openclaw-25:02/Mission-control/node_modules/convex/dist/esm/browser/http_client.js:202:12)
    at async getAgentMap (file:///Users/syphaoffice1/Mission-control-openclaw-25:02/Mission-control/orchestrator/index.mjs:420:18)
    at async chiefTriageLoop (file:///Users/syphaoffice1/Mission-control-openclaw-25:02/Mission-control/orchestrator/index.mjs:612:22)
    at async Promise.allSettled (index 0)
    at async main (file:///Users/syphaoffice1/Mission-control-openclaw-25:02/Mission-control/orchestrator/index.mjs:1084:3) {
  [cause]: Error: getaddrinfo ENOTFOUND secret-fox-493.convex.cloud
      at GetAddrInfoReqWrap.onlookupall [as oncomplete] (node:dns:121:26) {
    errno: -3008,
    code: 'ENOTFOUND',
    syscall: 'getaddrinfo',
    hostname: 'secret-fox-493.convex.cloud'
  }
}
[triage] error TypeError: fetch failed
    at node:internal/deps/undici/undici:16416:13
    at process.processTicksAndRejections (node:internal/process/task_queues:104:5)
    at async ConvexHttpClient.queryInner (file:///Users/syphaoffice1/Mission-control-openclaw-25:02/Mission-control/node_modules/convex/dist/esm/browser/http_client.js:225:22)
    at async ConvexHttpClient.query (file:///Users/syphaoffice1/Mission-control-openclaw-25:02/Mission-control/node_modules/convex/dist/esm/browser/http_client.js:202:12)
    at async getAgentMap (file:///Users/syphaoffice1/Mission-control-openclaw-25:02/Mission-control/orchestrator/index.mjs:420:18)
    at async chiefTriageLoop (file:///Users/syphaoffice1/Mission-control-openclaw-25:02/Mission-control/orchestrator/index.mjs:612:22)
    at async Promise.allSettled (index 0)
    at async main (file:///Users/syphaoffice1/Mission-control-openclaw-25:02/Mission-control/orchestrator/index.mjs:1084:3) {
  [cause]: Error: getaddrinfo ENOTFOUND secret-fox-493.convex.cloud
      at GetAddrInfoReqWrap.onlookupall [as oncomplete] (node:dns:121:26) {
    errno: -3008,
    code: 'ENOTFOUND',
    syscall: 'getaddrinfo',
    hostname: 'secret-fox-493.convex.cloud'
  }
}
[triage] error TypeError: fetch failed
    at node:internal/deps/undici/undici:16416:13
    at process.processTicksAndRejections (node:internal/process/task_queues:104:5)
    at async ConvexHttpClient.queryInner (file:///Users/syphaoffice1/Mission-control-openclaw-25:02/Mission-control/node_modules/convex/dist/esm/browser/http_client.js:225:22)
    at async ConvexHttpClient.query (file:///Users/syphaoffice1/Mission-control-openclaw-25:02/Mission-control/node_modules/convex/dist/esm/browser/http_client.js:202:12)
    at async getAgentMap (file:///Users/syphaoffice1/Mission-control-openclaw-25:02/Mission-control/orchestrator/index.mjs:420:18)
    at async chiefTriageLoop (file:///Users/syphaoffice1/Mission-control-openclaw-25:02/Mission-control/orchestrator/index.mjs:612:22)
    at async Promise.allSettled (index 0)
    at async main (file:///Users/syphaoffice1/Mission-control-openclaw-25:02/Mission-control/orchestrator/index.mjs:1084:3) {
  [cause]: Error: getaddrinfo ENOTFOUND secret-fox-493.convex.cloud
      at GetAddrInfoReqWrap.onlookupall [as oncomplete] (node:dns:121:26) {
    errno: -3008,
    code: 'ENOTFOUND',
    syscall: 'getaddrinfo',
    hostname: 'secret-fox-493.convex.cloud'
  }
}
[notify] error TypeError: fetch failed
    at node:internal/deps/undici/undici:16416:13
    at process.processTicksAndRejections (node:internal/process/task_queues:104:5)
    at async ConvexHttpClient.queryInner (file:///Users/syphaoffice1/Mission-control-openclaw-25:02/Mission-control/node_modules/convex/dist/esm/browser/http_client.js:225:22)
    at async ConvexHttpClient.query (file:///Users/syphaoffice1/Mission-control-openclaw-25:02/Mission-control/node_modules/convex/dist/esm/browser/http_client.js:202:12)
    at async statusNotificationLoop (file:///Users/syphaoffice1/Mission-control-openclaw-25:02/Mission-control/orchestrator/index.mjs:992:21)
    at async Promise.allSettled (index 2)
    at async main (file:///Users/syphaoffice1/Mission-control-openclaw-25:02/Mission-control/orchestrator/index.mjs:1084:3) {
  [cause]: Error: getaddrinfo ENOTFOUND secret-fox-493.convex.cloud
      at GetAddrInfoReqWrap.onlookupall [as oncomplete] (node:dns:121:26) {
    errno: -3008,
    code: 'ENOTFOUND',
    syscall: 'getaddrinfo',
    hostname: 'secret-fox-493.convex.cloud'
  }
}
[watchdog] error TypeError: fetch failed
    at node:internal/deps/undici/undici:16416:13
    at process.processTicksAndRejections (node:internal/process/task_queues:104:5)
    at async ConvexHttpClient.queryInner (file:///Users/syphaoffice1/Mission-control-openclaw-25:02/Mission-control/node_modules/convex/dist/esm/browser/http_client.js:225:22)
    at async ConvexHttpClient.query (file:///Users/syphaoffice1/Mission-control-openclaw-25:02/Mission-control/node_modules/convex/dist/esm/browser/http_client.js:202:12)
    at async getAgentMap (file:///Users/syphaoffice1/Mission-control-openclaw-25:02/Mission-control/orchestrator/index.mjs:420:18)
    at async chiefWatchdogLoop (file:///Users/syphaoffice1/Mission-control-openclaw-25:02/Mission-control/orchestrator/index.mjs:860:22)
    at async Promise.allSettled (index 1)
    at async main (file:///Users/syphaoffice1/Mission-control-openclaw-25:02/Mission-control/orchestrator/index.mjs:1084:3) {
  [cause]: Error: getaddrinfo ENOTFOUND secret-fox-493.convex.cloud
      at GetAddrInfoReqWrap.onlookupall [as oncomplete] (node:dns:121:26) {
    errno: -3008,
    code: 'ENOTFOUND',
    syscall: 'getaddrinfo',
    hostname: 'secret-fox-493.convex.cloud'
  }
}
[poller] error TypeError: fetch failed
    at node:internal/deps/undici/undici:16416:13
    at process.processTicksAndRejections (node:internal/process/task_queues:104:5)
    at async telegramApi (file:///Users/syphaoffice1/Mission-control-openclaw-25:02/Mission-control/orchestrator/index.mjs:186:15)
    at async pollingLoop (file:///Users/syphaoffice1/Mission-control-openclaw-25:02/Mission-control/orchestrator/index.mjs:542:23)
    at async Promise.allSettled (index 3)
    at async main (file:///Users/syphaoffice1/Mission-control-openclaw-25:02/Mission-control/orchestrator/index.mjs:1084:3) {
  [cause]: Error: getaddrinfo ENOTFOUND api.telegram.org
      at GetAddrInfoReqWrap.onlookupall [as oncomplete] (node:dns:121:26) {
    errno: -3008,
    code: 'ENOTFOUND',
    syscall: 'getaddrinfo',
    hostname: 'api.telegram.org'
  }
}
[triage] error TypeError: fetch failed
    at node:internal/deps/undici/undici:16416:13
    at process.processTicksAndRejections (node:internal/process/task_queues:104:5)
    at async ConvexHttpClient.queryInner (file:///Users/syphaoffice1/Mission-control-openclaw-25:02/Mission-control/node_modules/convex/dist/esm/browser/http_client.js:225:22)
    at async ConvexHttpClient.query (file:///Users/syphaoffice1/Mission-control-openclaw-25:02/Mission-control/node_modules/convex/dist/esm/browser/http_client.js:202:12)
    at async getAgentMap (file:///Users/syphaoffice1/Mission-control-openclaw-25:02/Mission-control/orchestrator/index.mjs:420:18)
    at async chiefTriageLoop (file:///Users/syphaoffice1/Mission-control-openclaw-25:02/Mission-control/orchestrator/index.mjs:612:22)
    at async Promise.allSettled (index 0)
    at async main (file:///Users/syphaoffice1/Mission-control-openclaw-25:02/Mission-control/orchestrator/index.mjs:1084:3) {
  [cause]: Error: getaddrinfo ENOTFOUND secret-fox-493.convex.cloud
      at GetAddrInfoReqWrap.onlookupall [as oncomplete] (node:dns:121:26) {
    errno: -3008,
    code: 'ENOTFOUND',
    syscall: 'getaddrinfo',
    hostname: 'secret-fox-493.convex.cloud'
  }
}
[triage] error TypeError: fetch failed
    at node:internal/deps/undici/undici:16416:13
    at process.processTicksAndRejections (node:internal/process/task_queues:104:5)
    at async ConvexHttpClient.queryInner (file:///Users/syphaoffice1/Mission-control-openclaw-25:02/Mission-control/node_modules/convex/dist/esm/browser/http_client.js:225:22)
    at async ConvexHttpClient.query (file:///Users/syphaoffice1/Mission-control-openclaw-25:02/Mission-control/node_modules/convex/dist/esm/browser/http_client.js:202:12)
    at async getAgentMap (file:///Users/syphaoffice1/Mission-control-openclaw-25:02/Mission-control/orchestrator/index.mjs:420:18)
    at async chiefTriageLoop (file:///Users/syphaoffice1/Mission-control-openclaw-25:02/Mission-control/orchestrator/index.mjs:612:22)
    at async Promise.allSettled (index 0)
    at async main (file:///Users/syphaoffice1/Mission-control-openclaw-25:02/Mission-control/orchestrator/index.mjs:1084:3) {
  [cause]: Error: getaddrinfo ENOTFOUND secret-fox-493.convex.cloud
      at GetAddrInfoReqWrap.onlookupall [as oncomplete] (node:dns:121:26) {
    errno: -3008,
    code: 'ENOTFOUND',
    syscall: 'getaddrinfo',
    hostname: 'secret-fox-493.convex.cloud'
  }
}
[triage] error TypeError: fetch failed
    at node:internal/deps/undici/undici:16416:13
    at process.processTicksAndRejections (node:internal/process/task_queues:104:5)
    at async ConvexHttpClient.queryInner (file:///Users/syphaoffice1/Mission-control-openclaw-25:02/Mission-control/node_modules/convex/dist/esm/browser/http_client.js:225:22)
    at async ConvexHttpClient.query (file:///Users/syphaoffice1/Mission-control-openclaw-25:02/Mission-control/node_modules/convex/dist/esm/browser/http_client.js:202:12)
    at async getAgentMap (file:///Users/syphaoffice1/Mission-control-openclaw-25:02/Mission-control/orchestrator/index.mjs:420:18)
    at async chiefTriageLoop (file:///Users/syphaoffice1/Mission-control-openclaw-25:02/Mission-control/orchestrator/index.mjs:612:22)
    at async Promise.allSettled (index 0)
    at async main (file:///Users/syphaoffice1/Mission-control-openclaw-25:02/Mission-control/orchestrator/index.mjs:1084:3) {
  [cause]: Error: getaddrinfo ENOTFOUND secret-fox-493.convex.cloud
      at GetAddrInfoReqWrap.onlookupall [as oncomplete] (node:dns:121:26) {
    errno: -3008,
    code: 'ENOTFOUND',
    syscall: 'getaddrinfo',
    hostname: 'secret-fox-493.convex.cloud'
  }
}
[notify] error TypeError: fetch failed
    at node:internal/deps/undici/undici:16416:13
    at process.processTicksAndRejections (node:internal/process/task_queues:104:5)
    at async ConvexHttpClient.queryInner (file:///Users/syphaoffice1/Mission-control-openclaw-25:02/Mission-control/node_modules/convex/dist/esm/browser/http_client.js:225:22)
    at async ConvexHttpClient.query (file:///Users/syphaoffice1/Mission-control-openclaw-25:02/Mission-control/node_modules/convex/dist/esm/browser/http_client.js:202:12)
    at async statusNotificationLoop (file:///Users/syphaoffice1/Mission-control-openclaw-25:02/Mission-control/orchestrator/index.mjs:992:21)
    at async Promise.allSettled (index 2)
    at async main (file:///Users/syphaoffice1/Mission-control-openclaw-25:02/Mission-control/orchestrator/index.mjs:1084:3) {
  [cause]: Error: getaddrinfo ENOTFOUND secret-fox-493.convex.cloud
      at GetAddrInfoReqWrap.onlookupall [as oncomplete] (node:dns:121:26) {
    errno: -3008,
    code: 'ENOTFOUND',
    syscall: 'getaddrinfo',
    hostname: 'secret-fox-493.convex.cloud'
  }
}
[triage] error TypeError: fetch failed
    at node:internal/deps/undici/undici:16416:13
    at process.processTicksAndRejections (node:internal/process/task_queues:104:5)
    at async ConvexHttpClient.queryInner (file:///Users/syphaoffice1/Mission-control-openclaw-25:02/Mission-control/node_modules/convex/dist/esm/browser/http_client.js:225:22)
    at async ConvexHttpClient.query (file:///Users/syphaoffice1/Mission-control-openclaw-25:02/Mission-control/node_modules/convex/dist/esm/browser/http_client.js:202:12)
    at async getAgentMap (file:///Users/syphaoffice1/Mission-control-openclaw-25:02/Mission-control/orchestrator/index.mjs:420:18)
    at async chiefTriageLoop (file:///Users/syphaoffice1/Mission-control-openclaw-25:02/Mission-control/orchestrator/index.mjs:612:22)
    at async Promise.allSettled (index 0)
    at async main (file:///Users/syphaoffice1/Mission-control-openclaw-25:02/Mission-control/orchestrator/index.mjs:1084:3) {
  [cause]: Error: getaddrinfo ENOTFOUND secret-fox-493.convex.cloud
      at GetAddrInfoReqWrap.onlookupall [as oncomplete] (node:dns:121:26) {
    errno: -3008,
    code: 'ENOTFOUND',
    syscall: 'getaddrinfo',
    hostname: 'secret-fox-493.convex.cloud'
  }
}
[poller] error TypeError: fetch failed
    at node:internal/deps/undici/undici:16416:13
    at process.processTicksAndRejections (node:internal/process/task_queues:104:5)
    at async telegramApi (file:///Users/syphaoffice1/Mission-control-openclaw-25:02/Mission-control/orchestrator/index.mjs:186:15)
    at async pollingLoop (file:///Users/syphaoffice1/Mission-control-openclaw-25:02/Mission-control/orchestrator/index.mjs:542:23)
    at async Promise.allSettled (index 3)
    at async main (file:///Users/syphaoffice1/Mission-control-openclaw-25:02/Mission-control/orchestrator/index.mjs:1084:3) {
  [cause]: Error: getaddrinfo ENOTFOUND api.telegram.org
      at GetAddrInfoReqWrap.onlookupall [as oncomplete] (node:dns:121:26) {
    errno: -3008,
    code: 'ENOTFOUND',
    syscall: 'getaddrinfo',
    hostname: 'api.telegram.org'
  }
}
[watchdog] error TypeError: fetch failed
    at node:internal/deps/undici/undici:16416:13
    at process.processTicksAndRejections (node:internal/process/task_queues:104:5)
    at async ConvexHttpClient.queryInner (file:///Users/syphaoffice1/Mission-control-openclaw-25:02/Mission-control/node_modules/convex/dist/esm/browser/http_client.js:225:22)
    at async ConvexHttpClient.query (file:///Users/syphaoffice1/Mission-control-openclaw-25:02/Mission-control/node_modules/convex/dist/esm/browser/http_client.js:202:12)
    at async getAgentMap (file:///Users/syphaoffice1/Mission-control-openclaw-25:02/Mission-control/orchestrator/index.mjs:420:18)
    at async chiefWatchdogLoop (file:///Users/syphaoffice1/Mission-control-openclaw-25:02/Mission-control/orchestrator/index.mjs:860:22)
    at async Promise.allSettled (index 1)
    at async main (file:///Users/syphaoffice1/Mission-control-openclaw-25:02/Mission-control/orchestrator/index.mjs:1084:3) {
  [cause]: Error: getaddrinfo ENOTFOUND secret-fox-493.convex.cloud
      at GetAddrInfoReqWrap.onlookupall [as oncomplete] (node:dns:121:26) {
    errno: -3008,
    code: 'ENOTFOUND',
    syscall: 'getaddrinfo',
    hostname: 'secret-fox-493.convex.cloud'
  }
}
[triage] error TypeError: fetch failed
    at node:internal/deps/undici/undici:16416:13
    at process.processTicksAndRejections (node:internal/process/task_queues:104:5)
    at async ConvexHttpClient.queryInner (file:///Users/syphaoffice1/Mission-control-openclaw-25:02/Mission-control/node_modules/convex/dist/esm/browser/http_client.js:225:22)
    at async ConvexHttpClient.query (file:///Users/syphaoffice1/Mission-control-openclaw-25:02/Mission-control/node_modules/convex/dist/esm/browser/http_client.js:202:12)
    at async getAgentMap (file:///Users/syphaoffice1/Mission-control-openclaw-25:02/Mission-control/orchestrator/index.mjs:420:18)
    at async chiefTriageLoop (file:///Users/syphaoffice1/Mission-control-openclaw-25:02/Mission-control/orchestrator/index.mjs:612:22)
    at async Promise.allSettled (index 0)
    at async main (file:///Users/syphaoffice1/Mission-control-openclaw-25:02/Mission-control/orchestrator/index.mjs:1084:3) {
  [cause]: Error: getaddrinfo ENOTFOUND secret-fox-493.convex.cloud
      at GetAddrInfoReqWrap.onlookupall [as oncomplete] (node:dns:121:26) {
    errno: -3008,
    code: 'ENOTFOUND',
    syscall: 'getaddrinfo',
    hostname: 'secret-fox-493.convex.cloud'
  }
}
[triage] error TypeError: fetch failed
    at node:internal/deps/undici/undici:16416:13
    at process.processTicksAndRejections (node:internal/process/task_queues:104:5)
    at async ConvexHttpClient.queryInner (file:///Users/syphaoffice1/Mission-control-openclaw-25:02/Mission-control/node_modules/convex/dist/esm/browser/http_client.js:225:22)
    at async ConvexHttpClient.query (file:///Users/syphaoffice1/Mission-control-openclaw-25:02/Mission-control/node_modules/convex/dist/esm/browser/http_client.js:202:12)
    at async getAgentMap (file:///Users/syphaoffice1/Mission-control-openclaw-25:02/Mission-control/orchestrator/index.mjs:420:18)
    at async chiefTriageLoop (file:///Users/syphaoffice1/Mission-control-openclaw-25:02/Mission-control/orchestrator/index.mjs:612:22)
    at async Promise.allSettled (index 0)
    at async main (file:///Users/syphaoffice1/Mission-control-openclaw-25:02/Mission-control/orchestrator/index.mjs:1084:3) {
  [cause]: Error: getaddrinfo ENOTFOUND secret-fox-493.convex.cloud
      at GetAddrInfoReqWrap.onlookupall [as oncomplete] (node:dns:121:26) {
    errno: -3008,
    code: 'ENOTFOUND',
    syscall: 'getaddrinfo',
    hostname: 'secret-fox-493.convex.cloud'
  }
}
[triage] error TypeError: fetch failed
    at node:internal/deps/undici/undici:16416:13
    at process.processTicksAndRejections (node:internal/process/task_queues:104:5)
    at async ConvexHttpClient.queryInner (file:///Users/syphaoffice1/Mission-control-openclaw-25:02/Mission-control/node_modules/convex/dist/esm/browser/http_client.js:225:22)
    at async ConvexHttpClient.query (file:///Users/syphaoffice1/Mission-control-openclaw-25:02/Mission-control/node_modules/convex/dist/esm/browser/http_client.js:202:12)
    at async getAgentMap (file:///Users/syphaoffice1/Mission-control-openclaw-25:02/Mission-control/orchestrator/index.mjs:420:18)
    at async chiefTriageLoop (file:///Users/syphaoffice1/Mission-control-openclaw-25:02/Mission-control/orchestrator/index.mjs:612:22)
    at async Promise.allSettled (index 0)
    at async main (file:///Users/syphaoffice1/Mission-control-openclaw-25:02/Mission-control/orchestrator/index.mjs:1084:3) {
  [cause]: Error: getaddrinfo ENOTFOUND secret-fox-493.convex.cloud
      at GetAddrInfoReqWrap.onlookupall [as oncomplete] (node:dns:121:26) {
    errno: -3008,
    code: 'ENOTFOUND',
    syscall: 'getaddrinfo',
    hostname: 'secret-fox-493.convex.cloud'
  }
}
[notify] error TypeError: fetch failed
    at node:internal/deps/undici/undici:16416:13
    at process.processTicksAndRejections (node:internal/process/task_queues:104:5)
    at async ConvexHttpClient.queryInner (file:///Users/syphaoffice1/Mission-control-openclaw-25:02/Mission-control/node_modules/convex/dist/esm/browser/http_client.js:225:22)
    at async ConvexHttpClient.query (file:///Users/syphaoffice1/Mission-control-openclaw-25:02/Mission-control/node_modules/convex/dist/esm/browser/http_client.js:202:12)
    at async statusNotificationLoop (file:///Users/syphaoffice1/Mission-control-openclaw-25:02/Mission-control/orchestrator/index.mjs:992:21)
    at async Promise.allSettled (index 2)
    at async main (file:///Users/syphaoffice1/Mission-control-openclaw-25:02/Mission-control/orchestrator/index.mjs:1084:3) {
  [cause]: Error: getaddrinfo ENOTFOUND secret-fox-493.convex.cloud
      at GetAddrInfoReqWrap.onlookupall [as oncomplete] (node:dns:121:26) {
    errno: -3008,
    code: 'ENOTFOUND',
    syscall: 'getaddrinfo',
    hostname: 'secret-fox-493.convex.cloud'
  }
}
[triage] error TypeError: fetch failed
    at node:internal/deps/undici/undici:16416:13
    at process.processTicksAndRejections (node:internal/process/task_queues:104:5)
    at async ConvexHttpClient.queryInner (file:///Users/syphaoffice1/Mission-control-openclaw-25:02/Mission-control/node_modules/convex/dist/esm/browser/http_client.js:225:22)
    at async ConvexHttpClient.query (file:///Users/syphaoffice1/Mission-control-openclaw-25:02/Mission-control/node_modules/convex/dist/esm/browser/http_client.js:202:12)
    at async getAgentMap (file:///Users/syphaoffice1/Mission-control-openclaw-25:02/Mission-control/orchestrator/index.mjs:420:18)
    at async chiefTriageLoop (file:///Users/syphaoffice1/Mission-control-openclaw-25:02/Mission-control/orchestrator/index.mjs:612:22)
    at async Promise.allSettled (index 0)
    at async main (file:///Users/syphaoffice1/Mission-control-openclaw-25:02/Mission-control/orchestrator/index.mjs:1084:3) {
  [cause]: Error: getaddrinfo ENOTFOUND secret-fox-493.convex.cloud
      at GetAddrInfoReqWrap.onlookupall [as oncomplete] (node:dns:121:26) {
    errno: -3008,
    code: 'ENOTFOUND',
    syscall: 'getaddrinfo',
    hostname: 'secret-fox-493.convex.cloud'
  }
}
[poller] error TypeError: fetch failed
    at node:internal/deps/undici/undici:16416:13
    at process.processTicksAndRejections (node:internal/process/task_queues:104:5)
    at async telegramApi (file:///Users/syphaoffice1/Mission-control-openclaw-25:02/Mission-control/orchestrator/index.mjs:186:15)
    at async pollingLoop (file:///Users/syphaoffice1/Mission-control-openclaw-25:02/Mission-control/orchestrator/index.mjs:542:23)
    at async Promise.allSettled (index 3)
    at async main (file:///Users/syphaoffice1/Mission-control-openclaw-25:02/Mission-control/orchestrator/index.mjs:1084:3) {
  [cause]: Error: getaddrinfo ENOTFOUND api.telegram.org
      at GetAddrInfoReqWrap.onlookupall [as oncomplete] (node:dns:121:26) {
    errno: -3008,
    code: 'ENOTFOUND',
    syscall: 'getaddrinfo',
    hostname: 'api.telegram.org'
  }
}
[watchdog] error TypeError: fetch failed
    at node:internal/deps/undici/undici:16416:13
    at process.processTicksAndRejections (node:internal/process/task_queues:104:5)
    at async ConvexHttpClient.queryInner (file:///Users/syphaoffice1/Mission-control-openclaw-25:02/Mission-control/node_modules/convex/dist/esm/browser/http_client.js:225:22)
    at async ConvexHttpClient.query (file:///Users/syphaoffice1/Mission-control-openclaw-25:02/Mission-control/node_modules/convex/dist/esm/browser/http_client.js:202:12)
    at async getAgentMap (file:///Users/syphaoffice1/Mission-control-openclaw-25:02/Mission-control/orchestrator/index.mjs:420:18)
    at async chiefWatchdogLoop (file:///Users/syphaoffice1/Mission-control-openclaw-25:02/Mission-control/orchestrator/index.mjs:860:22)
    at async Promise.allSettled (index 1)
    at async main (file:///Users/syphaoffice1/Mission-control-openclaw-25:02/Mission-control/orchestrator/index.mjs:1084:3) {
  [cause]: Error: getaddrinfo ENOTFOUND secret-fox-493.convex.cloud
      at GetAddrInfoReqWrap.onlookupall [as oncomplete] (node:dns:121:26) {
    errno: -3008,
    code: 'ENOTFOUND',
    syscall: 'getaddrinfo',
    hostname: 'secret-fox-493.convex.cloud'
  }
}
[triage] error TypeError: fetch failed
    at node:internal/deps/undici/undici:16416:13
    at process.processTicksAndRejections (node:internal/process/task_queues:104:5)
    at async ConvexHttpClient.queryInner (file:///Users/syphaoffice1/Mission-control-openclaw-25:02/Mission-control/node_modules/convex/dist/esm/browser/http_client.js:225:22)
    at async ConvexHttpClient.query (file:///Users/syphaoffice1/Mission-control-openclaw-25:02/Mission-control/node_modules/convex/dist/esm/browser/http_client.js:202:12)
    at async getAgentMap (file:///Users/syphaoffice1/Mission-control-openclaw-25:02/Mission-control/orchestrator/index.mjs:420:18)
    at async chiefTriageLoop (file:///Users/syphaoffice1/Mission-control-openclaw-25:02/Mission-control/orchestrator/index.mjs:612:22)
    at async Promise.allSettled (index 0)
    at async main (file:///Users/syphaoffice1/Mission-control-openclaw-25:02/Mission-control/orchestrator/index.mjs:1084:3) {
  [cause]: Error: getaddrinfo ENOTFOUND secret-fox-493.convex.cloud
      at GetAddrInfoReqWrap.onlookupall [as oncomplete] (node:dns:121:26) {
    errno: -3008,
    code: 'ENOTFOUND',
    syscall: 'getaddrinfo',
    hostname: 'secret-fox-493.convex.cloud'
  }
}
[triage] error TypeError: fetch failed
    at node:internal/deps/undici/undici:16416:13
    at process.processTicksAndRejections (node:internal/process/task_queues:104:5)
    at async ConvexHttpClient.queryInner (file:///Users/syphaoffice1/Mission-control-openclaw-25:02/Mission-control/node_modules/convex/dist/esm/browser/http_client.js:225:22)
    at async ConvexHttpClient.query (file:///Users/syphaoffice1/Mission-control-openclaw-25:02/Mission-control/node_modules/convex/dist/esm/browser/http_client.js:202:12)
    at async getAgentMap (file:///Users/syphaoffice1/Mission-control-openclaw-25:02/Mission-control/orchestrator/index.mjs:420:18)
    at async chiefTriageLoop (file:///Users/syphaoffice1/Mission-control-openclaw-25:02/Mission-control/orchestrator/index.mjs:612:22)
    at async Promise.allSettled (index 0)
    at async main (file:///Users/syphaoffice1/Mission-control-openclaw-25:02/Mission-control/orchestrator/index.mjs:1084:3) {
  [cause]: Error: getaddrinfo ENOTFOUND secret-fox-493.convex.cloud
      at GetAddrInfoReqWrap.onlookupall [as oncomplete] (node:dns:121:26) {
    errno: -3008,
    code: 'ENOTFOUND',
    syscall: 'getaddrinfo',
    hostname: 'secret-fox-493.convex.cloud'
  }
}
[triage] error TypeError: fetch failed
    at node:internal/deps/undici/undici:16416:13
    at process.processTicksAndRejections (node:internal/process/task_queues:104:5)
    at async ConvexHttpClient.queryInner (file:///Users/syphaoffice1/Mission-control-openclaw-25:02/Mission-control/node_modules/convex/dist/esm/browser/http_client.js:225:22)
    at async ConvexHttpClient.query (file:///Users/syphaoffice1/Mission-control-openclaw-25:02/Mission-control/node_modules/convex/dist/esm/browser/http_client.js:202:12)
    at async getAgentMap (file:///Users/syphaoffice1/Mission-control-openclaw-25:02/Mission-control/orchestrator/index.mjs:420:18)
    at async chiefTriageLoop (file:///Users/syphaoffice1/Mission-control-openclaw-25:02/Mission-control/orchestrator/index.mjs:612:22)
    at async Promise.allSettled (index 0)
    at async main (file:///Users/syphaoffice1/Mission-control-openclaw-25:02/Mission-control/orchestrator/index.mjs:1084:3) {
  [cause]: Error: getaddrinfo ENOTFOUND secret-fox-493.convex.cloud
      at GetAddrInfoReqWrap.onlookupall [as oncomplete] (node:dns:121:26) {
    errno: -3008,
    code: 'ENOTFOUND',
    syscall: 'getaddrinfo',
    hostname: 'secret-fox-493.convex.cloud'
  }
}
[notify] error TypeError: fetch failed
    at node:internal/deps/undici/undici:16416:13
    at process.processTicksAndRejections (node:internal/process/task_queues:104:5)
    at async ConvexHttpClient.queryInner (file:///Users/syphaoffice1/Mission-control-openclaw-25:02/Mission-control/node_modules/convex/dist/esm/browser/http_client.js:225:22)
    at async ConvexHttpClient.query (file:///Users/syphaoffice1/Mission-control-openclaw-25:02/Mission-control/node_modules/convex/dist/esm/browser/http_client.js:202:12)
    at async statusNotificationLoop (file:///Users/syphaoffice1/Mission-control-openclaw-25:02/Mission-control/orchestrator/index.mjs:992:21)
    at async Promise.allSettled (index 2)
    at async main (file:///Users/syphaoffice1/Mission-control-openclaw-25:02/Mission-control/orchestrator/index.mjs:1084:3) {
  [cause]: Error: getaddrinfo ENOTFOUND secret-fox-493.convex.cloud
      at GetAddrInfoReqWrap.onlookupall [as oncomplete] (node:dns:121:26) {
    errno: -3008,
    code: 'ENOTFOUND',
    syscall: 'getaddrinfo',
    hostname: 'secret-fox-493.convex.cloud'
  }
}
[triage] error TypeError: fetch failed
    at node:internal/deps/undici/undici:16416:13
    at process.processTicksAndRejections (node:internal/process/task_queues:104:5)
    at async ConvexHttpClient.queryInner (file:///Users/syphaoffice1/Mission-control-openclaw-25:02/Mission-control/node_modules/convex/dist/esm/browser/http_client.js:225:22)
    at async ConvexHttpClient.query (file:///Users/syphaoffice1/Mission-control-openclaw-25:02/Mission-control/node_modules/convex/dist/esm/browser/http_client.js:202:12)
    at async getAgentMap (file:///Users/syphaoffice1/Mission-control-openclaw-25:02/Mission-control/orchestrator/index.mjs:420:18)
    at async chiefTriageLoop (file:///Users/syphaoffice1/Mission-control-openclaw-25:02/Mission-control/orchestrator/index.mjs:612:22)
    at async Promise.allSettled (index 0)
    at async main (file:///Users/syphaoffice1/Mission-control-openclaw-25:02/Mission-control/orchestrator/index.mjs:1084:3) {
  [cause]: Error: getaddrinfo ENOTFOUND secret-fox-493.convex.cloud
      at GetAddrInfoReqWrap.onlookupall [as oncomplete] (node:dns:121:26) {
    errno: -3008,
    code: 'ENOTFOUND',
    syscall: 'getaddrinfo',
    hostname: 'secret-fox-493.convex.cloud'
  }
}
[poller] error TypeError: fetch failed
    at node:internal/deps/undici/undici:16416:13
    at process.processTicksAndRejections (node:internal/process/task_queues:104:5)
    at async telegramApi (file:///Users/syphaoffice1/Mission-control-openclaw-25:02/Mission-control/orchestrator/index.mjs:186:15)
    at async pollingLoop (file:///Users/syphaoffice1/Mission-control-openclaw-25:02/Mission-control/orchestrator/index.mjs:542:23)
    at async Promise.allSettled (index 3)
    at async main (file:///Users/syphaoffice1/Mission-control-openclaw-25:02/Mission-control/orchestrator/index.mjs:1084:3) {
  [cause]: Error: getaddrinfo ENOTFOUND api.telegram.org
      at GetAddrInfoReqWrap.onlookupall [as oncomplete] (node:dns:121:26) {
    errno: -3008,
    code: 'ENOTFOUND',
    syscall: 'getaddrinfo',
    hostname: 'api.telegram.org'
  }
}
[notify] error TypeError: fetch failed
    at node:internal/deps/undici/undici:16416:13
    at process.processTicksAndRejections (node:internal/process/task_queues:104:5)
    at async ConvexHttpClient.queryInner (file:///Users/syphaoffice1/Mission-control-openclaw-25:02/Mission-control/node_modules/convex/dist/esm/browser/http_client.js:225:22)
    at async ConvexHttpClient.query (file:///Users/syphaoffice1/Mission-control-openclaw-25:02/Mission-control/node_modules/convex/dist/esm/browser/http_client.js:202:12)
    at async statusNotificationLoop (file:///Users/syphaoffice1/Mission-control-openclaw-25:02/Mission-control/orchestrator/index.mjs:992:21)
    at async Promise.allSettled (index 2)
    at async main (file:///Users/syphaoffice1/Mission-control-openclaw-25:02/Mission-control/orchestrator/index.mjs:1084:3) {
  [cause]: Error: getaddrinfo ENOTFOUND secret-fox-493.convex.cloud
      at GetAddrInfoReqWrap.onlookupall [as oncomplete] (node:dns:121:26) {
    errno: -3008,
    code: 'ENOTFOUND',
    syscall: 'getaddrinfo',
    hostname: 'secret-fox-493.convex.cloud'
  }
}
[watchdog] error TypeError: fetch failed
    at node:internal/deps/undici/undici:16416:13
    at process.processTicksAndRejections (node:internal/process/task_queues:104:5)
    at async ConvexHttpClient.queryInner (file:///Users/syphaoffice1/Mission-control-openclaw-25:02/Mission-control/node_modules/convex/dist/esm/browser/http_client.js:225:22)
    at async ConvexHttpClient.query (file:///Users/syphaoffice1/Mission-control-openclaw-25:02/Mission-control/node_modules/convex/dist/esm/browser/http_client.js:202:12)
    at async getAgentMap (file:///Users/syphaoffice1/Mission-control-openclaw-25:02/Mission-control/orchestrator/index.mjs:420:18)
    at async chiefWatchdogLoop (file:///Users/syphaoffice1/Mission-control-openclaw-25:02/Mission-control/orchestrator/index.mjs:860:22)
    at async Promise.allSettled (index 1)
    at async main (file:///Users/syphaoffice1/Mission-control-openclaw-25:02/Mission-control/orchestrator/index.mjs:1084:3) {
  [cause]: Error: getaddrinfo ENOTFOUND secret-fox-493.convex.cloud
      at GetAddrInfoReqWrap.onlookupall [as oncomplete] (node:dns:121:26) {
    errno: -3008,
    code: 'ENOTFOUND',
    syscall: 'getaddrinfo',
    hostname: 'secret-fox-493.convex.cloud'
  }
}
[triage] error TypeError: fetch failed
    at node:internal/deps/undici/undici:16416:13
    at process.processTicksAndRejections (node:internal/process/task_queues:104:5)
    at async ConvexHttpClient.queryInner (file:///Users/syphaoffice1/Mission-control-openclaw-25:02/Mission-control/node_modules/convex/dist/esm/browser/http_client.js:225:22)
    at async ConvexHttpClient.query (file:///Users/syphaoffice1/Mission-control-openclaw-25:02/Mission-control/node_modules/convex/dist/esm/browser/http_client.js:202:12)
    at async getAgentMap (file:///Users/syphaoffice1/Mission-control-openclaw-25:02/Mission-control/orchestrator/index.mjs:420:18)
    at async chiefTriageLoop (file:///Users/syphaoffice1/Mission-control-openclaw-25:02/Mission-control/orchestrator/index.mjs:612:22)
    at async Promise.allSettled (index 0)
    at async main (file:///Users/syphaoffice1/Mission-control-openclaw-25:02/Mission-control/orchestrator/index.mjs:1084:3) {
  [cause]: Error: getaddrinfo ENOTFOUND secret-fox-493.convex.cloud
      at GetAddrInfoReqWrap.onlookupall [as oncomplete] (node:dns:121:26) {
    errno: -3008,
    code: 'ENOTFOUND',
    syscall: 'getaddrinfo',
    hostname: 'secret-fox-493.convex.cloud'
  }
}
[triage] error TypeError: fetch failed
    at node:internal/deps/undici/undici:16416:13
    at process.processTicksAndRejections (node:internal/process/task_queues:104:5)
    at async ConvexHttpClient.queryInner (file:///Users/syphaoffice1/Mission-control-openclaw-25:02/Mission-control/node_modules/convex/dist/esm/browser/http_client.js:225:22)
    at async ConvexHttpClient.query (file:///Users/syphaoffice1/Mission-control-openclaw-25:02/Mission-control/node_modules/convex/dist/esm/browser/http_client.js:202:12)
    at async getAgentMap (file:///Users/syphaoffice1/Mission-control-openclaw-25:02/Mission-control/orchestrator/index.mjs:420:18)
    at async chiefTriageLoop (file:///Users/syphaoffice1/Mission-control-openclaw-25:02/Mission-control/orchestrator/index.mjs:612:22)
    at async Promise.allSettled (index 0)
    at async main (file:///Users/syphaoffice1/Mission-control-openclaw-25:02/Mission-control/orchestrator/index.mjs:1084:3) {
  [cause]: Error: getaddrinfo ENOTFOUND secret-fox-493.convex.cloud
      at GetAddrInfoReqWrap.onlookupall [as oncomplete] (node:dns:121:26) {
    errno: -3008,
    code: 'ENOTFOUND',
    syscall: 'getaddrinfo',
    hostname: 'secret-fox-493.convex.cloud'
  }
}
[triage] error TypeError: fetch failed
    at node:internal/deps/undici/undici:16416:13
    at process.processTicksAndRejections (node:internal/process/task_queues:104:5)
    at async ConvexHttpClient.queryInner (file:///Users/syphaoffice1/Mission-control-openclaw-25:02/Mission-control/node_modules/convex/dist/esm/browser/http_client.js:225:22)
    at async ConvexHttpClient.query (file:///Users/syphaoffice1/Mission-control-openclaw-25:02/Mission-control/node_modules/convex/dist/esm/browser/http_client.js:202:12)
    at async getAgentMap (file:///Users/syphaoffice1/Mission-control-openclaw-25:02/Mission-control/orchestrator/index.mjs:420:18)
    at async chiefTriageLoop (file:///Users/syphaoffice1/Mission-control-openclaw-25:02/Mission-control/orchestrator/index.mjs:612:22)
    at async Promise.allSettled (index 0)
    at async main (file:///Users/syphaoffice1/Mission-control-openclaw-25:02/Mission-control/orchestrator/index.mjs:1084:3) {
  [cause]: Error: getaddrinfo ENOTFOUND secret-fox-493.convex.cloud
      at GetAddrInfoReqWrap.onlookupall [as oncomplete] (node:dns:121:26) {
    errno: -3008,
    code: 'ENOTFOUND',
    syscall: 'getaddrinfo',
    hostname: 'secret-fox-493.convex.cloud'
  }
}
[notify] error TypeError: fetch failed
    at node:internal/deps/undici/undici:16416:13
    at process.processTicksAndRejections (node:internal/process/task_queues:104:5)
    at async ConvexHttpClient.queryInner (file:///Users/syphaoffice1/Mission-control-openclaw-25:02/Mission-control/node_modules/convex/dist/esm/browser/http_client.js:225:22)
    at async ConvexHttpClient.query (file:///Users/syphaoffice1/Mission-control-openclaw-25:02/Mission-control/node_modules/convex/dist/esm/browser/http_client.js:202:12)
    at async statusNotificationLoop (file:///Users/syphaoffice1/Mission-control-openclaw-25:02/Mission-control/orchestrator/index.mjs:992:21)
    at async Promise.allSettled (index 2)
    at async main (file:///Users/syphaoffice1/Mission-control-openclaw-25:02/Mission-control/orchestrator/index.mjs:1084:3) {
  [cause]: Error: getaddrinfo ENOTFOUND secret-fox-493.convex.cloud
      at GetAddrInfoReqWrap.onlookupall [as oncomplete] (node:dns:121:26) {
    errno: -3008,
    code: 'ENOTFOUND',
    syscall: 'getaddrinfo',
    hostname: 'secret-fox-493.convex.cloud'
  }
}
[triage] error TypeError: fetch failed
    at node:internal/deps/undici/undici:16416:13
    at process.processTicksAndRejections (node:internal/process/task_queues:104:5)
    at async ConvexHttpClient.queryInner (file:///Users/syphaoffice1/Mission-control-openclaw-25:02/Mission-control/node_modules/convex/dist/esm/browser/http_client.js:225:22)
    at async ConvexHttpClient.query (file:///Users/syphaoffice1/Mission-control-openclaw-25:02/Mission-control/node_modules/convex/dist/esm/browser/http_client.js:202:12)
    at async getAgentMap (file:///Users/syphaoffice1/Mission-control-openclaw-25:02/Mission-control/orchestrator/index.mjs:420:18)
    at async chiefTriageLoop (file:///Users/syphaoffice1/Mission-control-openclaw-25:02/Mission-control/orchestrator/index.mjs:612:22)
    at async Promise.allSettled (index 0)
    at async main (file:///Users/syphaoffice1/Mission-control-openclaw-25:02/Mission-control/orchestrator/index.mjs:1084:3) {
  [cause]: Error: getaddrinfo ENOTFOUND secret-fox-493.convex.cloud
      at GetAddrInfoReqWrap.onlookupall [as oncomplete] (node:dns:121:26) {
    errno: -3008,
    code: 'ENOTFOUND',
    syscall: 'getaddrinfo',
    hostname: 'secret-fox-493.convex.cloud'
  }
}
[poller] error TypeError: fetch failed
    at node:internal/deps/undici/undici:16416:13
    at process.processTicksAndRejections (node:internal/process/task_queues:104:5)
    at async telegramApi (file:///Users/syphaoffice1/Mission-control-openclaw-25:02/Mission-control/orchestrator/index.mjs:186:15)
    at async pollingLoop (file:///Users/syphaoffice1/Mission-control-openclaw-25:02/Mission-control/orchestrator/index.mjs:542:23)
    at async Promise.allSettled (index 3)
    at async main (file:///Users/syphaoffice1/Mission-control-openclaw-25:02/Mission-control/orchestrator/index.mjs:1084:3) {
  [cause]: Error: getaddrinfo ENOTFOUND api.telegram.org
      at GetAddrInfoReqWrap.onlookupall [as oncomplete] (node:dns:121:26) {
    errno: -3008,
    code: 'ENOTFOUND',
    syscall: 'getaddrinfo',
    hostname: 'api.telegram.org'
  }
}
[watchdog] error TypeError: fetch failed
    at node:internal/deps/undici/undici:16416:13
    at process.processTicksAndRejections (node:internal/process/task_queues:104:5)
    at async ConvexHttpClient.queryInner (file:///Users/syphaoffice1/Mission-control-openclaw-25:02/Mission-control/node_modules/convex/dist/esm/browser/http_client.js:225:22)
    at async ConvexHttpClient.query (file:///Users/syphaoffice1/Mission-control-openclaw-25:02/Mission-control/node_modules/convex/dist/esm/browser/http_client.js:202:12)
    at async getAgentMap (file:///Users/syphaoffice1/Mission-control-openclaw-25:02/Mission-control/orchestrator/index.mjs:420:18)
    at async chiefWatchdogLoop (file:///Users/syphaoffice1/Mission-control-openclaw-25:02/Mission-control/orchestrator/index.mjs:860:22)
    at async Promise.allSettled (index 1)
    at async main (file:///Users/syphaoffice1/Mission-control-openclaw-25:02/Mission-control/orchestrator/index.mjs:1084:3) {
  [cause]: Error: getaddrinfo ENOTFOUND secret-fox-493.convex.cloud
      at GetAddrInfoReqWrap.onlookupall [as oncomplete] (node:dns:121:26) {
    errno: -3008,
    code: 'ENOTFOUND',
    syscall: 'getaddrinfo',
    hostname: 'secret-fox-493.convex.cloud'
  }
}
[triage] error TypeError: fetch failed
    at node:internal/deps/undici/undici:16416:13
    at process.processTicksAndRejections (node:internal/process/task_queues:104:5)
    at async ConvexHttpClient.queryInner (file:///Users/syphaoffice1/Mission-control-openclaw-25:02/Mission-control/node_modules/convex/dist/esm/browser/http_client.js:225:22)
    at async ConvexHttpClient.query (file:///Users/syphaoffice1/Mission-control-openclaw-25:02/Mission-control/node_modules/convex/dist/esm/browser/http_client.js:202:12)
    at async getAgentMap (file:///Users/syphaoffice1/Mission-control-openclaw-25:02/Mission-control/orchestrator/index.mjs:420:18)
    at async chiefTriageLoop (file:///Users/syphaoffice1/Mission-control-openclaw-25:02/Mission-control/orchestrator/index.mjs:612:22)
    at async Promise.allSettled (index 0)
    at async main (file:///Users/syphaoffice1/Mission-control-openclaw-25:02/Mission-control/orchestrator/index.mjs:1084:3) {
  [cause]: Error: getaddrinfo ENOTFOUND secret-fox-493.convex.cloud
      at GetAddrInfoReqWrap.onlookupall [as oncomplete] (node:dns:121:26) {
    errno: -3008,
    code: 'ENOTFOUND',
    syscall: 'getaddrinfo',
    hostname: 'secret-fox-493.convex.cloud'
  }
}
[triage] error TypeError: fetch failed
    at node:internal/deps/undici/undici:16416:13
    at process.processTicksAndRejections (node:internal/process/task_queues:104:5)
    at async ConvexHttpClient.queryInner (file:///Users/syphaoffice1/Mission-control-openclaw-25:02/Mission-control/node_modules/convex/dist/esm/browser/http_client.js:225:22)
    at async ConvexHttpClient.query (file:///Users/syphaoffice1/Mission-control-openclaw-25:02/Mission-control/node_modules/convex/dist/esm/browser/http_client.js:202:12)
    at async getAgentMap (file:///Users/syphaoffice1/Mission-control-openclaw-25:02/Mission-control/orchestrator/index.mjs:420:18)
    at async chiefTriageLoop (file:///Users/syphaoffice1/Mission-control-openclaw-25:02/Mission-control/orchestrator/index.mjs:612:22)
    at async Promise.allSettled (index 0)
    at async main (file:///Users/syphaoffice1/Mission-control-openclaw-25:02/Mission-control/orchestrator/index.mjs:1084:3) {
  [cause]: Error: getaddrinfo ENOTFOUND secret-fox-493.convex.cloud
      at GetAddrInfoReqWrap.onlookupall [as oncomplete] (node:dns:121:26) {
    errno: -3008,
    code: 'ENOTFOUND',
    syscall: 'getaddrinfo',
    hostname: 'secret-fox-493.convex.cloud'
  }
}
[triage] error TypeError: fetch failed
    at node:internal/deps/undici/undici:16416:13
    at process.processTicksAndRejections (node:internal/process/task_queues:104:5)
    at async ConvexHttpClient.queryInner (file:///Users/syphaoffice1/Mission-control-openclaw-25:02/Mission-control/node_modules/convex/dist/esm/browser/http_client.js:225:22)
    at async ConvexHttpClient.query (file:///Users/syphaoffice1/Mission-control-openclaw-25:02/Mission-control/node_modules/convex/dist/esm/browser/http_client.js:202:12)
    at async getAgentMap (file:///Users/syphaoffice1/Mission-control-openclaw-25:02/Mission-control/orchestrator/index.mjs:420:18)
    at async chiefTriageLoop (file:///Users/syphaoffice1/Mission-control-openclaw-25:02/Mission-control/orchestrator/index.mjs:612:22)
    at async Promise.allSettled (index 0)
    at async main (file:///Users/syphaoffice1/Mission-control-openclaw-25:02/Mission-control/orchestrator/index.mjs:1084:3) {
  [cause]: Error: getaddrinfo ENOTFOUND secret-fox-493.convex.cloud
      at GetAddrInfoReqWrap.onlookupall [as oncomplete] (node:dns:121:26) {
    errno: -3008,
    code: 'ENOTFOUND',
    syscall: 'getaddrinfo',
    hostname: 'secret-fox-493.convex.cloud'
  }
}
[notify] error TypeError: fetch failed
    at node:internal/deps/undici/undici:16416:13
    at process.processTicksAndRejections (node:internal/process/task_queues:104:5)
    at async ConvexHttpClient.queryInner (file:///Users/syphaoffice1/Mission-control-openclaw-25:02/Mission-control/node_modules/convex/dist/esm/browser/http_client.js:225:22)
    at async ConvexHttpClient.query (file:///Users/syphaoffice1/Mission-control-openclaw-25:02/Mission-control/node_modules/convex/dist/esm/browser/http_client.js:202:12)
    at async statusNotificationLoop (file:///Users/syphaoffice1/Mission-control-openclaw-25:02/Mission-control/orchestrator/index.mjs:992:21)
    at async Promise.allSettled (index 2)
    at async main (file:///Users/syphaoffice1/Mission-control-openclaw-25:02/Mission-control/orchestrator/index.mjs:1084:3) {
  [cause]: Error: getaddrinfo ENOTFOUND secret-fox-493.convex.cloud
      at GetAddrInfoReqWrap.onlookupall [as oncomplete] (node:dns:121:26) {
    errno: -3008,
    code: 'ENOTFOUND',
    syscall: 'getaddrinfo',
    hostname: 'secret-fox-493.convex.cloud'
  }
}
[triage] error TypeError: fetch failed
    at node:internal/deps/undici/undici:16416:13
    at process.processTicksAndRejections (node:internal/process/task_queues:104:5)
    at async ConvexHttpClient.queryInner (file:///Users/syphaoffice1/Mission-control-openclaw-25:02/Mission-control/node_modules/convex/dist/esm/browser/http_client.js:225:22)
    at async ConvexHttpClient.query (file:///Users/syphaoffice1/Mission-control-openclaw-25:02/Mission-control/node_modules/convex/dist/esm/browser/http_client.js:202:12)
    at async getAgentMap (file:///Users/syphaoffice1/Mission-control-openclaw-25:02/Mission-control/orchestrator/index.mjs:420:18)
    at async chiefTriageLoop (file:///Users/syphaoffice1/Mission-control-openclaw-25:02/Mission-control/orchestrator/index.mjs:612:22)
    at async Promise.allSettled (index 0)
    at async main (file:///Users/syphaoffice1/Mission-control-openclaw-25:02/Mission-control/orchestrator/index.mjs:1084:3) {
  [cause]: Error: getaddrinfo ENOTFOUND secret-fox-493.convex.cloud
      at GetAddrInfoReqWrap.onlookupall [as oncomplete] (node:dns:121:26) {
    errno: -3008,
    code: 'ENOTFOUND',
    syscall: 'getaddrinfo',
    hostname: 'secret-fox-493.convex.cloud'
  }
}
[triage] error TypeError: fetch failed
    at node:internal/deps/undici/undici:16416:13
    at process.processTicksAndRejections (node:internal/process/task_queues:104:5)
    at async ConvexHttpClient.queryInner (file:///Users/syphaoffice1/Mission-control-openclaw-25:02/Mission-control/node_modules/convex/dist/esm/browser/http_client.js:225:22)
    at async ConvexHttpClient.query (file:///Users/syphaoffice1/Mission-control-openclaw-25:02/Mission-control/node_modules/convex/dist/esm/browser/http_client.js:202:12)
    at async getAgentMap (file:///Users/syphaoffice1/Mission-control-openclaw-25:02/Mission-control/orchestrator/index.mjs:420:18)
    at async chiefTriageLoop (file:///Users/syphaoffice1/Mission-control-openclaw-25:02/Mission-control/orchestrator/index.mjs:612:22)
    at async Promise.allSettled (index 0)
    at async main (file:///Users/syphaoffice1/Mission-control-openclaw-25:02/Mission-control/orchestrator/index.mjs:1084:3) {
  [cause]: Error: getaddrinfo ENOTFOUND secret-fox-493.convex.cloud
      at GetAddrInfoReqWrap.onlookupall [as oncomplete] (node:dns:121:26) {
    errno: -3008,
    code: 'ENOTFOUND',
    syscall: 'getaddrinfo',
    hostname: 'secret-fox-493.convex.cloud'
  }
}
[poller] error TypeError: fetch failed
    at node:internal/deps/undici/undici:16416:13
    at process.processTicksAndRejections (node:internal/process/task_queues:104:5)
    at async telegramApi (file:///Users/syphaoffice1/Mission-control-openclaw-25:02/Mission-control/orchestrator/index.mjs:186:15)
    at async pollingLoop (file:///Users/syphaoffice1/Mission-control-openclaw-25:02/Mission-control/orchestrator/index.mjs:542:23)
    at async Promise.allSettled (index 3)
    at async main (file:///Users/syphaoffice1/Mission-control-openclaw-25:02/Mission-control/orchestrator/index.mjs:1084:3) {
  [cause]: Error: getaddrinfo ENOTFOUND api.telegram.org
      at GetAddrInfoReqWrap.onlookupall [as oncomplete] (node:dns:121:26) {
    errno: -3008,
    code: 'ENOTFOUND',
    syscall: 'getaddrinfo',
    hostname: 'api.telegram.org'
  }
}
[triage] error TypeError: fetch failed
    at node:internal/deps/undici/undici:16416:13
    at process.processTicksAndRejections (node:internal/process/task_queues:104:5)
    at async ConvexHttpClient.queryInner (file:///Users/syphaoffice1/Mission-control-openclaw-25:02/Mission-control/node_modules/convex/dist/esm/browser/http_client.js:225:22)
    at async ConvexHttpClient.query (file:///Users/syphaoffice1/Mission-control-openclaw-25:02/Mission-control/node_modules/convex/dist/esm/browser/http_client.js:202:12)
    at async getAgentMap (file:///Users/syphaoffice1/Mission-control-openclaw-25:02/Mission-control/orchestrator/index.mjs:420:18)
    at async chiefTriageLoop (file:///Users/syphaoffice1/Mission-control-openclaw-25:02/Mission-control/orchestrator/index.mjs:612:22)
    at async Promise.allSettled (index 0)
    at async main (file:///Users/syphaoffice1/Mission-control-openclaw-25:02/Mission-control/orchestrator/index.mjs:1084:3) {
  [cause]: Error: getaddrinfo ENOTFOUND secret-fox-493.convex.cloud
      at GetAddrInfoReqWrap.onlookupall [as oncomplete] (node:dns:121:26) {
    errno: -3008,
    code: 'ENOTFOUND',
    syscall: 'getaddrinfo',
    hostname: 'secret-fox-493.convex.cloud'
  }
}
[notify] error TypeError: fetch failed
    at node:internal/deps/undici/undici:16416:13
    at process.processTicksAndRejections (node:internal/process/task_queues:104:5)
    at async ConvexHttpClient.queryInner (file:///Users/syphaoffice1/Mission-control-openclaw-25:02/Mission-control/node_modules/convex/dist/esm/browser/http_client.js:225:22)
    at async ConvexHttpClient.query (file:///Users/syphaoffice1/Mission-control-openclaw-25:02/Mission-control/node_modules/convex/dist/esm/browser/http_client.js:202:12)
    at async statusNotificationLoop (file:///Users/syphaoffice1/Mission-control-openclaw-25:02/Mission-control/orchestrator/index.mjs:992:21)
    at async Promise.allSettled (index 2)
    at async main (file:///Users/syphaoffice1/Mission-control-openclaw-25:02/Mission-control/orchestrator/index.mjs:1084:3) {
  [cause]: Error: getaddrinfo ENOTFOUND secret-fox-493.convex.cloud
      at GetAddrInfoReqWrap.onlookupall [as oncomplete] (node:dns:121:26) {
    errno: -3008,
    code: 'ENOTFOUND',
    syscall: 'getaddrinfo',
    hostname: 'secret-fox-493.convex.cloud'
  }
}
[triage] error TypeError: fetch failed
    at node:internal/deps/undici/undici:16416:13
    at process.processTicksAndRejections (node:internal/process/task_queues:104:5)
    at async ConvexHttpClient.queryInner (file:///Users/syphaoffice1/Mission-control-openclaw-25:02/Mission-control/node_modules/convex/dist/esm/browser/http_client.js:225:22)
    at async ConvexHttpClient.query (file:///Users/syphaoffice1/Mission-control-openclaw-25:02/Mission-control/node_modules/convex/dist/esm/browser/http_client.js:202:12)
    at async getAgentMap (file:///Users/syphaoffice1/Mission-control-openclaw-25:02/Mission-control/orchestrator/index.mjs:420:18)
    at async chiefTriageLoop (file:///Users/syphaoffice1/Mission-control-openclaw-25:02/Mission-control/orchestrator/index.mjs:612:22)
    at async Promise.allSettled (index 0)
    at async main (file:///Users/syphaoffice1/Mission-control-openclaw-25:02/Mission-control/orchestrator/index.mjs:1084:3) {
  [cause]: Error: getaddrinfo ENOTFOUND secret-fox-493.convex.cloud
      at GetAddrInfoReqWrap.onlookupall [as oncomplete] (node:dns:121:26) {
    errno: -3008,
    code: 'ENOTFOUND',
    syscall: 'getaddrinfo',
    hostname: 'secret-fox-493.convex.cloud'
  }
}
[triage] error TypeError: fetch failed
    at node:internal/deps/undici/undici:16416:13
    at process.processTicksAndRejections (node:internal/process/task_queues:104:5)
    at async ConvexHttpClient.queryInner (file:///Users/syphaoffice1/Mission-control-openclaw-25:02/Mission-control/node_modules/convex/dist/esm/browser/http_client.js:225:22)
    at async ConvexHttpClient.query (file:///Users/syphaoffice1/Mission-control-openclaw-25:02/Mission-control/node_modules/convex/dist/esm/browser/http_client.js:202:12)
    at async getAgentMap (file:///Users/syphaoffice1/Mission-control-openclaw-25:02/Mission-control/orchestrator/index.mjs:420:18)
    at async chiefTriageLoop (file:///Users/syphaoffice1/Mission-control-openclaw-25:02/Mission-control/orchestrator/index.mjs:612:22)
    at async Promise.allSettled (index 0)
    at async main (file:///Users/syphaoffice1/Mission-control-openclaw-25:02/Mission-control/orchestrator/index.mjs:1084:3) {
  [cause]: Error: getaddrinfo ENOTFOUND secret-fox-493.convex.cloud
      at GetAddrInfoReqWrap.onlookupall [as oncomplete] (node:dns:121:26) {
    errno: -3008,
    code: 'ENOTFOUND',
    syscall: 'getaddrinfo',
    hostname: 'secret-fox-493.convex.cloud'
  }
}
[triage] error TypeError: fetch failed
    at node:internal/deps/undici/undici:16416:13
    at process.processTicksAndRejections (node:internal/process/task_queues:104:5)
    at async ConvexHttpClient.queryInner (file:///Users/syphaoffice1/Mission-control-openclaw-25:02/Mission-control/node_modules/convex/dist/esm/browser/http_client.js:225:22)
    at async ConvexHttpClient.query (file:///Users/syphaoffice1/Mission-control-openclaw-25:02/Mission-control/node_modules/convex/dist/esm/browser/http_client.js:202:12)
    at async getAgentMap (file:///Users/syphaoffice1/Mission-control-openclaw-25:02/Mission-control/orchestrator/index.mjs:420:18)
    at async chiefTriageLoop (file:///Users/syphaoffice1/Mission-control-openclaw-25:02/Mission-control/orchestrator/index.mjs:612:22)
    at async Promise.allSettled (index 0)
    at async main (file:///Users/syphaoffice1/Mission-control-openclaw-25:02/Mission-control/orchestrator/index.mjs:1084:3) {
  [cause]: Error: getaddrinfo ENOTFOUND secret-fox-493.convex.cloud
      at GetAddrInfoReqWrap.onlookupall [as oncomplete] (node:dns:121:26) {
    errno: -3008,
    code: 'ENOTFOUND',
    syscall: 'getaddrinfo',
    hostname: 'secret-fox-493.convex.cloud'
  }
}
[notify] error TypeError: fetch failed
    at node:internal/deps/undici/undici:16416:13
    at process.processTicksAndRejections (node:internal/process/task_queues:104:5)
    at async ConvexHttpClient.queryInner (file:///Users/syphaoffice1/Mission-control-openclaw-25:02/Mission-control/node_modules/convex/dist/esm/browser/http_client.js:225:22)
    at async ConvexHttpClient.query (file:///Users/syphaoffice1/Mission-control-openclaw-25:02/Mission-control/node_modules/convex/dist/esm/browser/http_client.js:202:12)
    at async statusNotificationLoop (file:///Users/syphaoffice1/Mission-control-openclaw-25:02/Mission-control/orchestrator/index.mjs:992:21)
    at async Promise.allSettled (index 2)
    at async main (file:///Users/syphaoffice1/Mission-control-openclaw-25:02/Mission-control/orchestrator/index.mjs:1084:3) {
  [cause]: Error: getaddrinfo ENOTFOUND secret-fox-493.convex.cloud
      at GetAddrInfoReqWrap.onlookupall [as oncomplete] (node:dns:121:26) {
    errno: -3008,
    code: 'ENOTFOUND',
    syscall: 'getaddrinfo',
    hostname: 'secret-fox-493.convex.cloud'
  }
}
[triage] error TypeError: fetch failed
    at node:internal/deps/undici/undici:16416:13
    at process.processTicksAndRejections (node:internal/process/task_queues:104:5)
    at async ConvexHttpClient.queryInner (file:///Users/syphaoffice1/Mission-control-openclaw-25:02/Mission-control/node_modules/convex/dist/esm/browser/http_client.js:225:22)
    at async ConvexHttpClient.query (file:///Users/syphaoffice1/Mission-control-openclaw-25:02/Mission-control/node_modules/convex/dist/esm/browser/http_client.js:202:12)
    at async getAgentMap (file:///Users/syphaoffice1/Mission-control-openclaw-25:02/Mission-control/orchestrator/index.mjs:420:18)
    at async chiefTriageLoop (file:///Users/syphaoffice1/Mission-control-openclaw-25:02/Mission-control/orchestrator/index.mjs:612:22)
    at async Promise.allSettled (index 0)
    at async main (file:///Users/syphaoffice1/Mission-control-openclaw-25:02/Mission-control/orchestrator/index.mjs:1084:3) {
  [cause]: Error: getaddrinfo ENOTFOUND secret-fox-493.convex.cloud
      at GetAddrInfoReqWrap.onlookupall [as oncomplete] (node:dns:121:26) {
    errno: -3008,
    code: 'ENOTFOUND',
    syscall: 'getaddrinfo',
    hostname: 'secret-fox-493.convex.cloud'
  }
}
[poller] error TypeError: fetch failed
    at node:internal/deps/undici/undici:16416:13
    at process.processTicksAndRejections (node:internal/process/task_queues:104:5)
    at async telegramApi (file:///Users/syphaoffice1/Mission-control-openclaw-25:02/Mission-control/orchestrator/index.mjs:186:15)
    at async pollingLoop (file:///Users/syphaoffice1/Mission-control-openclaw-25:02/Mission-control/orchestrator/index.mjs:542:23)
    at async Promise.allSettled (index 3)
    at async main (file:///Users/syphaoffice1/Mission-control-openclaw-25:02/Mission-control/orchestrator/index.mjs:1084:3) {
  [cause]: Error: getaddrinfo ENOTFOUND api.telegram.org
      at GetAddrInfoReqWrap.onlookupall [as oncomplete] (node:dns:121:26) {
    errno: -3008,
    code: 'ENOTFOUND',
    syscall: 'getaddrinfo',
    hostname: 'api.telegram.org'
  }
}
[triage] error TypeError: fetch failed
    at node:internal/deps/undici/undici:16416:13
    at process.processTicksAndRejections (node:internal/process/task_queues:104:5)
    at async ConvexHttpClient.queryInner (file:///Users/syphaoffice1/Mission-control-openclaw-25:02/Mission-control/node_modules/convex/dist/esm/browser/http_client.js:225:22)
    at async ConvexHttpClient.query (file:///Users/syphaoffice1/Mission-control-openclaw-25:02/Mission-control/node_modules/convex/dist/esm/browser/http_client.js:202:12)
    at async getAgentMap (file:///Users/syphaoffice1/Mission-control-openclaw-25:02/Mission-control/orchestrator/index.mjs:420:18)
    at async chiefTriageLoop (file:///Users/syphaoffice1/Mission-control-openclaw-25:02/Mission-control/orchestrator/index.mjs:612:22)
    at async Promise.allSettled (index 0)
    at async main (file:///Users/syphaoffice1/Mission-control-openclaw-25:02/Mission-control/orchestrator/index.mjs:1084:3) {
  [cause]: Error: getaddrinfo ENOTFOUND secret-fox-493.convex.cloud
      at GetAddrInfoReqWrap.onlookupall [as oncomplete] (node:dns:121:26) {
    errno: -3008,
    code: 'ENOTFOUND',
    syscall: 'getaddrinfo',
    hostname: 'secret-fox-493.convex.cloud'
  }
}
[triage] error TypeError: fetch failed
    at node:internal/deps/undici/undici:16416:13
    at process.processTicksAndRejections (node:internal/process/task_queues:104:5)
    at async ConvexHttpClient.queryInner (file:///Users/syphaoffice1/Mission-control-openclaw-25:02/Mission-control/node_modules/convex/dist/esm/browser/http_client.js:225:22)
    at async ConvexHttpClient.query (file:///Users/syphaoffice1/Mission-control-openclaw-25:02/Mission-control/node_modules/convex/dist/esm/browser/http_client.js:202:12)
    at async getAgentMap (file:///Users/syphaoffice1/Mission-control-openclaw-25:02/Mission-control/orchestrator/index.mjs:420:18)
    at async chiefTriageLoop (file:///Users/syphaoffice1/Mission-control-openclaw-25:02/Mission-control/orchestrator/index.mjs:612:22)
    at async Promise.allSettled (index 0)
    at async main (file:///Users/syphaoffice1/Mission-control-openclaw-25:02/Mission-control/orchestrator/index.mjs:1084:3) {
  [cause]: Error: getaddrinfo ENOTFOUND secret-fox-493.convex.cloud
      at GetAddrInfoReqWrap.onlookupall [as oncomplete] (node:dns:121:26) {
    errno: -3008,
    code: 'ENOTFOUND',
    syscall: 'getaddrinfo',
    hostname: 'secret-fox-493.convex.cloud'
  }
}
[triage] error TypeError: fetch failed
    at node:internal/deps/undici/undici:16416:13
    at process.processTicksAndRejections (node:internal/process/task_queues:104:5)
    at async ConvexHttpClient.queryInner (file:///Users/syphaoffice1/Mission-control-openclaw-25:02/Mission-control/node_modules/convex/dist/esm/browser/http_client.js:225:22)
    at async ConvexHttpClient.query (file:///Users/syphaoffice1/Mission-control-openclaw-25:02/Mission-control/node_modules/convex/dist/esm/browser/http_client.js:202:12)
    at async getAgentMap (file:///Users/syphaoffice1/Mission-control-openclaw-25:02/Mission-control/orchestrator/index.mjs:420:18)
    at async chiefTriageLoop (file:///Users/syphaoffice1/Mission-control-openclaw-25:02/Mission-control/orchestrator/index.mjs:612:22)
    at async Promise.allSettled (index 0)
    at async main (file:///Users/syphaoffice1/Mission-control-openclaw-25:02/Mission-control/orchestrator/index.mjs:1084:3) {
  [cause]: Error: getaddrinfo ENOTFOUND secret-fox-493.convex.cloud
      at GetAddrInfoReqWrap.onlookupall [as oncomplete] (node:dns:121:26) {
    errno: -3008,
    code: 'ENOTFOUND',
    syscall: 'getaddrinfo',
    hostname: 'secret-fox-493.convex.cloud'
  }
}
[notify] error TypeError: fetch failed
    at node:internal/deps/undici/undici:16416:13
    at process.processTicksAndRejections (node:internal/process/task_queues:104:5)
    at async ConvexHttpClient.queryInner (file:///Users/syphaoffice1/Mission-control-openclaw-25:02/Mission-control/node_modules/convex/dist/esm/browser/http_client.js:225:22)
    at async ConvexHttpClient.query (file:///Users/syphaoffice1/Mission-control-openclaw-25:02/Mission-control/node_modules/convex/dist/esm/browser/http_client.js:202:12)
    at async statusNotificationLoop (file:///Users/syphaoffice1/Mission-control-openclaw-25:02/Mission-control/orchestrator/index.mjs:992:21)
    at async Promise.allSettled (index 2)
    at async main (file:///Users/syphaoffice1/Mission-control-openclaw-25:02/Mission-control/orchestrator/index.mjs:1084:3) {
  [cause]: Error: getaddrinfo ENOTFOUND secret-fox-493.convex.cloud
      at GetAddrInfoReqWrap.onlookupall [as oncomplete] (node:dns:121:26) {
    errno: -3008,
    code: 'ENOTFOUND',
    syscall: 'getaddrinfo',
    hostname: 'secret-fox-493.convex.cloud'
  }
}
[triage] error TypeError: fetch failed
    at node:internal/deps/undici/undici:16416:13
    at process.processTicksAndRejections (node:internal/process/task_queues:104:5)
    at async ConvexHttpClient.queryInner (file:///Users/syphaoffice1/Mission-control-openclaw-25:02/Mission-control/node_modules/convex/dist/esm/browser/http_client.js:225:22)
    at async ConvexHttpClient.query (file:///Users/syphaoffice1/Mission-control-openclaw-25:02/Mission-control/node_modules/convex/dist/esm/browser/http_client.js:202:12)
    at async getAgentMap (file:///Users/syphaoffice1/Mission-control-openclaw-25:02/Mission-control/orchestrator/index.mjs:420:18)
    at async chiefTriageLoop (file:///Users/syphaoffice1/Mission-control-openclaw-25:02/Mission-control/orchestrator/index.mjs:612:22)
    at async Promise.allSettled (index 0)
    at async main (file:///Users/syphaoffice1/Mission-control-openclaw-25:02/Mission-control/orchestrator/index.mjs:1084:3) {
  [cause]: Error: getaddrinfo ENOTFOUND secret-fox-493.convex.cloud
      at GetAddrInfoReqWrap.onlookupall [as oncomplete] (node:dns:121:26) {
    errno: -3008,
    code: 'ENOTFOUND',
    syscall: 'getaddrinfo',
    hostname: 'secret-fox-493.convex.cloud'
  }
}
[triage] error TypeError: fetch failed
    at node:internal/deps/undici/undici:16416:13
    at process.processTicksAndRejections (node:internal/process/task_queues:104:5)
    at async ConvexHttpClient.queryInner (file:///Users/syphaoffice1/Mission-control-openclaw-25:02/Mission-control/node_modules/convex/dist/esm/browser/http_client.js:225:22)
    at async ConvexHttpClient.query (file:///Users/syphaoffice1/Mission-control-openclaw-25:02/Mission-control/node_modules/convex/dist/esm/browser/http_client.js:202:12)
    at async getAgentMap (file:///Users/syphaoffice1/Mission-control-openclaw-25:02/Mission-control/orchestrator/index.mjs:420:18)
    at async chiefTriageLoop (file:///Users/syphaoffice1/Mission-control-openclaw-25:02/Mission-control/orchestrator/index.mjs:612:22)
    at async Promise.allSettled (index 0)
    at async main (file:///Users/syphaoffice1/Mission-control-openclaw-25:02/Mission-control/orchestrator/index.mjs:1084:3) {
  [cause]: Error: getaddrinfo ENOTFOUND secret-fox-493.convex.cloud
      at GetAddrInfoReqWrap.onlookupall [as oncomplete] (node:dns:121:26) {
    errno: -3008,
    code: 'ENOTFOUND',
    syscall: 'getaddrinfo',
    hostname: 'secret-fox-493.convex.cloud'
  }
}
[poller] error TypeError: fetch failed
    at node:internal/deps/undici/undici:16416:13
    at process.processTicksAndRejections (node:internal/process/task_queues:104:5)
    at async telegramApi (file:///Users/syphaoffice1/Mission-control-openclaw-25:02/Mission-control/orchestrator/index.mjs:186:15)
    at async pollingLoop (file:///Users/syphaoffice1/Mission-control-openclaw-25:02/Mission-control/orchestrator/index.mjs:542:23)
    at async Promise.allSettled (index 3)
    at async main (file:///Users/syphaoffice1/Mission-control-openclaw-25:02/Mission-control/orchestrator/index.mjs:1084:3) {
  [cause]: Error: getaddrinfo ENOTFOUND api.telegram.org
      at GetAddrInfoReqWrap.onlookupall [as oncomplete] (node:dns:121:26) {
    errno: -3008,
    code: 'ENOTFOUND',
    syscall: 'getaddrinfo',
    hostname: 'api.telegram.org'
  }
}
[notify] error TypeError: fetch failed
    at node:internal/deps/undici/undici:16416:13
    at process.processTicksAndRejections (node:internal/process/task_queues:104:5)
    at async ConvexHttpClient.queryInner (file:///Users/syphaoffice1/Mission-control-openclaw-25:02/Mission-control/node_modules/convex/dist/esm/browser/http_client.js:225:22)
    at async ConvexHttpClient.query (file:///Users/syphaoffice1/Mission-control-openclaw-25:02/Mission-control/node_modules/convex/dist/esm/browser/http_client.js:202:12)
    at async statusNotificationLoop (file:///Users/syphaoffice1/Mission-control-openclaw-25:02/Mission-control/orchestrator/index.mjs:992:21)
    at async Promise.allSettled (index 2)
    at async main (file:///Users/syphaoffice1/Mission-control-openclaw-25:02/Mission-control/orchestrator/index.mjs:1084:3) {
  [cause]: Error: getaddrinfo ENOTFOUND secret-fox-493.convex.cloud
      at GetAddrInfoReqWrap.onlookupall [as oncomplete] (node:dns:121:26) {
    errno: -3008,
    code: 'ENOTFOUND',
    syscall: 'getaddrinfo',
    hostname: 'secret-fox-493.convex.cloud'
  }
}
[watchdog] error TypeError: fetch failed
    at node:internal/deps/undici/undici:16416:13
    at process.processTicksAndRejections (node:internal/process/task_queues:104:5)
    at async ConvexHttpClient.queryInner (file:///Users/syphaoffice1/Mission-control-openclaw-25:02/Mission-control/node_modules/convex/dist/esm/browser/http_client.js:225:22)
    at async ConvexHttpClient.query (file:///Users/syphaoffice1/Mission-control-openclaw-25:02/Mission-control/node_modules/convex/dist/esm/browser/http_client.js:202:12)
    at async getAgentMap (file:///Users/syphaoffice1/Mission-control-openclaw-25:02/Mission-control/orchestrator/index.mjs:420:18)
    at async chiefWatchdogLoop (file:///Users/syphaoffice1/Mission-control-openclaw-25:02/Mission-control/orchestrator/index.mjs:860:22)
    at async Promise.allSettled (index 1)
    at async main (file:///Users/syphaoffice1/Mission-control-openclaw-25:02/Mission-control/orchestrator/index.mjs:1084:3) {
  [cause]: Error: getaddrinfo ENOTFOUND secret-fox-493.convex.cloud
      at GetAddrInfoReqWrap.onlookupall [as oncomplete] (node:dns:121:26) {
    errno: -3008,
    code: 'ENOTFOUND',
    syscall: 'getaddrinfo',
    hostname: 'secret-fox-493.convex.cloud'
  }
}
[triage] error TypeError: fetch failed
    at node:internal/deps/undici/undici:16416:13
    at process.processTicksAndRejections (node:internal/process/task_queues:104:5)
    at async ConvexHttpClient.queryInner (file:///Users/syphaoffice1/Mission-control-openclaw-25:02/Mission-control/node_modules/convex/dist/esm/browser/http_client.js:225:22)
    at async ConvexHttpClient.query (file:///Users/syphaoffice1/Mission-control-openclaw-25:02/Mission-control/node_modules/convex/dist/esm/browser/http_client.js:202:12)
    at async getAgentMap (file:///Users/syphaoffice1/Mission-control-openclaw-25:02/Mission-control/orchestrator/index.mjs:420:18)
    at async chiefTriageLoop (file:///Users/syphaoffice1/Mission-control-openclaw-25:02/Mission-control/orchestrator/index.mjs:612:22)
    at async Promise.allSettled (index 0)
    at async main (file:///Users/syphaoffice1/Mission-control-openclaw-25:02/Mission-control/orchestrator/index.mjs:1084:3) {
  [cause]: Error: getaddrinfo ENOTFOUND secret-fox-493.convex.cloud
      at GetAddrInfoReqWrap.onlookupall [as oncomplete] (node:dns:121:26) {
    errno: -3008,
    code: 'ENOTFOUND',
    syscall: 'getaddrinfo',
    hostname: 'secret-fox-493.convex.cloud'
  }
}
[triage] error TypeError: fetch failed
    at node:internal/deps/undici/undici:16416:13
    at process.processTicksAndRejections (node:internal/process/task_queues:104:5)
    at async ConvexHttpClient.queryInner (file:///Users/syphaoffice1/Mission-control-openclaw-25:02/Mission-control/node_modules/convex/dist/esm/browser/http_client.js:225:22)
    at async ConvexHttpClient.query (file:///Users/syphaoffice1/Mission-control-openclaw-25:02/Mission-control/node_modules/convex/dist/esm/browser/http_client.js:202:12)
    at async getAgentMap (file:///Users/syphaoffice1/Mission-control-openclaw-25:02/Mission-control/orchestrator/index.mjs:420:18)
    at async chiefTriageLoop (file:///Users/syphaoffice1/Mission-control-openclaw-25:02/Mission-control/orchestrator/index.mjs:612:22)
    at async Promise.allSettled (index 0)
    at async main (file:///Users/syphaoffice1/Mission-control-openclaw-25:02/Mission-control/orchestrator/index.mjs:1084:3) {
  [cause]: Error: getaddrinfo ENOTFOUND secret-fox-493.convex.cloud
      at GetAddrInfoReqWrap.onlookupall [as oncomplete] (node:dns:121:26) {
    errno: -3008,
    code: 'ENOTFOUND',
    syscall: 'getaddrinfo',
    hostname: 'secret-fox-493.convex.cloud'
  }
}
[triage] error TypeError: fetch failed
    at node:internal/deps/undici/undici:16416:13
    at process.processTicksAndRejections (node:internal/process/task_queues:104:5)
    at async ConvexHttpClient.queryInner (file:///Users/syphaoffice1/Mission-control-openclaw-25:02/Mission-control/node_modules/convex/dist/esm/browser/http_client.js:225:22)
    at async ConvexHttpClient.query (file:///Users/syphaoffice1/Mission-control-openclaw-25:02/Mission-control/node_modules/convex/dist/esm/browser/http_client.js:202:12)
    at async getAgentMap (file:///Users/syphaoffice1/Mission-control-openclaw-25:02/Mission-control/orchestrator/index.mjs:420:18)
    at async chiefTriageLoop (file:///Users/syphaoffice1/Mission-control-openclaw-25:02/Mission-control/orchestrator/index.mjs:612:22)
    at async Promise.allSettled (index 0)
    at async main (file:///Users/syphaoffice1/Mission-control-openclaw-25:02/Mission-control/orchestrator/index.mjs:1084:3) {
  [cause]: Error: getaddrinfo ENOTFOUND secret-fox-493.convex.cloud
      at GetAddrInfoReqWrap.onlookupall [as oncomplete] (node:dns:121:26) {
    errno: -3008,
    code: 'ENOTFOUND',
    syscall: 'getaddrinfo',
    hostname: 'secret-fox-493.convex.cloud'
  }
}
[notify] error TypeError: fetch failed
    at node:internal/deps/undici/undici:16416:13
    at process.processTicksAndRejections (node:internal/process/task_queues:104:5)
    at async ConvexHttpClient.queryInner (file:///Users/syphaoffice1/Mission-control-openclaw-25:02/Mission-control/node_modules/convex/dist/esm/browser/http_client.js:225:22)
    at async ConvexHttpClient.query (file:///Users/syphaoffice1/Mission-control-openclaw-25:02/Mission-control/node_modules/convex/dist/esm/browser/http_client.js:202:12)
    at async statusNotificationLoop (file:///Users/syphaoffice1/Mission-control-openclaw-25:02/Mission-control/orchestrator/index.mjs:992:21)
    at async Promise.allSettled (index 2)
    at async main (file:///Users/syphaoffice1/Mission-control-openclaw-25:02/Mission-control/orchestrator/index.mjs:1084:3) {
  [cause]: Error: getaddrinfo ENOTFOUND secret-fox-493.convex.cloud
      at GetAddrInfoReqWrap.onlookupall [as oncomplete] (node:dns:121:26) {
    errno: -3008,
    code: 'ENOTFOUND',
    syscall: 'getaddrinfo',
    hostname: 'secret-fox-493.convex.cloud'
  }
}
[triage] error TypeError: fetch failed
    at node:internal/deps/undici/undici:16416:13
    at process.processTicksAndRejections (node:internal/process/task_queues:104:5)
    at async ConvexHttpClient.queryInner (file:///Users/syphaoffice1/Mission-control-openclaw-25:02/Mission-control/node_modules/convex/dist/esm/browser/http_client.js:225:22)
    at async ConvexHttpClient.query (file:///Users/syphaoffice1/Mission-control-openclaw-25:02/Mission-control/node_modules/convex/dist/esm/browser/http_client.js:202:12)
    at async getAgentMap (file:///Users/syphaoffice1/Mission-control-openclaw-25:02/Mission-control/orchestrator/index.mjs:420:18)
    at async chiefTriageLoop (file:///Users/syphaoffice1/Mission-control-openclaw-25:02/Mission-control/orchestrator/index.mjs:612:22)
    at async Promise.allSettled (index 0)
    at async main (file:///Users/syphaoffice1/Mission-control-openclaw-25:02/Mission-control/orchestrator/index.mjs:1084:3) {
  [cause]: Error: getaddrinfo ENOTFOUND secret-fox-493.convex.cloud
      at GetAddrInfoReqWrap.onlookupall [as oncomplete] (node:dns:121:26) {
    errno: -3008,
    code: 'ENOTFOUND',
    syscall: 'getaddrinfo',
    hostname: 'secret-fox-493.convex.cloud'
  }
}
[poller] error TypeError: fetch failed
    at node:internal/deps/undici/undici:16416:13
    at process.processTicksAndRejections (node:internal/process/task_queues:104:5)
    at async telegramApi (file:///Users/syphaoffice1/Mission-control-openclaw-25:02/Mission-control/orchestrator/index.mjs:186:15)
    at async pollingLoop (file:///Users/syphaoffice1/Mission-control-openclaw-25:02/Mission-control/orchestrator/index.mjs:542:23)
    at async Promise.allSettled (index 3)
    at async main (file:///Users/syphaoffice1/Mission-control-openclaw-25:02/Mission-control/orchestrator/index.mjs:1084:3) {
  [cause]: Error: getaddrinfo ENOTFOUND api.telegram.org
      at GetAddrInfoReqWrap.onlookupall [as oncomplete] (node:dns:121:26) {
    errno: -3008,
    code: 'ENOTFOUND',
    syscall: 'getaddrinfo',
    hostname: 'api.telegram.org'
  }
}
[notify] error TypeError: fetch failed
    at node:internal/deps/undici/undici:16416:13
    at process.processTicksAndRejections (node:internal/process/task_queues:104:5)
    at async ConvexHttpClient.queryInner (file:///Users/syphaoffice1/Mission-control-openclaw-25:02/Mission-control/node_modules/convex/dist/esm/browser/http_client.js:225:22)
    at async ConvexHttpClient.query (file:///Users/syphaoffice1/Mission-control-openclaw-25:02/Mission-control/node_modules/convex/dist/esm/browser/http_client.js:202:12)
    at async statusNotificationLoop (file:///Users/syphaoffice1/Mission-control-openclaw-25:02/Mission-control/orchestrator/index.mjs:992:21)
    at async Promise.allSettled (index 2)
    at async main (file:///Users/syphaoffice1/Mission-control-openclaw-25:02/Mission-control/orchestrator/index.mjs:1084:3) {
  [cause]: Error: getaddrinfo ENOTFOUND secret-fox-493.convex.cloud
      at GetAddrInfoReqWrap.onlookupall [as oncomplete] (node:dns:121:26) {
    errno: -3008,
    code: 'ENOTFOUND',
    syscall: 'getaddrinfo',
    hostname: 'secret-fox-493.convex.cloud'
  }
}
[watchdog] error TypeError: fetch failed
    at node:internal/deps/undici/undici:16416:13
    at process.processTicksAndRejections (node:internal/process/task_queues:104:5)
    at async ConvexHttpClient.queryInner (file:///Users/syphaoffice1/Mission-control-openclaw-25:02/Mission-control/node_modules/convex/dist/esm/browser/http_client.js:225:22)
    at async ConvexHttpClient.query (file:///Users/syphaoffice1/Mission-control-openclaw-25:02/Mission-control/node_modules/convex/dist/esm/browser/http_client.js:202:12)
    at async getAgentMap (file:///Users/syphaoffice1/Mission-control-openclaw-25:02/Mission-control/orchestrator/index.mjs:420:18)
    at async chiefWatchdogLoop (file:///Users/syphaoffice1/Mission-control-openclaw-25:02/Mission-control/orchestrator/index.mjs:860:22)
    at async Promise.allSettled (index 1)
    at async main (file:///Users/syphaoffice1/Mission-control-openclaw-25:02/Mission-control/orchestrator/index.mjs:1084:3) {
  [cause]: Error: getaddrinfo ENOTFOUND secret-fox-493.convex.cloud
      at GetAddrInfoReqWrap.onlookupall [as oncomplete] (node:dns:121:26) {
    errno: -3008,
    code: 'ENOTFOUND',
    syscall: 'getaddrinfo',
    hostname: 'secret-fox-493.convex.cloud'
  }
}
[triage] error TypeError: fetch failed
    at node:internal/deps/undici/undici:16416:13
    at process.processTicksAndRejections (node:internal/process/task_queues:104:5)
    at async ConvexHttpClient.queryInner (file:///Users/syphaoffice1/Mission-control-openclaw-25:02/Mission-control/node_modules/convex/dist/esm/browser/http_client.js:225:22)
    at async ConvexHttpClient.query (file:///Users/syphaoffice1/Mission-control-openclaw-25:02/Mission-control/node_modules/convex/dist/esm/browser/http_client.js:202:12)
    at async getAgentMap (file:///Users/syphaoffice1/Mission-control-openclaw-25:02/Mission-control/orchestrator/index.mjs:420:18)
    at async chiefTriageLoop (file:///Users/syphaoffice1/Mission-control-openclaw-25:02/Mission-control/orchestrator/index.mjs:612:22)
    at async Promise.allSettled (index 0)
    at async main (file:///Users/syphaoffice1/Mission-control-openclaw-25:02/Mission-control/orchestrator/index.mjs:1084:3) {
  [cause]: Error: getaddrinfo ENOTFOUND secret-fox-493.convex.cloud
      at GetAddrInfoReqWrap.onlookupall [as oncomplete] (node:dns:121:26) {
    errno: -3008,
    code: 'ENOTFOUND',
    syscall: 'getaddrinfo',
    hostname: 'secret-fox-493.convex.cloud'
  }
}
[triage] error TypeError: fetch failed
    at node:internal/deps/undici/undici:16416:13
    at process.processTicksAndRejections (node:internal/process/task_queues:104:5)
    at async ConvexHttpClient.queryInner (file:///Users/syphaoffice1/Mission-control-openclaw-25:02/Mission-control/node_modules/convex/dist/esm/browser/http_client.js:225:22)
    at async ConvexHttpClient.query (file:///Users/syphaoffice1/Mission-control-openclaw-25:02/Mission-control/node_modules/convex/dist/esm/browser/http_client.js:202:12)
    at async getAgentMap (file:///Users/syphaoffice1/Mission-control-openclaw-25:02/Mission-control/orchestrator/index.mjs:420:18)
    at async chiefTriageLoop (file:///Users/syphaoffice1/Mission-control-openclaw-25:02/Mission-control/orchestrator/index.mjs:612:22)
    at async Promise.allSettled (index 0)
    at async main (file:///Users/syphaoffice1/Mission-control-openclaw-25:02/Mission-control/orchestrator/index.mjs:1084:3) {
  [cause]: Error: getaddrinfo ENOTFOUND secret-fox-493.convex.cloud
      at GetAddrInfoReqWrap.onlookupall [as oncomplete] (node:dns:121:26) {
    errno: -3008,
    code: 'ENOTFOUND',
    syscall: 'getaddrinfo',
    hostname: 'secret-fox-493.convex.cloud'
  }
}
[triage] error TypeError: fetch failed
    at node:internal/deps/undici/undici:16416:13
    at process.processTicksAndRejections (node:internal/process/task_queues:104:5)
    at async ConvexHttpClient.queryInner (file:///Users/syphaoffice1/Mission-control-openclaw-25:02/Mission-control/node_modules/convex/dist/esm/browser/http_client.js:225:22)
    at async ConvexHttpClient.query (file:///Users/syphaoffice1/Mission-control-openclaw-25:02/Mission-control/node_modules/convex/dist/esm/browser/http_client.js:202:12)
    at async getAgentMap (file:///Users/syphaoffice1/Mission-control-openclaw-25:02/Mission-control/orchestrator/index.mjs:420:18)
    at async chiefTriageLoop (file:///Users/syphaoffice1/Mission-control-openclaw-25:02/Mission-control/orchestrator/index.mjs:612:22)
    at async Promise.allSettled (index 0)
    at async main (file:///Users/syphaoffice1/Mission-control-openclaw-25:02/Mission-control/orchestrator/index.mjs:1084:3) {
  [cause]: Error: getaddrinfo ENOTFOUND secret-fox-493.convex.cloud
      at GetAddrInfoReqWrap.onlookupall [as oncomplete] (node:dns:121:26) {
    errno: -3008,
    code: 'ENOTFOUND',
    syscall: 'getaddrinfo',
    hostname: 'secret-fox-493.convex.cloud'
  }
}
[notify] error TypeError: fetch failed
    at node:internal/deps/undici/undici:16416:13
    at process.processTicksAndRejections (node:internal/process/task_queues:104:5)
    at async ConvexHttpClient.queryInner (file:///Users/syphaoffice1/Mission-control-openclaw-25:02/Mission-control/node_modules/convex/dist/esm/browser/http_client.js:225:22)
    at async ConvexHttpClient.query (file:///Users/syphaoffice1/Mission-control-openclaw-25:02/Mission-control/node_modules/convex/dist/esm/browser/http_client.js:202:12)
    at async statusNotificationLoop (file:///Users/syphaoffice1/Mission-control-openclaw-25:02/Mission-control/orchestrator/index.mjs:992:21)
    at async Promise.allSettled (index 2)
    at async main (file:///Users/syphaoffice1/Mission-control-openclaw-25:02/Mission-control/orchestrator/index.mjs:1084:3) {
  [cause]: Error: getaddrinfo ENOTFOUND secret-fox-493.convex.cloud
      at GetAddrInfoReqWrap.onlookupall [as oncomplete] (node:dns:121:26) {
    errno: -3008,
    code: 'ENOTFOUND',
    syscall: 'getaddrinfo',
    hostname: 'secret-fox-493.convex.cloud'
  }
}
[poller] error TypeError: fetch failed
    at node:internal/deps/undici/undici:16416:13
    at process.processTicksAndRejections (node:internal/process/task_queues:104:5)
    at async telegramApi (file:///Users/syphaoffice1/Mission-control-openclaw-25:02/Mission-control/orchestrator/index.mjs:186:15)
    at async pollingLoop (file:///Users/syphaoffice1/Mission-control-openclaw-25:02/Mission-control/orchestrator/index.mjs:542:23)
    at async Promise.allSettled (index 3)
    at async main (file:///Users/syphaoffice1/Mission-control-openclaw-25:02/Mission-control/orchestrator/index.mjs:1084:3) {
  [cause]: Error: getaddrinfo ENOTFOUND api.telegram.org
      at GetAddrInfoReqWrap.onlookupall [as oncomplete] (node:dns:121:26) {
    errno: -3008,
    code: 'ENOTFOUND',
    syscall: 'getaddrinfo',
    hostname: 'api.telegram.org'
  }
}
[watchdog] error TypeError: fetch failed
    at node:internal/deps/undici/undici:16416:13
    at process.processTicksAndRejections (node:internal/process/task_queues:104:5)
    at async ConvexHttpClient.queryInner (file:///Users/syphaoffice1/Mission-control-openclaw-25:02/Mission-control/node_modules/convex/dist/esm/browser/http_client.js:225:22)
    at async ConvexHttpClient.query (file:///Users/syphaoffice1/Mission-control-openclaw-25:02/Mission-control/node_modules/convex/dist/esm/browser/http_client.js:202:12)
    at async getAgentMap (file:///Users/syphaoffice1/Mission-control-openclaw-25:02/Mission-control/orchestrator/index.mjs:420:18)
    at async chiefWatchdogLoop (file:///Users/syphaoffice1/Mission-control-openclaw-25:02/Mission-control/orchestrator/index.mjs:860:22)
    at async Promise.allSettled (index 1)
    at async main (file:///Users/syphaoffice1/Mission-control-openclaw-25:02/Mission-control/orchestrator/index.mjs:1084:3) {
  [cause]: Error: getaddrinfo ENOTFOUND secret-fox-493.convex.cloud
      at GetAddrInfoReqWrap.onlookupall [as oncomplete] (node:dns:121:26) {
    errno: -3008,
    code: 'ENOTFOUND',
    syscall: 'getaddrinfo',
    hostname: 'secret-fox-493.convex.cloud'
  }
}
[triage] error TypeError: fetch failed
    at node:internal/deps/undici/undici:16416:13
    at process.processTicksAndRejections (node:internal/process/task_queues:104:5)
    at async ConvexHttpClient.queryInner (file:///Users/syphaoffice1/Mission-control-openclaw-25:02/Mission-control/node_modules/convex/dist/esm/browser/http_client.js:225:22)
    at async ConvexHttpClient.query (file:///Users/syphaoffice1/Mission-control-openclaw-25:02/Mission-control/node_modules/convex/dist/esm/browser/http_client.js:202:12)
    at async getAgentMap (file:///Users/syphaoffice1/Mission-control-openclaw-25:02/Mission-control/orchestrator/index.mjs:420:18)
    at async chiefTriageLoop (file:///Users/syphaoffice1/Mission-control-openclaw-25:02/Mission-control/orchestrator/index.mjs:612:22)
    at async Promise.allSettled (index 0)
    at async main (file:///Users/syphaoffice1/Mission-control-openclaw-25:02/Mission-control/orchestrator/index.mjs:1084:3) {
  [cause]: Error: getaddrinfo ENOTFOUND secret-fox-493.convex.cloud
      at GetAddrInfoReqWrap.onlookupall [as oncomplete] (node:dns:121:26) {
    errno: -3008,
    code: 'ENOTFOUND',
    syscall: 'getaddrinfo',
    hostname: 'secret-fox-493.convex.cloud'
  }
}
[triage] error TypeError: fetch failed
    at node:internal/deps/undici/undici:16416:13
    at process.processTicksAndRejections (node:internal/process/task_queues:104:5)
    at async ConvexHttpClient.queryInner (file:///Users/syphaoffice1/Mission-control-openclaw-25:02/Mission-control/node_modules/convex/dist/esm/browser/http_client.js:225:22)
    at async ConvexHttpClient.query (file:///Users/syphaoffice1/Mission-control-openclaw-25:02/Mission-control/node_modules/convex/dist/esm/browser/http_client.js:202:12)
    at async getAgentMap (file:///Users/syphaoffice1/Mission-control-openclaw-25:02/Mission-control/orchestrator/index.mjs:420:18)
    at async chiefTriageLoop (file:///Users/syphaoffice1/Mission-control-openclaw-25:02/Mission-control/orchestrator/index.mjs:612:22)
    at async Promise.allSettled (index 0)
    at async main (file:///Users/syphaoffice1/Mission-control-openclaw-25:02/Mission-control/orchestrator/index.mjs:1084:3) {
  [cause]: Error: getaddrinfo ENOTFOUND secret-fox-493.convex.cloud
      at GetAddrInfoReqWrap.onlookupall [as oncomplete] (node:dns:121:26) {
    errno: -3008,
    code: 'ENOTFOUND',
    syscall: 'getaddrinfo',
    hostname: 'secret-fox-493.convex.cloud'
  }
}
[triage] error TypeError: fetch failed
    at node:internal/deps/undici/undici:16416:13
    at process.processTicksAndRejections (node:internal/process/task_queues:104:5)
    at async ConvexHttpClient.queryInner (file:///Users/syphaoffice1/Mission-control-openclaw-25:02/Mission-control/node_modules/convex/dist/esm/browser/http_client.js:225:22)
    at async ConvexHttpClient.query (file:///Users/syphaoffice1/Mission-control-openclaw-25:02/Mission-control/node_modules/convex/dist/esm/browser/http_client.js:202:12)
    at async getAgentMap (file:///Users/syphaoffice1/Mission-control-openclaw-25:02/Mission-control/orchestrator/index.mjs:420:18)
    at async chiefTriageLoop (file:///Users/syphaoffice1/Mission-control-openclaw-25:02/Mission-control/orchestrator/index.mjs:612:22)
    at async Promise.allSettled (index 0)
    at async main (file:///Users/syphaoffice1/Mission-control-openclaw-25:02/Mission-control/orchestrator/index.mjs:1084:3) {
  [cause]: Error: getaddrinfo ENOTFOUND secret-fox-493.convex.cloud
      at GetAddrInfoReqWrap.onlookupall [as oncomplete] (node:dns:121:26) {
    errno: -3008,
    code: 'ENOTFOUND',
    syscall: 'getaddrinfo',
    hostname: 'secret-fox-493.convex.cloud'
  }
}
[notify] error TypeError: fetch failed
    at node:internal/deps/undici/undici:16416:13
    at process.processTicksAndRejections (node:internal/process/task_queues:104:5)
    at async ConvexHttpClient.queryInner (file:///Users/syphaoffice1/Mission-control-openclaw-25:02/Mission-control/node_modules/convex/dist/esm/browser/http_client.js:225:22)
    at async ConvexHttpClient.query (file:///Users/syphaoffice1/Mission-control-openclaw-25:02/Mission-control/node_modules/convex/dist/esm/browser/http_client.js:202:12)
    at async statusNotificationLoop (file:///Users/syphaoffice1/Mission-control-openclaw-25:02/Mission-control/orchestrator/index.mjs:992:21)
    at async Promise.allSettled (index 2)
    at async main (file:///Users/syphaoffice1/Mission-control-openclaw-25:02/Mission-control/orchestrator/index.mjs:1084:3) {
  [cause]: Error: getaddrinfo ENOTFOUND secret-fox-493.convex.cloud
      at GetAddrInfoReqWrap.onlookupall [as oncomplete] (node:dns:121:26) {
    errno: -3008,
    code: 'ENOTFOUND',
    syscall: 'getaddrinfo',
    hostname: 'secret-fox-493.convex.cloud'
  }
}
[triage] error TypeError: fetch failed
    at node:internal/deps/undici/undici:16416:13
    at process.processTicksAndRejections (node:internal/process/task_queues:104:5)
    at async ConvexHttpClient.queryInner (file:///Users/syphaoffice1/Mission-control-openclaw-25:02/Mission-control/node_modules/convex/dist/esm/browser/http_client.js:225:22)
    at async ConvexHttpClient.query (file:///Users/syphaoffice1/Mission-control-openclaw-25:02/Mission-control/node_modules/convex/dist/esm/browser/http_client.js:202:12)
    at async getAgentMap (file:///Users/syphaoffice1/Mission-control-openclaw-25:02/Mission-control/orchestrator/index.mjs:420:18)
    at async chiefTriageLoop (file:///Users/syphaoffice1/Mission-control-openclaw-25:02/Mission-control/orchestrator/index.mjs:612:22)
    at async Promise.allSettled (index 0)
    at async main (file:///Users/syphaoffice1/Mission-control-openclaw-25:02/Mission-control/orchestrator/index.mjs:1084:3) {
  [cause]: Error: getaddrinfo ENOTFOUND secret-fox-493.convex.cloud
      at GetAddrInfoReqWrap.onlookupall [as oncomplete] (node:dns:121:26) {
    errno: -3008,
    code: 'ENOTFOUND',
    syscall: 'getaddrinfo',
    hostname: 'secret-fox-493.convex.cloud'
  }
}
[watchdog] error TypeError: fetch failed
    at node:internal/deps/undici/undici:16416:13
    at process.processTicksAndRejections (node:internal/process/task_queues:104:5)
    at async ConvexHttpClient.queryInner (file:///Users/syphaoffice1/Mission-control-openclaw-25:02/Mission-control/node_modules/convex/dist/esm/browser/http_client.js:225:22)
    at async ConvexHttpClient.query (file:///Users/syphaoffice1/Mission-control-openclaw-25:02/Mission-control/node_modules/convex/dist/esm/browser/http_client.js:202:12)
    at async getAgentMap (file:///Users/syphaoffice1/Mission-control-openclaw-25:02/Mission-control/orchestrator/index.mjs:420:18)
    at async chiefWatchdogLoop (file:///Users/syphaoffice1/Mission-control-openclaw-25:02/Mission-control/orchestrator/index.mjs:860:22)
    at async Promise.allSettled (index 1)
    at async main (file:///Users/syphaoffice1/Mission-control-openclaw-25:02/Mission-control/orchestrator/index.mjs:1084:3) {
  [cause]: Error: getaddrinfo ENOTFOUND secret-fox-493.convex.cloud
      at GetAddrInfoReqWrap.onlookupall [as oncomplete] (node:dns:121:26) {
    errno: -3008,
    code: 'ENOTFOUND',
    syscall: 'getaddrinfo',
    hostname: 'secret-fox-493.convex.cloud'
  }
}
[poller] error TypeError: fetch failed
    at node:internal/deps/undici/undici:16416:13
    at process.processTicksAndRejections (node:internal/process/task_queues:104:5)
    at async telegramApi (file:///Users/syphaoffice1/Mission-control-openclaw-25:02/Mission-control/orchestrator/index.mjs:186:15)
    at async pollingLoop (file:///Users/syphaoffice1/Mission-control-openclaw-25:02/Mission-control/orchestrator/index.mjs:542:23)
    at async Promise.allSettled (index 3)
    at async main (file:///Users/syphaoffice1/Mission-control-openclaw-25:02/Mission-control/orchestrator/index.mjs:1084:3) {
  [cause]: Error: getaddrinfo ENOTFOUND api.telegram.org
      at GetAddrInfoReqWrap.onlookupall [as oncomplete] (node:dns:121:26) {
    errno: -3008,
    code: 'ENOTFOUND',
    syscall: 'getaddrinfo',
    hostname: 'api.telegram.org'
  }
}
[triage] error TypeError: fetch failed
    at node:internal/deps/undici/undici:16416:13
    at process.processTicksAndRejections (node:internal/process/task_queues:104:5)
    at async ConvexHttpClient.queryInner (file:///Users/syphaoffice1/Mission-control-openclaw-25:02/Mission-control/node_modules/convex/dist/esm/browser/http_client.js:225:22)
    at async ConvexHttpClient.query (file:///Users/syphaoffice1/Mission-control-openclaw-25:02/Mission-control/node_modules/convex/dist/esm/browser/http_client.js:202:12)
    at async getAgentMap (file:///Users/syphaoffice1/Mission-control-openclaw-25:02/Mission-control/orchestrator/index.mjs:420:18)
    at async chiefTriageLoop (file:///Users/syphaoffice1/Mission-control-openclaw-25:02/Mission-control/orchestrator/index.mjs:612:22)
    at async Promise.allSettled (index 0)
    at async main (file:///Users/syphaoffice1/Mission-control-openclaw-25:02/Mission-control/orchestrator/index.mjs:1084:3) {
  [cause]: Error: getaddrinfo ENOTFOUND secret-fox-493.convex.cloud
      at GetAddrInfoReqWrap.onlookupall [as oncomplete] (node:dns:121:26) {
    errno: -3008,
    code: 'ENOTFOUND',
    syscall: 'getaddrinfo',
    hostname: 'secret-fox-493.convex.cloud'
  }
}
[triage] error TypeError: fetch failed
    at node:internal/deps/undici/undici:16416:13
    at process.processTicksAndRejections (node:internal/process/task_queues:104:5)
    at async ConvexHttpClient.queryInner (file:///Users/syphaoffice1/Mission-control-openclaw-25:02/Mission-control/node_modules/convex/dist/esm/browser/http_client.js:225:22)
    at async ConvexHttpClient.query (file:///Users/syphaoffice1/Mission-control-openclaw-25:02/Mission-control/node_modules/convex/dist/esm/browser/http_client.js:202:12)
    at async getAgentMap (file:///Users/syphaoffice1/Mission-control-openclaw-25:02/Mission-control/orchestrator/index.mjs:420:18)
    at async chiefTriageLoop (file:///Users/syphaoffice1/Mission-control-openclaw-25:02/Mission-control/orchestrator/index.mjs:612:22)
    at async Promise.allSettled (index 0)
    at async main (file:///Users/syphaoffice1/Mission-control-openclaw-25:02/Mission-control/orchestrator/index.mjs:1084:3) {
  [cause]: Error: getaddrinfo ENOTFOUND secret-fox-493.convex.cloud
      at GetAddrInfoReqWrap.onlookupall [as oncomplete] (node:dns:121:26) {
    errno: -3008,
    code: 'ENOTFOUND',
    syscall: 'getaddrinfo',
    hostname: 'secret-fox-493.convex.cloud'
  }
}
[triage] error TypeError: fetch failed
    at node:internal/deps/undici/undici:16416:13
    at process.processTicksAndRejections (node:internal/process/task_queues:104:5)
    at async ConvexHttpClient.queryInner (file:///Users/syphaoffice1/Mission-control-openclaw-25:02/Mission-control/node_modules/convex/dist/esm/browser/http_client.js:225:22)
    at async ConvexHttpClient.query (file:///Users/syphaoffice1/Mission-control-openclaw-25:02/Mission-control/node_modules/convex/dist/esm/browser/http_client.js:202:12)
    at async getAgentMap (file:///Users/syphaoffice1/Mission-control-openclaw-25:02/Mission-control/orchestrator/index.mjs:420:18)
    at async chiefTriageLoop (file:///Users/syphaoffice1/Mission-control-openclaw-25:02/Mission-control/orchestrator/index.mjs:612:22)
    at async Promise.allSettled (index 0)
    at async main (file:///Users/syphaoffice1/Mission-control-openclaw-25:02/Mission-control/orchestrator/index.mjs:1084:3) {
  [cause]: Error: getaddrinfo ENOTFOUND secret-fox-493.convex.cloud
      at GetAddrInfoReqWrap.onlookupall [as oncomplete] (node:dns:121:26) {
    errno: -3008,
    code: 'ENOTFOUND',
    syscall: 'getaddrinfo',
    hostname: 'secret-fox-493.convex.cloud'
  }
}
[notify] error TypeError: fetch failed
    at node:internal/deps/undici/undici:16416:13
    at process.processTicksAndRejections (node:internal/process/task_queues:104:5)
    at async ConvexHttpClient.queryInner (file:///Users/syphaoffice1/Mission-control-openclaw-25:02/Mission-control/node_modules/convex/dist/esm/browser/http_client.js:225:22)
    at async ConvexHttpClient.query (file:///Users/syphaoffice1/Mission-control-openclaw-25:02/Mission-control/node_modules/convex/dist/esm/browser/http_client.js:202:12)
    at async statusNotificationLoop (file:///Users/syphaoffice1/Mission-control-openclaw-25:02/Mission-control/orchestrator/index.mjs:992:21)
    at async Promise.allSettled (index 2)
    at async main (file:///Users/syphaoffice1/Mission-control-openclaw-25:02/Mission-control/orchestrator/index.mjs:1084:3) {
  [cause]: Error: getaddrinfo ENOTFOUND secret-fox-493.convex.cloud
      at GetAddrInfoReqWrap.onlookupall [as oncomplete] (node:dns:121:26) {
    errno: -3008,
    code: 'ENOTFOUND',
    syscall: 'getaddrinfo',
    hostname: 'secret-fox-493.convex.cloud'
  }
}
[triage] error TypeError: fetch failed
    at node:internal/deps/undici/undici:16416:13
    at process.processTicksAndRejections (node:internal/process/task_queues:104:5)
    at async ConvexHttpClient.queryInner (file:///Users/syphaoffice1/Mission-control-openclaw-25:02/Mission-control/node_modules/convex/dist/esm/browser/http_client.js:225:22)
    at async ConvexHttpClient.query (file:///Users/syphaoffice1/Mission-control-openclaw-25:02/Mission-control/node_modules/convex/dist/esm/browser/http_client.js:202:12)
    at async getAgentMap (file:///Users/syphaoffice1/Mission-control-openclaw-25:02/Mission-control/orchestrator/index.mjs:420:18)
    at async chiefTriageLoop (file:///Users/syphaoffice1/Mission-control-openclaw-25:02/Mission-control/orchestrator/index.mjs:612:22)
    at async Promise.allSettled (index 0)
    at async main (file:///Users/syphaoffice1/Mission-control-openclaw-25:02/Mission-control/orchestrator/index.mjs:1084:3) {
  [cause]: Error: getaddrinfo ENOTFOUND secret-fox-493.convex.cloud
      at GetAddrInfoReqWrap.onlookupall [as oncomplete] (node:dns:121:26) {
    errno: -3008,
    code: 'ENOTFOUND',
    syscall: 'getaddrinfo',
    hostname: 'secret-fox-493.convex.cloud'
  }
}
[triage] error TypeError: fetch failed
    at node:internal/deps/undici/undici:16416:13
    at process.processTicksAndRejections (node:internal/process/task_queues:104:5)
    at async ConvexHttpClient.queryInner (file:///Users/syphaoffice1/Mission-control-openclaw-25:02/Mission-control/node_modules/convex/dist/esm/browser/http_client.js:225:22)
    at async ConvexHttpClient.query (file:///Users/syphaoffice1/Mission-control-openclaw-25:02/Mission-control/node_modules/convex/dist/esm/browser/http_client.js:202:12)
    at async getAgentMap (file:///Users/syphaoffice1/Mission-control-openclaw-25:02/Mission-control/orchestrator/index.mjs:420:18)
    at async chiefTriageLoop (file:///Users/syphaoffice1/Mission-control-openclaw-25:02/Mission-control/orchestrator/index.mjs:612:22)
    at async Promise.allSettled (index 0)
    at async main (file:///Users/syphaoffice1/Mission-control-openclaw-25:02/Mission-control/orchestrator/index.mjs:1084:3) {
  [cause]: Error: getaddrinfo ENOTFOUND secret-fox-493.convex.cloud
      at GetAddrInfoReqWrap.onlookupall [as oncomplete] (node:dns:121:26) {
    errno: -3008,
    code: 'ENOTFOUND',
    syscall: 'getaddrinfo',
    hostname: 'secret-fox-493.convex.cloud'
  }
}
[poller] error TypeError: fetch failed
    at node:internal/deps/undici/undici:16416:13
    at process.processTicksAndRejections (node:internal/process/task_queues:104:5)
    at async telegramApi (file:///Users/syphaoffice1/Mission-control-openclaw-25:02/Mission-control/orchestrator/index.mjs:186:15)
    at async pollingLoop (file:///Users/syphaoffice1/Mission-control-openclaw-25:02/Mission-control/orchestrator/index.mjs:542:23)
    at async Promise.allSettled (index 3)
    at async main (file:///Users/syphaoffice1/Mission-control-openclaw-25:02/Mission-control/orchestrator/index.mjs:1084:3) {
  [cause]: Error: getaddrinfo ENOTFOUND api.telegram.org
      at GetAddrInfoReqWrap.onlookupall [as oncomplete] (node:dns:121:26) {
    errno: -3008,
    code: 'ENOTFOUND',
    syscall: 'getaddrinfo',
    hostname: 'api.telegram.org'
  }
}
[notify] error TypeError: fetch failed
    at node:internal/deps/undici/undici:16416:13
    at process.processTicksAndRejections (node:internal/process/task_queues:104:5)
    at async ConvexHttpClient.queryInner (file:///Users/syphaoffice1/Mission-control-openclaw-25:02/Mission-control/node_modules/convex/dist/esm/browser/http_client.js:225:22)
    at async ConvexHttpClient.query (file:///Users/syphaoffice1/Mission-control-openclaw-25:02/Mission-control/node_modules/convex/dist/esm/browser/http_client.js:202:12)
    at async statusNotificationLoop (file:///Users/syphaoffice1/Mission-control-openclaw-25:02/Mission-control/orchestrator/index.mjs:992:21)
    at async Promise.allSettled (index 2)
    at async main (file:///Users/syphaoffice1/Mission-control-openclaw-25:02/Mission-control/orchestrator/index.mjs:1084:3) {
  [cause]: Error: getaddrinfo ENOTFOUND secret-fox-493.convex.cloud
      at GetAddrInfoReqWrap.onlookupall [as oncomplete] (node:dns:121:26) {
    errno: -3008,
    code: 'ENOTFOUND',
    syscall: 'getaddrinfo',
    hostname: 'secret-fox-493.convex.cloud'
  }
}
[watchdog] error TypeError: fetch failed
    at node:internal/deps/undici/undici:16416:13
    at process.processTicksAndRejections (node:internal/process/task_queues:104:5)
    at async ConvexHttpClient.queryInner (file:///Users/syphaoffice1/Mission-control-openclaw-25:02/Mission-control/node_modules/convex/dist/esm/browser/http_client.js:225:22)
    at async ConvexHttpClient.query (file:///Users/syphaoffice1/Mission-control-openclaw-25:02/Mission-control/node_modules/convex/dist/esm/browser/http_client.js:202:12)
    at async getAgentMap (file:///Users/syphaoffice1/Mission-control-openclaw-25:02/Mission-control/orchestrator/index.mjs:420:18)
    at async chiefWatchdogLoop (file:///Users/syphaoffice1/Mission-control-openclaw-25:02/Mission-control/orchestrator/index.mjs:860:22)
    at async Promise.allSettled (index 1)
    at async main (file:///Users/syphaoffice1/Mission-control-openclaw-25:02/Mission-control/orchestrator/index.mjs:1084:3) {
  [cause]: Error: getaddrinfo ENOTFOUND secret-fox-493.convex.cloud
      at GetAddrInfoReqWrap.onlookupall [as oncomplete] (node:dns:121:26) {
    errno: -3008,
    code: 'ENOTFOUND',
    syscall: 'getaddrinfo',
    hostname: 'secret-fox-493.convex.cloud'
  }
}
[triage] error TypeError: fetch failed
    at node:internal/deps/undici/undici:16416:13
    at process.processTicksAndRejections (node:internal/process/task_queues:104:5)
    at async ConvexHttpClient.queryInner (file:///Users/syphaoffice1/Mission-control-openclaw-25:02/Mission-control/node_modules/convex/dist/esm/browser/http_client.js:225:22)
    at async ConvexHttpClient.query (file:///Users/syphaoffice1/Mission-control-openclaw-25:02/Mission-control/node_modules/convex/dist/esm/browser/http_client.js:202:12)
    at async getAgentMap (file:///Users/syphaoffice1/Mission-control-openclaw-25:02/Mission-control/orchestrator/index.mjs:420:18)
    at async chiefTriageLoop (file:///Users/syphaoffice1/Mission-control-openclaw-25:02/Mission-control/orchestrator/index.mjs:612:22)
    at async Promise.allSettled (index 0)
    at async main (file:///Users/syphaoffice1/Mission-control-openclaw-25:02/Mission-control/orchestrator/index.mjs:1084:3) {
  [cause]: Error: getaddrinfo ENOTFOUND secret-fox-493.convex.cloud
      at GetAddrInfoReqWrap.onlookupall [as oncomplete] (node:dns:121:26) {
    errno: -3008,
    code: 'ENOTFOUND',
    syscall: 'getaddrinfo',
    hostname: 'secret-fox-493.convex.cloud'
  }
}
[triage] error TypeError: fetch failed
    at node:internal/deps/undici/undici:16416:13
    at process.processTicksAndRejections (node:internal/process/task_queues:104:5)
    at async ConvexHttpClient.queryInner (file:///Users/syphaoffice1/Mission-control-openclaw-25:02/Mission-control/node_modules/convex/dist/esm/browser/http_client.js:225:22)
    at async ConvexHttpClient.query (file:///Users/syphaoffice1/Mission-control-openclaw-25:02/Mission-control/node_modules/convex/dist/esm/browser/http_client.js:202:12)
    at async getAgentMap (file:///Users/syphaoffice1/Mission-control-openclaw-25:02/Mission-control/orchestrator/index.mjs:420:18)
    at async chiefTriageLoop (file:///Users/syphaoffice1/Mission-control-openclaw-25:02/Mission-control/orchestrator/index.mjs:612:22)
    at async Promise.allSettled (index 0)
    at async main (file:///Users/syphaoffice1/Mission-control-openclaw-25:02/Mission-control/orchestrator/index.mjs:1084:3) {
  [cause]: Error: getaddrinfo ENOTFOUND secret-fox-493.convex.cloud
      at GetAddrInfoReqWrap.onlookupall [as oncomplete] (node:dns:121:26) {
    errno: -3008,
    code: 'ENOTFOUND',
    syscall: 'getaddrinfo',
    hostname: 'secret-fox-493.convex.cloud'
  }
}
[triage] error TypeError: fetch failed
    at node:internal/deps/undici/undici:16416:13
    at process.processTicksAndRejections (node:internal/process/task_queues:104:5)
    at async ConvexHttpClient.queryInner (file:///Users/syphaoffice1/Mission-control-openclaw-25:02/Mission-control/node_modules/convex/dist/esm/browser/http_client.js:225:22)
    at async ConvexHttpClient.query (file:///Users/syphaoffice1/Mission-control-openclaw-25:02/Mission-control/node_modules/convex/dist/esm/browser/http_client.js:202:12)
    at async getAgentMap (file:///Users/syphaoffice1/Mission-control-openclaw-25:02/Mission-control/orchestrator/index.mjs:420:18)
    at async chiefTriageLoop (file:///Users/syphaoffice1/Mission-control-openclaw-25:02/Mission-control/orchestrator/index.mjs:612:22)
    at async Promise.allSettled (index 0)
    at async main (file:///Users/syphaoffice1/Mission-control-openclaw-25:02/Mission-control/orchestrator/index.mjs:1084:3) {
  [cause]: Error: getaddrinfo ENOTFOUND secret-fox-493.convex.cloud
      at GetAddrInfoReqWrap.onlookupall [as oncomplete] (node:dns:121:26) {
    errno: -3008,
    code: 'ENOTFOUND',
    syscall: 'getaddrinfo',
    hostname: 'secret-fox-493.convex.cloud'
  }
}
[notify] error TypeError: fetch failed
    at node:internal/deps/undici/undici:16416:13
    at process.processTicksAndRejections (node:internal/process/task_queues:104:5)
    at async ConvexHttpClient.queryInner (file:///Users/syphaoffice1/Mission-control-openclaw-25:02/Mission-control/node_modules/convex/dist/esm/browser/http_client.js:225:22)
    at async ConvexHttpClient.query (file:///Users/syphaoffice1/Mission-control-openclaw-25:02/Mission-control/node_modules/convex/dist/esm/browser/http_client.js:202:12)
    at async statusNotificationLoop (file:///Users/syphaoffice1/Mission-control-openclaw-25:02/Mission-control/orchestrator/index.mjs:992:21)
    at async Promise.allSettled (index 2)
    at async main (file:///Users/syphaoffice1/Mission-control-openclaw-25:02/Mission-control/orchestrator/index.mjs:1084:3) {
  [cause]: Error: getaddrinfo ENOTFOUND secret-fox-493.convex.cloud
      at GetAddrInfoReqWrap.onlookupall [as oncomplete] (node:dns:121:26) {
    errno: -3008,
    code: 'ENOTFOUND',
    syscall: 'getaddrinfo',
    hostname: 'secret-fox-493.convex.cloud'
  }
}
[triage] error TypeError: fetch failed
    at node:internal/deps/undici/undici:16416:13
    at process.processTicksAndRejections (node:internal/process/task_queues:104:5)
    at async ConvexHttpClient.queryInner (file:///Users/syphaoffice1/Mission-control-openclaw-25:02/Mission-control/node_modules/convex/dist/esm/browser/http_client.js:225:22)
    at async ConvexHttpClient.query (file:///Users/syphaoffice1/Mission-control-openclaw-25:02/Mission-control/node_modules/convex/dist/esm/browser/http_client.js:202:12)
    at async getAgentMap (file:///Users/syphaoffice1/Mission-control-openclaw-25:02/Mission-control/orchestrator/index.mjs:420:18)
    at async chiefTriageLoop (file:///Users/syphaoffice1/Mission-control-openclaw-25:02/Mission-control/orchestrator/index.mjs:612:22)
    at async Promise.allSettled (index 0)
    at async main (file:///Users/syphaoffice1/Mission-control-openclaw-25:02/Mission-control/orchestrator/index.mjs:1084:3) {
  [cause]: Error: getaddrinfo ENOTFOUND secret-fox-493.convex.cloud
      at GetAddrInfoReqWrap.onlookupall [as oncomplete] (node:dns:121:26) {
    errno: -3008,
    code: 'ENOTFOUND',
    syscall: 'getaddrinfo',
    hostname: 'secret-fox-493.convex.cloud'
  }
}
[triage] error TypeError: fetch failed
    at node:internal/deps/undici/undici:16416:13
    at process.processTicksAndRejections (node:internal/process/task_queues:104:5)
    at async ConvexHttpClient.queryInner (file:///Users/syphaoffice1/Mission-control-openclaw-25:02/Mission-control/node_modules/convex/dist/esm/browser/http_client.js:225:22)
    at async ConvexHttpClient.query (file:///Users/syphaoffice1/Mission-control-openclaw-25:02/Mission-control/node_modules/convex/dist/esm/browser/http_client.js:202:12)
    at async getAgentMap (file:///Users/syphaoffice1/Mission-control-openclaw-25:02/Mission-control/orchestrator/index.mjs:420:18)
    at async chiefTriageLoop (file:///Users/syphaoffice1/Mission-control-openclaw-25:02/Mission-control/orchestrator/index.mjs:612:22)
    at async Promise.allSettled (index 0)
    at async main (file:///Users/syphaoffice1/Mission-control-openclaw-25:02/Mission-control/orchestrator/index.mjs:1084:3) {
  [cause]: Error: getaddrinfo ENOTFOUND secret-fox-493.convex.cloud
      at GetAddrInfoReqWrap.onlookupall [as oncomplete] (node:dns:121:26) {
    errno: -3008,
    code: 'ENOTFOUND',
    syscall: 'getaddrinfo',
    hostname: 'secret-fox-493.convex.cloud'
  }
}
[poller] error TypeError: fetch failed
    at node:internal/deps/undici/undici:16416:13
    at process.processTicksAndRejections (node:internal/process/task_queues:104:5)
    at async telegramApi (file:///Users/syphaoffice1/Mission-control-openclaw-25:02/Mission-control/orchestrator/index.mjs:186:15)
    at async pollingLoop (file:///Users/syphaoffice1/Mission-control-openclaw-25:02/Mission-control/orchestrator/index.mjs:542:23)
    at async Promise.allSettled (index 3)
    at async main (file:///Users/syphaoffice1/Mission-control-openclaw-25:02/Mission-control/orchestrator/index.mjs:1084:3) {
  [cause]: Error: getaddrinfo ENOTFOUND api.telegram.org
      at GetAddrInfoReqWrap.onlookupall [as oncomplete] (node:dns:121:26) {
    errno: -3008,
    code: 'ENOTFOUND',
    syscall: 'getaddrinfo',
    hostname: 'api.telegram.org'
  }
}
[triage] error TypeError: fetch failed
    at node:internal/deps/undici/undici:16416:13
    at process.processTicksAndRejections (node:internal/process/task_queues:104:5)
    at async ConvexHttpClient.queryInner (file:///Users/syphaoffice1/Mission-control-openclaw-25:02/Mission-control/node_modules/convex/dist/esm/browser/http_client.js:225:22)
    at async ConvexHttpClient.query (file:///Users/syphaoffice1/Mission-control-openclaw-25:02/Mission-control/node_modules/convex/dist/esm/browser/http_client.js:202:12)
    at async getAgentMap (file:///Users/syphaoffice1/Mission-control-openclaw-25:02/Mission-control/orchestrator/index.mjs:420:18)
    at async chiefTriageLoop (file:///Users/syphaoffice1/Mission-control-openclaw-25:02/Mission-control/orchestrator/index.mjs:612:22)
    at async Promise.allSettled (index 0)
    at async main (file:///Users/syphaoffice1/Mission-control-openclaw-25:02/Mission-control/orchestrator/index.mjs:1084:3) {
  [cause]: Error: getaddrinfo ENOTFOUND secret-fox-493.convex.cloud
      at GetAddrInfoReqWrap.onlookupall [as oncomplete] (node:dns:121:26) {
    errno: -3008,
    code: 'ENOTFOUND',
    syscall: 'getaddrinfo',
    hostname: 'secret-fox-493.convex.cloud'
  }
}
[notify] error TypeError: fetch failed
    at node:internal/deps/undici/undici:16416:13
    at process.processTicksAndRejections (node:internal/process/task_queues:104:5)
    at async ConvexHttpClient.queryInner (file:///Users/syphaoffice1/Mission-control-openclaw-25:02/Mission-control/node_modules/convex/dist/esm/browser/http_client.js:225:22)
    at async ConvexHttpClient.query (file:///Users/syphaoffice1/Mission-control-openclaw-25:02/Mission-control/node_modules/convex/dist/esm/browser/http_client.js:202:12)
    at async statusNotificationLoop (file:///Users/syphaoffice1/Mission-control-openclaw-25:02/Mission-control/orchestrator/index.mjs:992:21)
    at async Promise.allSettled (index 2)
    at async main (file:///Users/syphaoffice1/Mission-control-openclaw-25:02/Mission-control/orchestrator/index.mjs:1084:3) {
  [cause]: Error: getaddrinfo ENOTFOUND secret-fox-493.convex.cloud
      at GetAddrInfoReqWrap.onlookupall [as oncomplete] (node:dns:121:26) {
    errno: -3008,
    code: 'ENOTFOUND',
    syscall: 'getaddrinfo',
    hostname: 'secret-fox-493.convex.cloud'
  }
}
[triage] error TypeError: fetch failed
    at node:internal/deps/undici/undici:16416:13
    at process.processTicksAndRejections (node:internal/process/task_queues:104:5)
    at async ConvexHttpClient.queryInner (file:///Users/syphaoffice1/Mission-control-openclaw-25:02/Mission-control/node_modules/convex/dist/esm/browser/http_client.js:225:22)
    at async ConvexHttpClient.query (file:///Users/syphaoffice1/Mission-control-openclaw-25:02/Mission-control/node_modules/convex/dist/esm/browser/http_client.js:202:12)
    at async getAgentMap (file:///Users/syphaoffice1/Mission-control-openclaw-25:02/Mission-control/orchestrator/index.mjs:420:18)
    at async chiefTriageLoop (file:///Users/syphaoffice1/Mission-control-openclaw-25:02/Mission-control/orchestrator/index.mjs:612:22)
    at async Promise.allSettled (index 0)
    at async main (file:///Users/syphaoffice1/Mission-control-openclaw-25:02/Mission-control/orchestrator/index.mjs:1084:3) {
  [cause]: Error: getaddrinfo ENOTFOUND secret-fox-493.convex.cloud
      at GetAddrInfoReqWrap.onlookupall [as oncomplete] (node:dns:121:26) {
    errno: -3008,
    code: 'ENOTFOUND',
    syscall: 'getaddrinfo',
    hostname: 'secret-fox-493.convex.cloud'
  }
}
[triage] error TypeError: fetch failed
    at node:internal/deps/undici/undici:16416:13
    at process.processTicksAndRejections (node:internal/process/task_queues:104:5)
    at async ConvexHttpClient.queryInner (file:///Users/syphaoffice1/Mission-control-openclaw-25:02/Mission-control/node_modules/convex/dist/esm/browser/http_client.js:225:22)
    at async ConvexHttpClient.query (file:///Users/syphaoffice1/Mission-control-openclaw-25:02/Mission-control/node_modules/convex/dist/esm/browser/http_client.js:202:12)
    at async getAgentMap (file:///Users/syphaoffice1/Mission-control-openclaw-25:02/Mission-control/orchestrator/index.mjs:420:18)
    at async chiefTriageLoop (file:///Users/syphaoffice1/Mission-control-openclaw-25:02/Mission-control/orchestrator/index.mjs:612:22)
    at async Promise.allSettled (index 0)
    at async main (file:///Users/syphaoffice1/Mission-control-openclaw-25:02/Mission-control/orchestrator/index.mjs:1084:3) {
  [cause]: Error: getaddrinfo ENOTFOUND secret-fox-493.convex.cloud
      at GetAddrInfoReqWrap.onlookupall [as oncomplete] (node:dns:121:26) {
    errno: -3008,
    code: 'ENOTFOUND',
    syscall: 'getaddrinfo',
    hostname: 'secret-fox-493.convex.cloud'
  }
}
[triage] error TypeError: fetch failed
    at node:internal/deps/undici/undici:16416:13
    at process.processTicksAndRejections (node:internal/process/task_queues:104:5)
    at async ConvexHttpClient.queryInner (file:///Users/syphaoffice1/Mission-control-openclaw-25:02/Mission-control/node_modules/convex/dist/esm/browser/http_client.js:225:22)
    at async ConvexHttpClient.query (file:///Users/syphaoffice1/Mission-control-openclaw-25:02/Mission-control/node_modules/convex/dist/esm/browser/http_client.js:202:12)
    at async getAgentMap (file:///Users/syphaoffice1/Mission-control-openclaw-25:02/Mission-control/orchestrator/index.mjs:420:18)
    at async chiefTriageLoop (file:///Users/syphaoffice1/Mission-control-openclaw-25:02/Mission-control/orchestrator/index.mjs:612:22)
    at async Promise.allSettled (index 0)
    at async main (file:///Users/syphaoffice1/Mission-control-openclaw-25:02/Mission-control/orchestrator/index.mjs:1084:3) {
  [cause]: Error: getaddrinfo ENOTFOUND secret-fox-493.convex.cloud
      at GetAddrInfoReqWrap.onlookupall [as oncomplete] (node:dns:121:26) {
    errno: -3008,
    code: 'ENOTFOUND',
    syscall: 'getaddrinfo',
    hostname: 'secret-fox-493.convex.cloud'
  }
}
[notify] error TypeError: fetch failed
    at node:internal/deps/undici/undici:16416:13
    at process.processTicksAndRejections (node:internal/process/task_queues:104:5)
    at async ConvexHttpClient.queryInner (file:///Users/syphaoffice1/Mission-control-openclaw-25:02/Mission-control/node_modules/convex/dist/esm/browser/http_client.js:225:22)
    at async ConvexHttpClient.query (file:///Users/syphaoffice1/Mission-control-openclaw-25:02/Mission-control/node_modules/convex/dist/esm/browser/http_client.js:202:12)
    at async statusNotificationLoop (file:///Users/syphaoffice1/Mission-control-openclaw-25:02/Mission-control/orchestrator/index.mjs:992:21)
    at async Promise.allSettled (index 2)
    at async main (file:///Users/syphaoffice1/Mission-control-openclaw-25:02/Mission-control/orchestrator/index.mjs:1084:3) {
  [cause]: Error: getaddrinfo ENOTFOUND secret-fox-493.convex.cloud
      at GetAddrInfoReqWrap.onlookupall [as oncomplete] (node:dns:121:26) {
    errno: -3008,
    code: 'ENOTFOUND',
    syscall: 'getaddrinfo',
    hostname: 'secret-fox-493.convex.cloud'
  }
}
[triage] error TypeError: fetch failed
    at node:internal/deps/undici/undici:16416:13
    at process.processTicksAndRejections (node:internal/process/task_queues:104:5)
    at async ConvexHttpClient.queryInner (file:///Users/syphaoffice1/Mission-control-openclaw-25:02/Mission-control/node_modules/convex/dist/esm/browser/http_client.js:225:22)
    at async ConvexHttpClient.query (file:///Users/syphaoffice1/Mission-control-openclaw-25:02/Mission-control/node_modules/convex/dist/esm/browser/http_client.js:202:12)
    at async getAgentMap (file:///Users/syphaoffice1/Mission-control-openclaw-25:02/Mission-control/orchestrator/index.mjs:420:18)
    at async chiefTriageLoop (file:///Users/syphaoffice1/Mission-control-openclaw-25:02/Mission-control/orchestrator/index.mjs:612:22)
    at async Promise.allSettled (index 0)
    at async main (file:///Users/syphaoffice1/Mission-control-openclaw-25:02/Mission-control/orchestrator/index.mjs:1084:3) {
  [cause]: Error: getaddrinfo ENOTFOUND secret-fox-493.convex.cloud
      at GetAddrInfoReqWrap.onlookupall [as oncomplete] (node:dns:121:26) {
    errno: -3008,
    code: 'ENOTFOUND',
    syscall: 'getaddrinfo',
    hostname: 'secret-fox-493.convex.cloud'
  }
}
[poller] error TypeError: fetch failed
    at node:internal/deps/undici/undici:16416:13
    at process.processTicksAndRejections (node:internal/process/task_queues:104:5)
    at async telegramApi (file:///Users/syphaoffice1/Mission-control-openclaw-25:02/Mission-control/orchestrator/index.mjs:186:15)
    at async pollingLoop (file:///Users/syphaoffice1/Mission-control-openclaw-25:02/Mission-control/orchestrator/index.mjs:542:23)
    at async Promise.allSettled (index 3)
    at async main (file:///Users/syphaoffice1/Mission-control-openclaw-25:02/Mission-control/orchestrator/index.mjs:1084:3) {
  [cause]: Error: getaddrinfo ENOTFOUND api.telegram.org
      at GetAddrInfoReqWrap.onlookupall [as oncomplete] (node:dns:121:26) {
    errno: -3008,
    code: 'ENOTFOUND',
    syscall: 'getaddrinfo',
    hostname: 'api.telegram.org'
  }
}
[triage] error TypeError: fetch failed
    at node:internal/deps/undici/undici:16416:13
    at process.processTicksAndRejections (node:internal/process/task_queues:104:5)
    at async ConvexHttpClient.queryInner (file:///Users/syphaoffice1/Mission-control-openclaw-25:02/Mission-control/node_modules/convex/dist/esm/browser/http_client.js:225:22)
    at async ConvexHttpClient.query (file:///Users/syphaoffice1/Mission-control-openclaw-25:02/Mission-control/node_modules/convex/dist/esm/browser/http_client.js:202:12)
    at async getAgentMap (file:///Users/syphaoffice1/Mission-control-openclaw-25:02/Mission-control/orchestrator/index.mjs:420:18)
    at async chiefTriageLoop (file:///Users/syphaoffice1/Mission-control-openclaw-25:02/Mission-control/orchestrator/index.mjs:612:22)
    at async Promise.allSettled (index 0)
    at async main (file:///Users/syphaoffice1/Mission-control-openclaw-25:02/Mission-control/orchestrator/index.mjs:1084:3) {
  [cause]: Error: getaddrinfo ENOTFOUND secret-fox-493.convex.cloud
      at GetAddrInfoReqWrap.onlookupall [as oncomplete] (node:dns:121:26) {
    errno: -3008,
    code: 'ENOTFOUND',
    syscall: 'getaddrinfo',
    hostname: 'secret-fox-493.convex.cloud'
  }
}
[triage] error TypeError: fetch failed
    at node:internal/deps/undici/undici:16416:13
    at process.processTicksAndRejections (node:internal/process/task_queues:104:5)
    at async ConvexHttpClient.queryInner (file:///Users/syphaoffice1/Mission-control-openclaw-25:02/Mission-control/node_modules/convex/dist/esm/browser/http_client.js:225:22)
    at async ConvexHttpClient.query (file:///Users/syphaoffice1/Mission-control-openclaw-25:02/Mission-control/node_modules/convex/dist/esm/browser/http_client.js:202:12)
    at async getAgentMap (file:///Users/syphaoffice1/Mission-control-openclaw-25:02/Mission-control/orchestrator/index.mjs:420:18)
    at async chiefTriageLoop (file:///Users/syphaoffice1/Mission-control-openclaw-25:02/Mission-control/orchestrator/index.mjs:612:22)
    at async Promise.allSettled (index 0)
    at async main (file:///Users/syphaoffice1/Mission-control-openclaw-25:02/Mission-control/orchestrator/index.mjs:1084:3) {
  [cause]: Error: getaddrinfo ENOTFOUND secret-fox-493.convex.cloud
      at GetAddrInfoReqWrap.onlookupall [as oncomplete] (node:dns:121:26) {
    errno: -3008,
    code: 'ENOTFOUND',
    syscall: 'getaddrinfo',
    hostname: 'secret-fox-493.convex.cloud'
  }
}
[triage] error TypeError: fetch failed
    at node:internal/deps/undici/undici:16416:13
    at process.processTicksAndRejections (node:internal/process/task_queues:104:5)
    at async ConvexHttpClient.queryInner (file:///Users/syphaoffice1/Mission-control-openclaw-25:02/Mission-control/node_modules/convex/dist/esm/browser/http_client.js:225:22)
    at async ConvexHttpClient.query (file:///Users/syphaoffice1/Mission-control-openclaw-25:02/Mission-control/node_modules/convex/dist/esm/browser/http_client.js:202:12)
    at async getAgentMap (file:///Users/syphaoffice1/Mission-control-openclaw-25:02/Mission-control/orchestrator/index.mjs:420:18)
    at async chiefTriageLoop (file:///Users/syphaoffice1/Mission-control-openclaw-25:02/Mission-control/orchestrator/index.mjs:612:22)
    at async Promise.allSettled (index 0)
    at async main (file:///Users/syphaoffice1/Mission-control-openclaw-25:02/Mission-control/orchestrator/index.mjs:1084:3) {
  [cause]: Error: getaddrinfo ENOTFOUND secret-fox-493.convex.cloud
      at GetAddrInfoReqWrap.onlookupall [as oncomplete] (node:dns:121:26) {
    errno: -3008,
    code: 'ENOTFOUND',
    syscall: 'getaddrinfo',
    hostname: 'secret-fox-493.convex.cloud'
  }
}
[notify] error TypeError: fetch failed
    at node:internal/deps/undici/undici:16416:13
    at process.processTicksAndRejections (node:internal/process/task_queues:104:5)
    at async ConvexHttpClient.queryInner (file:///Users/syphaoffice1/Mission-control-openclaw-25:02/Mission-control/node_modules/convex/dist/esm/browser/http_client.js:225:22)
    at async ConvexHttpClient.query (file:///Users/syphaoffice1/Mission-control-openclaw-25:02/Mission-control/node_modules/convex/dist/esm/browser/http_client.js:202:12)
    at async statusNotificationLoop (file:///Users/syphaoffice1/Mission-control-openclaw-25:02/Mission-control/orchestrator/index.mjs:992:21)
    at async Promise.allSettled (index 2)
    at async main (file:///Users/syphaoffice1/Mission-control-openclaw-25:02/Mission-control/orchestrator/index.mjs:1084:3) {
  [cause]: Error: getaddrinfo ENOTFOUND secret-fox-493.convex.cloud
      at GetAddrInfoReqWrap.onlookupall [as oncomplete] (node:dns:121:26) {
    errno: -3008,
    code: 'ENOTFOUND',
    syscall: 'getaddrinfo',
    hostname: 'secret-fox-493.convex.cloud'
  }
}
[triage] error TypeError: fetch failed
    at node:internal/deps/undici/undici:16416:13
    at process.processTicksAndRejections (node:internal/process/task_queues:104:5)
    at async ConvexHttpClient.queryInner (file:///Users/syphaoffice1/Mission-control-openclaw-25:02/Mission-control/node_modules/convex/dist/esm/browser/http_client.js:225:22)
    at async ConvexHttpClient.query (file:///Users/syphaoffice1/Mission-control-openclaw-25:02/Mission-control/node_modules/convex/dist/esm/browser/http_client.js:202:12)
    at async getAgentMap (file:///Users/syphaoffice1/Mission-control-openclaw-25:02/Mission-control/orchestrator/index.mjs:420:18)
    at async chiefTriageLoop (file:///Users/syphaoffice1/Mission-control-openclaw-25:02/Mission-control/orchestrator/index.mjs:612:22)
    at async Promise.allSettled (index 0)
    at async main (file:///Users/syphaoffice1/Mission-control-openclaw-25:02/Mission-control/orchestrator/index.mjs:1084:3) {
  [cause]: Error: getaddrinfo ENOTFOUND secret-fox-493.convex.cloud
      at GetAddrInfoReqWrap.onlookupall [as oncomplete] (node:dns:121:26) {
    errno: -3008,
    code: 'ENOTFOUND',
    syscall: 'getaddrinfo',
    hostname: 'secret-fox-493.convex.cloud'
  }
}
[triage] error TypeError: fetch failed
    at node:internal/deps/undici/undici:16416:13
    at process.processTicksAndRejections (node:internal/process/task_queues:104:5)
    at async ConvexHttpClient.queryInner (file:///Users/syphaoffice1/Mission-control-openclaw-25:02/Mission-control/node_modules/convex/dist/esm/browser/http_client.js:225:22)
    at async ConvexHttpClient.query (file:///Users/syphaoffice1/Mission-control-openclaw-25:02/Mission-control/node_modules/convex/dist/esm/browser/http_client.js:202:12)
    at async getAgentMap (file:///Users/syphaoffice1/Mission-control-openclaw-25:02/Mission-control/orchestrator/index.mjs:420:18)
    at async chiefTriageLoop (file:///Users/syphaoffice1/Mission-control-openclaw-25:02/Mission-control/orchestrator/index.mjs:612:22)
    at async Promise.allSettled (index 0)
    at async main (file:///Users/syphaoffice1/Mission-control-openclaw-25:02/Mission-control/orchestrator/index.mjs:1084:3) {
  [cause]: Error: getaddrinfo ENOTFOUND secret-fox-493.convex.cloud
      at GetAddrInfoReqWrap.onlookupall [as oncomplete] (node:dns:121:26) {
    errno: -3008,
    code: 'ENOTFOUND',
    syscall: 'getaddrinfo',
    hostname: 'secret-fox-493.convex.cloud'
  }
}
[poller] error TypeError: fetch failed
    at node:internal/deps/undici/undici:16416:13
    at process.processTicksAndRejections (node:internal/process/task_queues:104:5)
    at async telegramApi (file:///Users/syphaoffice1/Mission-control-openclaw-25:02/Mission-control/orchestrator/index.mjs:186:15)
    at async pollingLoop (file:///Users/syphaoffice1/Mission-control-openclaw-25:02/Mission-control/orchestrator/index.mjs:542:23)
    at async Promise.allSettled (index 3)
    at async main (file:///Users/syphaoffice1/Mission-control-openclaw-25:02/Mission-control/orchestrator/index.mjs:1084:3) {
  [cause]: Error: getaddrinfo ENOTFOUND api.telegram.org
      at GetAddrInfoReqWrap.onlookupall [as oncomplete] (node:dns:121:26) {
    errno: -3008,
    code: 'ENOTFOUND',
    syscall: 'getaddrinfo',
    hostname: 'api.telegram.org'
  }
}
[triage] error TypeError: fetch failed
    at node:internal/deps/undici/undici:16416:13
    at process.processTicksAndRejections (node:internal/process/task_queues:104:5)
    at async ConvexHttpClient.queryInner (file:///Users/syphaoffice1/Mission-control-openclaw-25:02/Mission-control/node_modules/convex/dist/esm/browser/http_client.js:225:22)
    at async ConvexHttpClient.query (file:///Users/syphaoffice1/Mission-control-openclaw-25:02/Mission-control/node_modules/convex/dist/esm/browser/http_client.js:202:12)
    at async getAgentMap (file:///Users/syphaoffice1/Mission-control-openclaw-25:02/Mission-control/orchestrator/index.mjs:420:18)
    at async chiefTriageLoop (file:///Users/syphaoffice1/Mission-control-openclaw-25:02/Mission-control/orchestrator/index.mjs:612:22)
    at async Promise.allSettled (index 0)
    at async main (file:///Users/syphaoffice1/Mission-control-openclaw-25:02/Mission-control/orchestrator/index.mjs:1084:3) {
  [cause]: Error: getaddrinfo ENOTFOUND secret-fox-493.convex.cloud
      at GetAddrInfoReqWrap.onlookupall [as oncomplete] (node:dns:121:26) {
    errno: -3008,
    code: 'ENOTFOUND',
    syscall: 'getaddrinfo',
    hostname: 'secret-fox-493.convex.cloud'
  }
}
[notify] error TypeError: fetch failed
    at node:internal/deps/undici/undici:16416:13
    at process.processTicksAndRejections (node:internal/process/task_queues:104:5)
    at async ConvexHttpClient.queryInner (file:///Users/syphaoffice1/Mission-control-openclaw-25:02/Mission-control/node_modules/convex/dist/esm/browser/http_client.js:225:22)
    at async ConvexHttpClient.query (file:///Users/syphaoffice1/Mission-control-openclaw-25:02/Mission-control/node_modules/convex/dist/esm/browser/http_client.js:202:12)
    at async statusNotificationLoop (file:///Users/syphaoffice1/Mission-control-openclaw-25:02/Mission-control/orchestrator/index.mjs:992:21)
    at async Promise.allSettled (index 2)
    at async main (file:///Users/syphaoffice1/Mission-control-openclaw-25:02/Mission-control/orchestrator/index.mjs:1084:3) {
  [cause]: Error: getaddrinfo ENOTFOUND secret-fox-493.convex.cloud
      at GetAddrInfoReqWrap.onlookupall [as oncomplete] (node:dns:121:26) {
    errno: -3008,
    code: 'ENOTFOUND',
    syscall: 'getaddrinfo',
    hostname: 'secret-fox-493.convex.cloud'
  }
}
[triage] error TypeError: fetch failed
    at node:internal/deps/undici/undici:16416:13
    at process.processTicksAndRejections (node:internal/process/task_queues:104:5)
    at async ConvexHttpClient.queryInner (file:///Users/syphaoffice1/Mission-control-openclaw-25:02/Mission-control/node_modules/convex/dist/esm/browser/http_client.js:225:22)
    at async ConvexHttpClient.query (file:///Users/syphaoffice1/Mission-control-openclaw-25:02/Mission-control/node_modules/convex/dist/esm/browser/http_client.js:202:12)
    at async getAgentMap (file:///Users/syphaoffice1/Mission-control-openclaw-25:02/Mission-control/orchestrator/index.mjs:420:18)
    at async chiefTriageLoop (file:///Users/syphaoffice1/Mission-control-openclaw-25:02/Mission-control/orchestrator/index.mjs:612:22)
    at async Promise.allSettled (index 0)
    at async main (file:///Users/syphaoffice1/Mission-control-openclaw-25:02/Mission-control/orchestrator/index.mjs:1084:3) {
  [cause]: Error: getaddrinfo ENOTFOUND secret-fox-493.convex.cloud
      at GetAddrInfoReqWrap.onlookupall [as oncomplete] (node:dns:121:26) {
    errno: -3008,
    code: 'ENOTFOUND',
    syscall: 'getaddrinfo',
    hostname: 'secret-fox-493.convex.cloud'
  }
}
[triage] error TypeError: fetch failed
    at node:internal/deps/undici/undici:16416:13
    at process.processTicksAndRejections (node:internal/process/task_queues:104:5)
    at async ConvexHttpClient.queryInner (file:///Users/syphaoffice1/Mission-control-openclaw-25:02/Mission-control/node_modules/convex/dist/esm/browser/http_client.js:225:22)
    at async ConvexHttpClient.query (file:///Users/syphaoffice1/Mission-control-openclaw-25:02/Mission-control/node_modules/convex/dist/esm/browser/http_client.js:202:12)
    at async getAgentMap (file:///Users/syphaoffice1/Mission-control-openclaw-25:02/Mission-control/orchestrator/index.mjs:420:18)
    at async chiefTriageLoop (file:///Users/syphaoffice1/Mission-control-openclaw-25:02/Mission-control/orchestrator/index.mjs:612:22)
    at async Promise.allSettled (index 0)
    at async main (file:///Users/syphaoffice1/Mission-control-openclaw-25:02/Mission-control/orchestrator/index.mjs:1084:3) {
  [cause]: Error: getaddrinfo ENOTFOUND secret-fox-493.convex.cloud
      at GetAddrInfoReqWrap.onlookupall [as oncomplete] (node:dns:121:26) {
    errno: -3008,
    code: 'ENOTFOUND',
    syscall: 'getaddrinfo',
    hostname: 'secret-fox-493.convex.cloud'
  }
}
[triage] error TypeError: fetch failed
    at node:internal/deps/undici/undici:16416:13
    at process.processTicksAndRejections (node:internal/process/task_queues:104:5)
    at async ConvexHttpClient.queryInner (file:///Users/syphaoffice1/Mission-control-openclaw-25:02/Mission-control/node_modules/convex/dist/esm/browser/http_client.js:225:22)
    at async ConvexHttpClient.query (file:///Users/syphaoffice1/Mission-control-openclaw-25:02/Mission-control/node_modules/convex/dist/esm/browser/http_client.js:202:12)
    at async getAgentMap (file:///Users/syphaoffice1/Mission-control-openclaw-25:02/Mission-control/orchestrator/index.mjs:420:18)
    at async chiefTriageLoop (file:///Users/syphaoffice1/Mission-control-openclaw-25:02/Mission-control/orchestrator/index.mjs:612:22)
    at async Promise.allSettled (index 0)
    at async main (file:///Users/syphaoffice1/Mission-control-openclaw-25:02/Mission-control/orchestrator/index.mjs:1084:3) {
  [cause]: Error: getaddrinfo ENOTFOUND secret-fox-493.convex.cloud
      at GetAddrInfoReqWrap.onlookupall [as oncomplete] (node:dns:121:26) {
    errno: -3008,
    code: 'ENOTFOUND',
    syscall: 'getaddrinfo',
    hostname: 'secret-fox-493.convex.cloud'
  }
}
[notify] error TypeError: fetch failed
    at node:internal/deps/undici/undici:16416:13
    at process.processTicksAndRejections (node:internal/process/task_queues:104:5)
    at async ConvexHttpClient.queryInner (file:///Users/syphaoffice1/Mission-control-openclaw-25:02/Mission-control/node_modules/convex/dist/esm/browser/http_client.js:225:22)
    at async ConvexHttpClient.query (file:///Users/syphaoffice1/Mission-control-openclaw-25:02/Mission-control/node_modules/convex/dist/esm/browser/http_client.js:202:12)
    at async statusNotificationLoop (file:///Users/syphaoffice1/Mission-control-openclaw-25:02/Mission-control/orchestrator/index.mjs:992:21)
    at async Promise.allSettled (index 2)
    at async main (file:///Users/syphaoffice1/Mission-control-openclaw-25:02/Mission-control/orchestrator/index.mjs:1084:3) {
  [cause]: Error: getaddrinfo ENOTFOUND secret-fox-493.convex.cloud
      at GetAddrInfoReqWrap.onlookupall [as oncomplete] (node:dns:121:26) {
    errno: -3008,
    code: 'ENOTFOUND',
    syscall: 'getaddrinfo',
    hostname: 'secret-fox-493.convex.cloud'
  }
}
[triage] error TypeError: fetch failed
    at node:internal/deps/undici/undici:16416:13
    at process.processTicksAndRejections (node:internal/process/task_queues:104:5)
    at async ConvexHttpClient.queryInner (file:///Users/syphaoffice1/Mission-control-openclaw-25:02/Mission-control/node_modules/convex/dist/esm/browser/http_client.js:225:22)
    at async ConvexHttpClient.query (file:///Users/syphaoffice1/Mission-control-openclaw-25:02/Mission-control/node_modules/convex/dist/esm/browser/http_client.js:202:12)
    at async getAgentMap (file:///Users/syphaoffice1/Mission-control-openclaw-25:02/Mission-control/orchestrator/index.mjs:420:18)
    at async chiefTriageLoop (file:///Users/syphaoffice1/Mission-control-openclaw-25:02/Mission-control/orchestrator/index.mjs:612:22)
    at async Promise.allSettled (index 0)
    at async main (file:///Users/syphaoffice1/Mission-control-openclaw-25:02/Mission-control/orchestrator/index.mjs:1084:3) {
  [cause]: Error: getaddrinfo ENOTFOUND secret-fox-493.convex.cloud
      at GetAddrInfoReqWrap.onlookupall [as oncomplete] (node:dns:121:26) {
    errno: -3008,
    code: 'ENOTFOUND',
    syscall: 'getaddrinfo',
    hostname: 'secret-fox-493.convex.cloud'
  }
}
[triage] error TypeError: fetch failed
    at node:internal/deps/undici/undici:16416:13
    at process.processTicksAndRejections (node:internal/process/task_queues:104:5)
    at async ConvexHttpClient.queryInner (file:///Users/syphaoffice1/Mission-control-openclaw-25:02/Mission-control/node_modules/convex/dist/esm/browser/http_client.js:225:22)
    at async ConvexHttpClient.query (file:///Users/syphaoffice1/Mission-control-openclaw-25:02/Mission-control/node_modules/convex/dist/esm/browser/http_client.js:202:12)
    at async getAgentMap (file:///Users/syphaoffice1/Mission-control-openclaw-25:02/Mission-control/orchestrator/index.mjs:420:18)
    at async chiefTriageLoop (file:///Users/syphaoffice1/Mission-control-openclaw-25:02/Mission-control/orchestrator/index.mjs:612:22)
    at async Promise.allSettled (index 0)
    at async main (file:///Users/syphaoffice1/Mission-control-openclaw-25:02/Mission-control/orchestrator/index.mjs:1084:3) {
  [cause]: Error: getaddrinfo ENOTFOUND secret-fox-493.convex.cloud
      at GetAddrInfoReqWrap.onlookupall [as oncomplete] (node:dns:121:26) {
    errno: -3008,
    code: 'ENOTFOUND',
    syscall: 'getaddrinfo',
    hostname: 'secret-fox-493.convex.cloud'
  }
}
[poller] error TypeError: fetch failed
    at node:internal/deps/undici/undici:16416:13
    at process.processTicksAndRejections (node:internal/process/task_queues:104:5)
    at async telegramApi (file:///Users/syphaoffice1/Mission-control-openclaw-25:02/Mission-control/orchestrator/index.mjs:186:15)
    at async pollingLoop (file:///Users/syphaoffice1/Mission-control-openclaw-25:02/Mission-control/orchestrator/index.mjs:542:23)
    at async Promise.allSettled (index 3)
    at async main (file:///Users/syphaoffice1/Mission-control-openclaw-25:02/Mission-control/orchestrator/index.mjs:1084:3) {
  [cause]: Error: getaddrinfo ENOTFOUND api.telegram.org
      at GetAddrInfoReqWrap.onlookupall [as oncomplete] (node:dns:121:26) {
    errno: -3008,
    code: 'ENOTFOUND',
    syscall: 'getaddrinfo',
    hostname: 'api.telegram.org'
  }
}
[triage] error TypeError: fetch failed
    at node:internal/deps/undici/undici:16416:13
    at process.processTicksAndRejections (node:internal/process/task_queues:104:5)
    at async ConvexHttpClient.queryInner (file:///Users/syphaoffice1/Mission-control-openclaw-25:02/Mission-control/node_modules/convex/dist/esm/browser/http_client.js:225:22)
    at async ConvexHttpClient.query (file:///Users/syphaoffice1/Mission-control-openclaw-25:02/Mission-control/node_modules/convex/dist/esm/browser/http_client.js:202:12)
    at async getAgentMap (file:///Users/syphaoffice1/Mission-control-openclaw-25:02/Mission-control/orchestrator/index.mjs:420:18)
    at async chiefTriageLoop (file:///Users/syphaoffice1/Mission-control-openclaw-25:02/Mission-control/orchestrator/index.mjs:612:22)
    at async Promise.allSettled (index 0)
    at async main (file:///Users/syphaoffice1/Mission-control-openclaw-25:02/Mission-control/orchestrator/index.mjs:1084:3) {
  [cause]: Error: getaddrinfo ENOTFOUND secret-fox-493.convex.cloud
      at GetAddrInfoReqWrap.onlookupall [as oncomplete] (node:dns:121:26) {
    errno: -3008,
    code: 'ENOTFOUND',
    syscall: 'getaddrinfo',
    hostname: 'secret-fox-493.convex.cloud'
  }
}
[triage] error TypeError: fetch failed
    at node:internal/deps/undici/undici:16416:13
    at process.processTicksAndRejections (node:internal/process/task_queues:104:5)
    at async ConvexHttpClient.queryInner (file:///Users/syphaoffice1/Mission-control-openclaw-25:02/Mission-control/node_modules/convex/dist/esm/browser/http_client.js:225:22)
    at async ConvexHttpClient.query (file:///Users/syphaoffice1/Mission-control-openclaw-25:02/Mission-control/node_modules/convex/dist/esm/browser/http_client.js:202:12)
    at async getAgentMap (file:///Users/syphaoffice1/Mission-control-openclaw-25:02/Mission-control/orchestrator/index.mjs:420:18)
    at async chiefTriageLoop (file:///Users/syphaoffice1/Mission-control-openclaw-25:02/Mission-control/orchestrator/index.mjs:612:22)
    at async Promise.allSettled (index 0)
    at async main (file:///Users/syphaoffice1/Mission-control-openclaw-25:02/Mission-control/orchestrator/index.mjs:1084:3) {
  [cause]: Error: getaddrinfo ENOTFOUND secret-fox-493.convex.cloud
      at GetAddrInfoReqWrap.onlookupall [as oncomplete] (node:dns:121:26) {
    errno: -3008,
    code: 'ENOTFOUND',
    syscall: 'getaddrinfo',
    hostname: 'secret-fox-493.convex.cloud'
  }
}
[notify] error TypeError: fetch failed
    at node:internal/deps/undici/undici:16416:13
    at process.processTicksAndRejections (node:internal/process/task_queues:104:5)
    at async ConvexHttpClient.queryInner (file:///Users/syphaoffice1/Mission-control-openclaw-25:02/Mission-control/node_modules/convex/dist/esm/browser/http_client.js:225:22)
    at async ConvexHttpClient.query (file:///Users/syphaoffice1/Mission-control-openclaw-25:02/Mission-control/node_modules/convex/dist/esm/browser/http_client.js:202:12)
    at async statusNotificationLoop (file:///Users/syphaoffice1/Mission-control-openclaw-25:02/Mission-control/orchestrator/index.mjs:992:21)
    at async Promise.allSettled (index 2)
    at async main (file:///Users/syphaoffice1/Mission-control-openclaw-25:02/Mission-control/orchestrator/index.mjs:1084:3) {
  [cause]: Error: getaddrinfo ENOTFOUND secret-fox-493.convex.cloud
      at GetAddrInfoReqWrap.onlookupall [as oncomplete] (node:dns:121:26) {
    errno: -3008,
    code: 'ENOTFOUND',
    syscall: 'getaddrinfo',
    hostname: 'secret-fox-493.convex.cloud'
  }
}
[triage] error TypeError: fetch failed
    at node:internal/deps/undici/undici:16416:13
    at process.processTicksAndRejections (node:internal/process/task_queues:104:5)
    at async ConvexHttpClient.queryInner (file:///Users/syphaoffice1/Mission-control-openclaw-25:02/Mission-control/node_modules/convex/dist/esm/browser/http_client.js:225:22)
    at async ConvexHttpClient.query (file:///Users/syphaoffice1/Mission-control-openclaw-25:02/Mission-control/node_modules/convex/dist/esm/browser/http_client.js:202:12)
    at async getAgentMap (file:///Users/syphaoffice1/Mission-control-openclaw-25:02/Mission-control/orchestrator/index.mjs:420:18)
    at async chiefTriageLoop (file:///Users/syphaoffice1/Mission-control-openclaw-25:02/Mission-control/orchestrator/index.mjs:612:22)
    at async Promise.allSettled (index 0)
    at async main (file:///Users/syphaoffice1/Mission-control-openclaw-25:02/Mission-control/orchestrator/index.mjs:1084:3) {
  [cause]: Error: getaddrinfo ENOTFOUND secret-fox-493.convex.cloud
      at GetAddrInfoReqWrap.onlookupall [as oncomplete] (node:dns:121:26) {
    errno: -3008,
    code: 'ENOTFOUND',
    syscall: 'getaddrinfo',
    hostname: 'secret-fox-493.convex.cloud'
  }
}
[triage] error TypeError: fetch failed
    at node:internal/deps/undici/undici:16416:13
    at process.processTicksAndRejections (node:internal/process/task_queues:104:5)
    at async ConvexHttpClient.queryInner (file:///Users/syphaoffice1/Mission-control-openclaw-25:02/Mission-control/node_modules/convex/dist/esm/browser/http_client.js:225:22)
    at async ConvexHttpClient.query (file:///Users/syphaoffice1/Mission-control-openclaw-25:02/Mission-control/node_modules/convex/dist/esm/browser/http_client.js:202:12)
    at async getAgentMap (file:///Users/syphaoffice1/Mission-control-openclaw-25:02/Mission-control/orchestrator/index.mjs:420:18)
    at async chiefTriageLoop (file:///Users/syphaoffice1/Mission-control-openclaw-25:02/Mission-control/orchestrator/index.mjs:612:22)
    at async Promise.allSettled (index 0)
    at async main (file:///Users/syphaoffice1/Mission-control-openclaw-25:02/Mission-control/orchestrator/index.mjs:1084:3) {
  [cause]: Error: getaddrinfo ENOTFOUND secret-fox-493.convex.cloud
      at GetAddrInfoReqWrap.onlookupall [as oncomplete] (node:dns:121:26) {
    errno: -3008,
    code: 'ENOTFOUND',
    syscall: 'getaddrinfo',
    hostname: 'secret-fox-493.convex.cloud'
  }
}
[triage] error TypeError: fetch failed
    at node:internal/deps/undici/undici:16416:13
    at process.processTicksAndRejections (node:internal/process/task_queues:104:5)
    at async ConvexHttpClient.queryInner (file:///Users/syphaoffice1/Mission-control-openclaw-25:02/Mission-control/node_modules/convex/dist/esm/browser/http_client.js:225:22)
    at async ConvexHttpClient.query (file:///Users/syphaoffice1/Mission-control-openclaw-25:02/Mission-control/node_modules/convex/dist/esm/browser/http_client.js:202:12)
    at async getAgentMap (file:///Users/syphaoffice1/Mission-control-openclaw-25:02/Mission-control/orchestrator/index.mjs:420:18)
    at async chiefTriageLoop (file:///Users/syphaoffice1/Mission-control-openclaw-25:02/Mission-control/orchestrator/index.mjs:612:22)
    at async Promise.allSettled (index 0)
    at async main (file:///Users/syphaoffice1/Mission-control-openclaw-25:02/Mission-control/orchestrator/index.mjs:1084:3) {
  [cause]: Error: getaddrinfo ENOTFOUND secret-fox-493.convex.cloud
      at GetAddrInfoReqWrap.onlookupall [as oncomplete] (node:dns:121:26) {
    errno: -3008,
    code: 'ENOTFOUND',
    syscall: 'getaddrinfo',
    hostname: 'secret-fox-493.convex.cloud'
  }
}
[poller] error TypeError: fetch failed
    at node:internal/deps/undici/undici:16416:13
    at process.processTicksAndRejections (node:internal/process/task_queues:104:5)
    at async telegramApi (file:///Users/syphaoffice1/Mission-control-openclaw-25:02/Mission-control/orchestrator/index.mjs:186:15)
    at async pollingLoop (file:///Users/syphaoffice1/Mission-control-openclaw-25:02/Mission-control/orchestrator/index.mjs:542:23)
    at async Promise.allSettled (index 3)
    at async main (file:///Users/syphaoffice1/Mission-control-openclaw-25:02/Mission-control/orchestrator/index.mjs:1084:3) {
  [cause]: Error: getaddrinfo ENOTFOUND api.telegram.org
      at GetAddrInfoReqWrap.onlookupall [as oncomplete] (node:dns:121:26) {
    errno: -3008,
    code: 'ENOTFOUND',
    syscall: 'getaddrinfo',
    hostname: 'api.telegram.org'
  }
}
[notify] error TypeError: fetch failed
    at node:internal/deps/undici/undici:16416:13
    at process.processTicksAndRejections (node:internal/process/task_queues:104:5)
    at async ConvexHttpClient.queryInner (file:///Users/syphaoffice1/Mission-control-openclaw-25:02/Mission-control/node_modules/convex/dist/esm/browser/http_client.js:225:22)
    at async ConvexHttpClient.query (file:///Users/syphaoffice1/Mission-control-openclaw-25:02/Mission-control/node_modules/convex/dist/esm/browser/http_client.js:202:12)
    at async statusNotificationLoop (file:///Users/syphaoffice1/Mission-control-openclaw-25:02/Mission-control/orchestrator/index.mjs:992:21)
    at async Promise.allSettled (index 2)
    at async main (file:///Users/syphaoffice1/Mission-control-openclaw-25:02/Mission-control/orchestrator/index.mjs:1084:3) {
  [cause]: Error: getaddrinfo ENOTFOUND secret-fox-493.convex.cloud
      at GetAddrInfoReqWrap.onlookupall [as oncomplete] (node:dns:121:26) {
    errno: -3008,
    code: 'ENOTFOUND',
    syscall: 'getaddrinfo',
    hostname: 'secret-fox-493.convex.cloud'
  }
}
[triage] error TypeError: fetch failed
    at node:internal/deps/undici/undici:16416:13
    at process.processTicksAndRejections (node:internal/process/task_queues:104:5)
    at async ConvexHttpClient.queryInner (file:///Users/syphaoffice1/Mission-control-openclaw-25:02/Mission-control/node_modules/convex/dist/esm/browser/http_client.js:225:22)
    at async ConvexHttpClient.query (file:///Users/syphaoffice1/Mission-control-openclaw-25:02/Mission-control/node_modules/convex/dist/esm/browser/http_client.js:202:12)
    at async getAgentMap (file:///Users/syphaoffice1/Mission-control-openclaw-25:02/Mission-control/orchestrator/index.mjs:420:18)
    at async chiefTriageLoop (file:///Users/syphaoffice1/Mission-control-openclaw-25:02/Mission-control/orchestrator/index.mjs:612:22)
    at async Promise.allSettled (index 0)
    at async main (file:///Users/syphaoffice1/Mission-control-openclaw-25:02/Mission-control/orchestrator/index.mjs:1084:3) {
  [cause]: Error: getaddrinfo ENOTFOUND secret-fox-493.convex.cloud
      at GetAddrInfoReqWrap.onlookupall [as oncomplete] (node:dns:121:26) {
    errno: -3008,
    code: 'ENOTFOUND',
    syscall: 'getaddrinfo',
    hostname: 'secret-fox-493.convex.cloud'
  }
}
[triage] error TypeError: fetch failed
    at node:internal/deps/undici/undici:16416:13
    at process.processTicksAndRejections (node:internal/process/task_queues:104:5)
    at async ConvexHttpClient.queryInner (file:///Users/syphaoffice1/Mission-control-openclaw-25:02/Mission-control/node_modules/convex/dist/esm/browser/http_client.js:225:22)
    at async ConvexHttpClient.query (file:///Users/syphaoffice1/Mission-control-openclaw-25:02/Mission-control/node_modules/convex/dist/esm/browser/http_client.js:202:12)
    at async getAgentMap (file:///Users/syphaoffice1/Mission-control-openclaw-25:02/Mission-control/orchestrator/index.mjs:420:18)
    at async chiefTriageLoop (file:///Users/syphaoffice1/Mission-control-openclaw-25:02/Mission-control/orchestrator/index.mjs:612:22)
    at async Promise.allSettled (index 0)
    at async main (file:///Users/syphaoffice1/Mission-control-openclaw-25:02/Mission-control/orchestrator/index.mjs:1084:3) {
  [cause]: Error: getaddrinfo ENOTFOUND secret-fox-493.convex.cloud
      at GetAddrInfoReqWrap.onlookupall [as oncomplete] (node:dns:121:26) {
    errno: -3008,
    code: 'ENOTFOUND',
    syscall: 'getaddrinfo',
    hostname: 'secret-fox-493.convex.cloud'
  }
}
[triage] error TypeError: fetch failed
    at node:internal/deps/undici/undici:16416:13
    at process.processTicksAndRejections (node:internal/process/task_queues:104:5)
    at async ConvexHttpClient.queryInner (file:///Users/syphaoffice1/Mission-control-openclaw-25:02/Mission-control/node_modules/convex/dist/esm/browser/http_client.js:225:22)
    at async ConvexHttpClient.query (file:///Users/syphaoffice1/Mission-control-openclaw-25:02/Mission-control/node_modules/convex/dist/esm/browser/http_client.js:202:12)
    at async getAgentMap (file:///Users/syphaoffice1/Mission-control-openclaw-25:02/Mission-control/orchestrator/index.mjs:420:18)
    at async chiefTriageLoop (file:///Users/syphaoffice1/Mission-control-openclaw-25:02/Mission-control/orchestrator/index.mjs:612:22)
    at async Promise.allSettled (index 0)
    at async main (file:///Users/syphaoffice1/Mission-control-openclaw-25:02/Mission-control/orchestrator/index.mjs:1084:3) {
  [cause]: Error: getaddrinfo ENOTFOUND secret-fox-493.convex.cloud
      at GetAddrInfoReqWrap.onlookupall [as oncomplete] (node:dns:121:26) {
    errno: -3008,
    code: 'ENOTFOUND',
    syscall: 'getaddrinfo',
    hostname: 'secret-fox-493.convex.cloud'
  }
}
[notify] error TypeError: fetch failed
    at node:internal/deps/undici/undici:16416:13
    at process.processTicksAndRejections (node:internal/process/task_queues:104:5)
    at async ConvexHttpClient.queryInner (file:///Users/syphaoffice1/Mission-control-openclaw-25:02/Mission-control/node_modules/convex/dist/esm/browser/http_client.js:225:22)
    at async ConvexHttpClient.query (file:///Users/syphaoffice1/Mission-control-openclaw-25:02/Mission-control/node_modules/convex/dist/esm/browser/http_client.js:202:12)
    at async statusNotificationLoop (file:///Users/syphaoffice1/Mission-control-openclaw-25:02/Mission-control/orchestrator/index.mjs:992:21)
    at async Promise.allSettled (index 2)
    at async main (file:///Users/syphaoffice1/Mission-control-openclaw-25:02/Mission-control/orchestrator/index.mjs:1084:3) {
  [cause]: Error: getaddrinfo ENOTFOUND secret-fox-493.convex.cloud
      at GetAddrInfoReqWrap.onlookupall [as oncomplete] (node:dns:121:26) {
    errno: -3008,
    code: 'ENOTFOUND',
    syscall: 'getaddrinfo',
    hostname: 'secret-fox-493.convex.cloud'
  }
}
[triage] error TypeError: fetch failed
    at node:internal/deps/undici/undici:16416:13
    at process.processTicksAndRejections (node:internal/process/task_queues:104:5)
    at async ConvexHttpClient.queryInner (file:///Users/syphaoffice1/Mission-control-openclaw-25:02/Mission-control/node_modules/convex/dist/esm/browser/http_client.js:225:22)
    at async ConvexHttpClient.query (file:///Users/syphaoffice1/Mission-control-openclaw-25:02/Mission-control/node_modules/convex/dist/esm/browser/http_client.js:202:12)
    at async getAgentMap (file:///Users/syphaoffice1/Mission-control-openclaw-25:02/Mission-control/orchestrator/index.mjs:420:18)
    at async chiefTriageLoop (file:///Users/syphaoffice1/Mission-control-openclaw-25:02/Mission-control/orchestrator/index.mjs:612:22)
    at async Promise.allSettled (index 0)
    at async main (file:///Users/syphaoffice1/Mission-control-openclaw-25:02/Mission-control/orchestrator/index.mjs:1084:3) {
  [cause]: Error: getaddrinfo ENOTFOUND secret-fox-493.convex.cloud
      at GetAddrInfoReqWrap.onlookupall [as oncomplete] (node:dns:121:26) {
    errno: -3008,
    code: 'ENOTFOUND',
    syscall: 'getaddrinfo',
    hostname: 'secret-fox-493.convex.cloud'
  }
}
[triage] error TypeError: fetch failed
    at node:internal/deps/undici/undici:16416:13
    at process.processTicksAndRejections (node:internal/process/task_queues:104:5)
    at async ConvexHttpClient.queryInner (file:///Users/syphaoffice1/Mission-control-openclaw-25:02/Mission-control/node_modules/convex/dist/esm/browser/http_client.js:225:22)
    at async ConvexHttpClient.query (file:///Users/syphaoffice1/Mission-control-openclaw-25:02/Mission-control/node_modules/convex/dist/esm/browser/http_client.js:202:12)
    at async getAgentMap (file:///Users/syphaoffice1/Mission-control-openclaw-25:02/Mission-control/orchestrator/index.mjs:420:18)
    at async chiefTriageLoop (file:///Users/syphaoffice1/Mission-control-openclaw-25:02/Mission-control/orchestrator/index.mjs:612:22)
    at async Promise.allSettled (index 0)
    at async main (file:///Users/syphaoffice1/Mission-control-openclaw-25:02/Mission-control/orchestrator/index.mjs:1084:3) {
  [cause]: Error: getaddrinfo ENOTFOUND secret-fox-493.convex.cloud
      at GetAddrInfoReqWrap.onlookupall [as oncomplete] (node:dns:121:26) {
    errno: -3008,
    code: 'ENOTFOUND',
    syscall: 'getaddrinfo',
    hostname: 'secret-fox-493.convex.cloud'
  }
}
[poller] error TypeError: fetch failed
    at node:internal/deps/undici/undici:16416:13
    at process.processTicksAndRejections (node:internal/process/task_queues:104:5)
    at async telegramApi (file:///Users/syphaoffice1/Mission-control-openclaw-25:02/Mission-control/orchestrator/index.mjs:186:15)
    at async pollingLoop (file:///Users/syphaoffice1/Mission-control-openclaw-25:02/Mission-control/orchestrator/index.mjs:542:23)
    at async Promise.allSettled (index 3)
    at async main (file:///Users/syphaoffice1/Mission-control-openclaw-25:02/Mission-control/orchestrator/index.mjs:1084:3) {
  [cause]: Error: getaddrinfo ENOTFOUND api.telegram.org
      at GetAddrInfoReqWrap.onlookupall [as oncomplete] (node:dns:121:26) {
    errno: -3008,
    code: 'ENOTFOUND',
    syscall: 'getaddrinfo',
    hostname: 'api.telegram.org'
  }
}
[triage] error TypeError: fetch failed
    at node:internal/deps/undici/undici:16416:13
    at process.processTicksAndRejections (node:internal/process/task_queues:104:5)
    at async ConvexHttpClient.queryInner (file:///Users/syphaoffice1/Mission-control-openclaw-25:02/Mission-control/node_modules/convex/dist/esm/browser/http_client.js:225:22)
    at async ConvexHttpClient.query (file:///Users/syphaoffice1/Mission-control-openclaw-25:02/Mission-control/node_modules/convex/dist/esm/browser/http_client.js:202:12)
    at async getAgentMap (file:///Users/syphaoffice1/Mission-control-openclaw-25:02/Mission-control/orchestrator/index.mjs:420:18)
    at async chiefTriageLoop (file:///Users/syphaoffice1/Mission-control-openclaw-25:02/Mission-control/orchestrator/index.mjs:612:22)
    at async Promise.allSettled (index 0)
    at async main (file:///Users/syphaoffice1/Mission-control-openclaw-25:02/Mission-control/orchestrator/index.mjs:1084:3) {
  [cause]: Error: getaddrinfo ENOTFOUND secret-fox-493.convex.cloud
      at GetAddrInfoReqWrap.onlookupall [as oncomplete] (node:dns:121:26) {
    errno: -3008,
    code: 'ENOTFOUND',
    syscall: 'getaddrinfo',
    hostname: 'secret-fox-493.convex.cloud'
  }
}
[poller] error TypeError: fetch failed
    at node:internal/deps/undici/undici:16416:13
    at process.processTicksAndRejections (node:internal/process/task_queues:104:5)
    at async telegramApi (file:///Users/syphaoffice1/Mission-control-openclaw-25:02/Mission-control/orchestrator/index.mjs:186:15)
    at async pollingLoop (file:///Users/syphaoffice1/Mission-control-openclaw-25:02/Mission-control/orchestrator/index.mjs:542:23)
    at async Promise.allSettled (index 3)
    at async main (file:///Users/syphaoffice1/Mission-control-openclaw-25:02/Mission-control/orchestrator/index.mjs:1084:3) {
  [cause]: Error: read ECONNRESET
      at TLSWrap.onStreamRead (node:internal/stream_base_commons:216:20) {
    errno: -54,
    code: 'ECONNRESET',
    syscall: 'read'
  }
}
[notify] telegram send failed Error: Telegram API sendMessage failed: {"ok":false,"error_code":400,"description":"Bad Request: chat not found"}
    at telegramApi (file:///Users/syphaoffice1/Mission-control-openclaw-25:02/Mission-control/orchestrator/index.mjs:195:23)
    at process.processTicksAndRejections (node:internal/process/task_queues:104:5)
    at async statusNotificationLoop (file:///Users/syphaoffice1/Mission-control-openclaw-25:02/Mission-control/orchestrator/index.mjs:1118:13)
    at async Promise.allSettled (index 2)
    at async main (file:///Users/syphaoffice1/Mission-control-openclaw-25:02/Mission-control/orchestrator/index.mjs:1187:3)
[notify] telegram send failed Error: Telegram API sendMessage failed: {"ok":false,"error_code":400,"description":"Bad Request: chat not found"}
    at telegramApi (file:///Users/syphaoffice1/Mission-control-openclaw-25:02/Mission-control/orchestrator/index.mjs:195:23)
    at process.processTicksAndRejections (node:internal/process/task_queues:104:5)
    at async statusNotificationLoop (file:///Users/syphaoffice1/Mission-control-openclaw-25:02/Mission-control/orchestrator/index.mjs:1118:13)
    at async Promise.allSettled (index 2)
    at async main (file:///Users/syphaoffice1/Mission-control-openclaw-25:02/Mission-control/orchestrator/index.mjs:1187:3)
[notify] telegram send failed Error: Telegram API sendMessage failed: {"ok":false,"error_code":400,"description":"Bad Request: chat not found"}
    at telegramApi (file:///Users/syphaoffice1/Mission-control-openclaw-25:02/Mission-control/orchestrator/index.mjs:195:23)
    at process.processTicksAndRejections (node:internal/process/task_queues:104:5)
    at async statusNotificationLoop (file:///Users/syphaoffice1/Mission-control-openclaw-25:02/Mission-control/orchestrator/index.mjs:1118:13)
    at async Promise.allSettled (index 2)
    at async main (file:///Users/syphaoffice1/Mission-control-openclaw-25:02/Mission-control/orchestrator/index.mjs:1187:3)
[notify] telegram send failed Error: Telegram API sendMessage failed: {"ok":false,"error_code":400,"description":"Bad Request: chat not found"}
    at telegramApi (file:///Users/syphaoffice1/Mission-control-openclaw-25:02/Mission-control/orchestrator/index.mjs:195:23)
    at process.processTicksAndRejections (node:internal/process/task_queues:104:5)
    at async statusNotificationLoop (file:///Users/syphaoffice1/Mission-control-openclaw-25:02/Mission-control/orchestrator/index.mjs:1118:13)
    at async Promise.allSettled (index 2)
    at async main (file:///Users/syphaoffice1/Mission-control-openclaw-25:02/Mission-control/orchestrator/index.mjs:1187:3)
[notify] telegram send failed Error: Telegram API sendMessage failed: {"ok":false,"error_code":400,"description":"Bad Request: chat not found"}
    at telegramApi (file:///Users/syphaoffice1/Mission-control-openclaw-25:02/Mission-control/orchestrator/index.mjs:195:23)
    at process.processTicksAndRejections (node:internal/process/task_queues:104:5)
    at async statusNotificationLoop (file:///Users/syphaoffice1/Mission-control-openclaw-25:02/Mission-control/orchestrator/index.mjs:1118:13)
    at async Promise.allSettled (index 2)
    at async main (file:///Users/syphaoffice1/Mission-control-openclaw-25:02/Mission-control/orchestrator/index.mjs:1187:3)
[notify] telegram send failed Error: Telegram API sendMessage failed: {"ok":false,"error_code":400,"description":"Bad Request: chat not found"}
    at telegramApi (file:///Users/syphaoffice1/Mission-control-openclaw-25:02/Mission-control/orchestrator/index.mjs:195:23)
    at process.processTicksAndRejections (node:internal/process/task_queues:104:5)
    at async statusNotificationLoop (file:///Users/syphaoffice1/Mission-control-openclaw-25:02/Mission-control/orchestrator/index.mjs:1118:13)
    at async Promise.allSettled (index 2)
    at async main (file:///Users/syphaoffice1/Mission-control-openclaw-25:02/Mission-control/orchestrator/index.mjs:1187:3)
[notify] telegram send failed Error: Telegram API sendMessage failed: {"ok":false,"error_code":400,"description":"Bad Request: chat not found"}
    at telegramApi (file:///Users/syphaoffice1/Mission-control-openclaw-25:02/Mission-control/orchestrator/index.mjs:195:23)
    at process.processTicksAndRejections (node:internal/process/task_queues:104:5)
    at async statusNotificationLoop (file:///Users/syphaoffice1/Mission-control-openclaw-25:02/Mission-control/orchestrator/index.mjs:1222:13)
    at async Promise.allSettled (index 2)
    at async main (file:///Users/syphaoffice1/Mission-control-openclaw-25:02/Mission-control/orchestrator/index.mjs:1291:3)
[notify] telegram send failed Error: Telegram API sendMessage failed: {"ok":false,"error_code":400,"description":"Bad Request: chat not found"}
    at telegramApi (file:///Users/syphaoffice1/Mission-control-openclaw-25:02/Mission-control/orchestrator/index.mjs:195:23)
    at process.processTicksAndRejections (node:internal/process/task_queues:104:5)
    at async statusNotificationLoop (file:///Users/syphaoffice1/Mission-control-openclaw-25:02/Mission-control/orchestrator/index.mjs:1222:13)
    at async Promise.allSettled (index 2)
    at async main (file:///Users/syphaoffice1/Mission-control-openclaw-25:02/Mission-control/orchestrator/index.mjs:1291:3)
[triage] error Error: <!DOCTYPE html>
<!--[if lt IE 7]> <html class="no-js ie6 oldie" lang="en-US"> <![endif]-->
<!--[if IE 7]>    <html class="no-js ie7 oldie" lang="en-US"> <![endif]-->
<!--[if IE 8]>    <html class="no-js ie8 oldie" lang="en-US"> <![endif]-->
<!--[if gt IE 8]><!--> <html class="no-js" lang="en-US"> <!--<![endif]-->
<head>


<title>secret-fox-493.convex.cloud | 520: Web server is returning an unknown error</title>
<meta charset="UTF-8" />
<meta http-equiv="Content-Type" content="text/html; charset=UTF-8" />
<meta http-equiv="X-UA-Compatible" content="IE=Edge" />
<meta name="robots" content="noindex, nofollow" />
<meta name="viewport" content="width=device-width,initial-scale=1" />
<link rel="stylesheet" id="cf_styles-css" href="/cdn-cgi/styles/main.css" />


</head>
<body>
<div id="cf-wrapper">
    <div id="cf-error-details" class="p-0">
        <header class="mx-auto pt-10 lg:pt-6 lg:px-8 w-240 lg:w-full mb-8">
            <h1 class="inline-block sm:block sm:mb-2 font-light text-60 lg:text-4xl text-black-dark leading-tight mr-2">
              <span class="inline-block">Web server is returning an unknown error</span>
              <span class="code-label">Error code 520</span>
            </h1>
            <div>
               Visit <a href="https://www.cloudflare.com/5xx-error-landing?utm_source=errorcode_520&utm_campaign=secret-fox-493.convex.cloud" target="_blank" rel="noopener noreferrer">cloudflare.com</a> for more information.
            </div>
            <div class="mt-3">2026-02-26 18:12:02 UTC</div>
        </header>
        <div class="my-8 bg-gradient-gray">
            <div class="w-240 lg:w-full mx-auto">
                <div class="clearfix md:px-8">
                  
<div id="cf-browser-status" class=" relative w-1/3 md:w-full py-15 md:p-0 md:py-8 md:text-left md:border-solid md:border-0 md:border-b md:border-gray-400 overflow-hidden float-left md:float-none text-center">
  <div class="relative mb-10 md:m-0">
    
    <span class="cf-icon-browser block md:hidden h-20 bg-center bg-no-repeat"></span>
    <span class="cf-icon-ok w-12 h-12 absolute left-1/2 md:left-auto md:right-0 md:top-0 -ml-6 -bottom-4"></span>
    
  </div>
  <span class="md:block w-full truncate">You</span>
  <h3 class="md:inline-block mt-3 md:mt-0 text-2xl text-gray-600 font-light leading-1.3">
    
    Browser
    
  </h3>
  <span class="leading-1.3 text-2xl text-green-success">Working</span>
</div>

<div id="cf-cloudflare-status" class=" relative w-1/3 md:w-full py-15 md:p-0 md:py-8 md:text-left md:border-solid md:border-0 md:border-b md:border-gray-400 overflow-hidden float-left md:float-none text-center">
  <div class="relative mb-10 md:m-0">
    <a href="https://www.cloudflare.com/5xx-error-landing?utm_source=errorcode_520&utm_campaign=secret-fox-493.convex.cloud" target="_blank" rel="noopener noreferrer">
    <span class="cf-icon-cloud block md:hidden h-20 bg-center bg-no-repeat"></span>
    <span class="cf-icon-ok w-12 h-12 absolute left-1/2 md:left-auto md:right-0 md:top-0 -ml-6 -bottom-4"></span>
    </a>
  </div>
  <span class="md:block w-full truncate">Mumbai</span>
  <h3 class="md:inline-block mt-3 md:mt-0 text-2xl text-gray-600 font-light leading-1.3">
    <a href="https://www.cloudflare.com/5xx-error-landing?utm_source=errorcode_520&utm_campaign=secret-fox-493.convex.cloud" target="_blank" rel="noopener noreferrer">
    Cloudflare
    </a>
  </h3>
  <span class="leading-1.3 text-2xl text-green-success">Working</span>
</div>

<div id="cf-host-status" class="cf-error-source relative w-1/3 md:w-full py-15 md:p-0 md:py-8 md:text-left md:border-solid md:border-0 md:border-b md:border-gray-400 overflow-hidden float-left md:float-none text-center">
  <div class="relative mb-10 md:m-0">
    
    <span class="cf-icon-server block md:hidden h-20 bg-center bg-no-repeat"></span>
    <span class="cf-icon-error w-12 h-12 absolute left-1/2 md:left-auto md:right-0 md:top-0 -ml-6 -bottom-4"></span>
    
  </div>
  <span class="md:block w-full truncate">secret-fox-493.convex.cloud</span>
  <h3 class="md:inline-block mt-3 md:mt-0 text-2xl text-gray-600 font-light leading-1.3">
    
    Host
    
  </h3>
  <span class="leading-1.3 text-2xl text-red-error">Error</span>
</div>

                </div>
            </div>
        </div>

        <div class="w-240 lg:w-full mx-auto mb-8 lg:px-8">
            <div class="clearfix">
                <div class="w-1/2 md:w-full float-left pr-6 md:pb-10 md:pr-0 leading-relaxed">
                    <h2 class="text-3xl font-normal leading-1.3 mb-4">What happened?</h2>
                    <p>There is an unknown connection issue between Cloudflare and the origin web server. As a result, the web page can not be displayed.</p>
                </div>
                <div class="w-1/2 md:w-full float-left leading-relaxed">
                    <h2 class="text-3xl font-normal leading-1.3 mb-4">What can I do?</h2>
                          <h3 class="text-15 font-semibold mb-2">If you are a visitor of this website:</h3>
      <p class="mb-6">Please try again in a few minutes.</p>

      <h3 class="text-15 font-semibold mb-2">If you are the owner of this website:</h3>
      <p><span>There is an issue between Cloudflare's cache and your origin web server. Cloudflare monitors for these errors and automatically investigates the cause. To help support the investigation, you can pull the corresponding error log from your web server and submit it our support team.  Please include the Ray ID (which is at the bottom of this error page).</span> <a rel="noopener noreferrer" href="https://developers.cloudflare.com/support/troubleshooting/http-status-codes/cloudflare-5xx-errors/error-520/">Additional troubleshooting resources</a>.</p>
                </div>
            </div>
        </div>

        <div class="cf-error-footer cf-wrapper w-240 lg:w-full py-10 sm:py-4 sm:px-8 mx-auto text-center sm:text-left border-solid border-0 border-t border-gray-300">
  <p class="text-13">
    <span class="cf-footer-item sm:block sm:mb-1">Cloudflare Ray ID: <strong class="font-semibold">9d416786ec96ffa9</strong></span>
    <span class="cf-footer-separator sm:hidden">&bull;</span>
    <span id="cf-footer-item-ip" class="cf-footer-item hidden sm:block sm:mb-1">
      Your IP:
      <button type="button" id="cf-footer-ip-reveal" class="cf-footer-ip-reveal-btn">Click to reveal</button>
      <span class="hidden" id="cf-footer-ip">103.160.70.211</span>
      <span class="cf-footer-separator sm:hidden">&bull;</span>
    </span>
    <span class="cf-footer-item sm:block sm:mb-1"><span>Performance &amp; security by</span> <a rel="noopener noreferrer" href="https://www.cloudflare.com/5xx-error-landing?utm_source=errorcode_520&utm_campaign=secret-fox-493.convex.cloud" id="brand_link" target="_blank">Cloudflare</a></span>
    
  </p>
  <script>(function(){function d(){var b=a.getElementById("cf-footer-item-ip"),c=a.getElementById("cf-footer-ip-reveal");b&&"classList"in b&&(b.classList.remove("hidden"),c.addEventListener("click",function(){c.classList.add("hidden");a.getElementById("cf-footer-ip").classList.remove("hidden")}))}var a=document;document.addEventListener&&a.addEventListener("DOMContentLoaded",d)})();</script>
</div><!-- /.error-footer -->


    </div>
</div>
</body>
</html>

    at ConvexHttpClient.mutationInner (file:///Users/syphaoffice1/Mission-control-openclaw-25:02/Mission-control/node_modules/convex/dist/esm/browser/http_client.js:279:13)
    at process.processTicksAndRejections (node:internal/process/task_queues:104:5)
    at async ConvexHttpClient.processMutationQueue (file:///Users/syphaoffice1/Mission-control-openclaw-25:02/Mission-control/node_modules/convex/dist/esm/browser/http_client.js:310:24)
[retry] convex.query transient failure (attempt 1/4): fetch failed
[retry] convex.query transient failure (attempt 1/4): fetch failed
[retry] convex.query transient failure (attempt 2/4): fetch failed
[retry] convex.query transient failure (attempt 2/4): fetch failed
[retry] convex.query transient failure (attempt 3/4): fetch failed
[retry] convex.query transient failure (attempt 3/4): fetch failed
[triage] error TypeError: fetch failed
    at node:internal/deps/undici/undici:16416:13
    at process.processTicksAndRejections (node:internal/process/task_queues:104:5)
    at async ConvexHttpClient.queryInner (file:///Users/syphaoffice1/Mission-control-openclaw-25:02/Mission-control/node_modules/convex/dist/esm/browser/http_client.js:225:22)
    at async ConvexHttpClient.query (file:///Users/syphaoffice1/Mission-control-openclaw-25:02/Mission-control/node_modules/convex/dist/esm/browser/http_client.js:202:12)
    at async withRetry (file:///Users/syphaoffice1/Mission-control-openclaw-25:02/Mission-control/orchestrator/index.mjs:197:14)
    at async getAgentMap (file:///Users/syphaoffice1/Mission-control-openclaw-25:02/Mission-control/orchestrator/index.mjs:657:18)
    at async chiefTriageLoop (file:///Users/syphaoffice1/Mission-control-openclaw-25:02/Mission-control/orchestrator/index.mjs:849:22)
    at async Promise.allSettled (index 0)
    at async main (file:///Users/syphaoffice1/Mission-control-openclaw-25:02/Mission-control/orchestrator/index.mjs:1594:3) {
  [cause]: Error: getaddrinfo ENOTFOUND secret-fox-493.convex.cloud
      at GetAddrInfoReqWrap.onlookupall [as oncomplete] (node:dns:121:26) {
    errno: -3008,
    code: 'ENOTFOUND',
    syscall: 'getaddrinfo',
    hostname: 'secret-fox-493.convex.cloud'
  }
}
[watchdog] error TypeError: fetch failed
    at node:internal/deps/undici/undici:16416:13
    at process.processTicksAndRejections (node:internal/process/task_queues:104:5)
    at async ConvexHttpClient.queryInner (file:///Users/syphaoffice1/Mission-control-openclaw-25:02/Mission-control/node_modules/convex/dist/esm/browser/http_client.js:225:22)
    at async ConvexHttpClient.query (file:///Users/syphaoffice1/Mission-control-openclaw-25:02/Mission-control/node_modules/convex/dist/esm/browser/http_client.js:202:12)
    at async withRetry (file:///Users/syphaoffice1/Mission-control-openclaw-25:02/Mission-control/orchestrator/index.mjs:197:14)
    at async getAgentMap (file:///Users/syphaoffice1/Mission-control-openclaw-25:02/Mission-control/orchestrator/index.mjs:657:18)
    at async chiefWatchdogLoop (file:///Users/syphaoffice1/Mission-control-openclaw-25:02/Mission-control/orchestrator/index.mjs:1129:22)
    at async Promise.allSettled (index 1)
    at async main (file:///Users/syphaoffice1/Mission-control-openclaw-25:02/Mission-control/orchestrator/index.mjs:1594:3) {
  [cause]: Error: getaddrinfo ENOTFOUND secret-fox-493.convex.cloud
      at GetAddrInfoReqWrap.onlookupall [as oncomplete] (node:dns:121:26) {
    errno: -3008,
    code: 'ENOTFOUND',
    syscall: 'getaddrinfo',
    hostname: 'secret-fox-493.convex.cloud'
  }
}
[retry] convex.query transient failure (attempt 1/4): fetch failed
[retry] convex.query transient failure (attempt 2/4): fetch failed
[retry] convex.query transient failure (attempt 3/4): fetch failed
[triage] error TypeError: fetch failed
    at node:internal/deps/undici/undici:16416:13
    at process.processTicksAndRejections (node:internal/process/task_queues:104:5)
    at async ConvexHttpClient.queryInner (file:///Users/syphaoffice1/Mission-control-openclaw-25:02/Mission-control/node_modules/convex/dist/esm/browser/http_client.js:225:22)
    at async ConvexHttpClient.query (file:///Users/syphaoffice1/Mission-control-openclaw-25:02/Mission-control/node_modules/convex/dist/esm/browser/http_client.js:202:12)
    at async withRetry (file:///Users/syphaoffice1/Mission-control-openclaw-25:02/Mission-control/orchestrator/index.mjs:197:14)
    at async getAgentMap (file:///Users/syphaoffice1/Mission-control-openclaw-25:02/Mission-control/orchestrator/index.mjs:657:18)
    at async chiefTriageLoop (file:///Users/syphaoffice1/Mission-control-openclaw-25:02/Mission-control/orchestrator/index.mjs:849:22)
    at async Promise.allSettled (index 0)
    at async main (file:///Users/syphaoffice1/Mission-control-openclaw-25:02/Mission-control/orchestrator/index.mjs:1594:3) {
  [cause]: Error: getaddrinfo ENOTFOUND secret-fox-493.convex.cloud
      at GetAddrInfoReqWrap.onlookupall [as oncomplete] (node:dns:121:26) {
    errno: -3008,
    code: 'ENOTFOUND',
    syscall: 'getaddrinfo',
    hostname: 'secret-fox-493.convex.cloud'
  }
}
[retry] convex.query transient failure (attempt 1/4): fetch failed
[retry] convex.query transient failure (attempt 1/4): fetch failed
[retry] convex.query transient failure (attempt 1/4): fetch failed
[retry] convex.query transient failure (attempt 2/4): fetch failed
[retry] convex.query transient failure (attempt 2/4): fetch failed
[retry] convex.query transient failure (attempt 3/4): fetch failed
[retry] convex.query transient failure (attempt 3/4): fetch failed
[notify] error TypeError: fetch failed
    at node:internal/deps/undici/undici:16416:13
    at process.processTicksAndRejections (node:internal/process/task_queues:104:5)
    at async ConvexHttpClient.queryInner (file:///Users/syphaoffice1/Mission-control-openclaw-25:02/Mission-control/node_modules/convex/dist/esm/browser/http_client.js:225:22)
    at async ConvexHttpClient.query (file:///Users/syphaoffice1/Mission-control-openclaw-25:02/Mission-control/node_modules/convex/dist/esm/browser/http_client.js:202:12)
    at async withRetry (file:///Users/syphaoffice1/Mission-control-openclaw-25:02/Mission-control/orchestrator/index.mjs:197:14)
    at async statusNotificationLoop (file:///Users/syphaoffice1/Mission-control-openclaw-25:02/Mission-control/orchestrator/index.mjs:1502:21)
    at async Promise.allSettled (index 2)
    at async main (file:///Users/syphaoffice1/Mission-control-openclaw-25:02/Mission-control/orchestrator/index.mjs:1594:3) {
  [cause]: Error: getaddrinfo ENOTFOUND secret-fox-493.convex.cloud
      at GetAddrInfoReqWrap.onlookupall [as oncomplete] (node:dns:121:26) {
    errno: -3008,
    code: 'ENOTFOUND',
    syscall: 'getaddrinfo',
    hostname: 'secret-fox-493.convex.cloud'
  }
}
[watchdog] error TypeError: fetch failed
    at node:internal/deps/undici/undici:16416:13
    at process.processTicksAndRejections (node:internal/process/task_queues:104:5)
    at async ConvexHttpClient.queryInner (file:///Users/syphaoffice1/Mission-control-openclaw-25:02/Mission-control/node_modules/convex/dist/esm/browser/http_client.js:225:22)
    at async ConvexHttpClient.query (file:///Users/syphaoffice1/Mission-control-openclaw-25:02/Mission-control/node_modules/convex/dist/esm/browser/http_client.js:202:12)
    at async withRetry (file:///Users/syphaoffice1/Mission-control-openclaw-25:02/Mission-control/orchestrator/index.mjs:197:14)
    at async getAgentMap (file:///Users/syphaoffice1/Mission-control-openclaw-25:02/Mission-control/orchestrator/index.mjs:657:18)
    at async chiefWatchdogLoop (file:///Users/syphaoffice1/Mission-control-openclaw-25:02/Mission-control/orchestrator/index.mjs:1129:22)
    at async Promise.allSettled (index 1)
    at async main (file:///Users/syphaoffice1/Mission-control-openclaw-25:02/Mission-control/orchestrator/index.mjs:1594:3) {
  [cause]: Error: getaddrinfo ENOTFOUND secret-fox-493.convex.cloud
      at GetAddrInfoReqWrap.onlookupall [as oncomplete] (node:dns:121:26) {
    errno: -3008,
    code: 'ENOTFOUND',
    syscall: 'getaddrinfo',
    hostname: 'secret-fox-493.convex.cloud'
  }
}
[retry] convex.query transient failure (attempt 1/4): fetch failed
[retry] convex.query transient failure (attempt 2/4): fetch failed
[retry] convex.query transient failure (attempt 3/4): fetch failed
[notify] error TypeError: fetch failed
    at node:internal/deps/undici/undici:16416:13
    at process.processTicksAndRejections (node:internal/process/task_queues:104:5)
    at async ConvexHttpClient.queryInner (file:///Users/syphaoffice1/Mission-control-openclaw-25:02/Mission-control/node_modules/convex/dist/esm/browser/http_client.js:225:22)
    at async ConvexHttpClient.query (file:///Users/syphaoffice1/Mission-control-openclaw-25:02/Mission-control/node_modules/convex/dist/esm/browser/http_client.js:202:12)
    at async withRetry (file:///Users/syphaoffice1/Mission-control-openclaw-25:02/Mission-control/orchestrator/index.mjs:197:14)
    at async statusNotificationLoop (file:///Users/syphaoffice1/Mission-control-openclaw-25:02/Mission-control/orchestrator/index.mjs:1502:21)
    at async Promise.allSettled (index 2)
    at async main (file:///Users/syphaoffice1/Mission-control-openclaw-25:02/Mission-control/orchestrator/index.mjs:1594:3) {
  [cause]: Error: getaddrinfo ENOTFOUND secret-fox-493.convex.cloud
      at GetAddrInfoReqWrap.onlookupall [as oncomplete] (node:dns:121:26) {
    errno: -3008,
    code: 'ENOTFOUND',
    syscall: 'getaddrinfo',
    hostname: 'secret-fox-493.convex.cloud'
  }
}
[retry] convex.query transient failure (attempt 1/4): fetch failed
[retry] convex.query transient failure (attempt 2/4): fetch failed
[retry] convex.query transient failure (attempt 3/4): fetch failed
[notify] error TypeError: fetch failed
    at node:internal/deps/undici/undici:16416:13
    at process.processTicksAndRejections (node:internal/process/task_queues:104:5)
    at async ConvexHttpClient.queryInner (file:///Users/syphaoffice1/Mission-control-openclaw-25:02/Mission-control/node_modules/convex/dist/esm/browser/http_client.js:225:22)
    at async ConvexHttpClient.query (file:///Users/syphaoffice1/Mission-control-openclaw-25:02/Mission-control/node_modules/convex/dist/esm/browser/http_client.js:202:12)
    at async withRetry (file:///Users/syphaoffice1/Mission-control-openclaw-25:02/Mission-control/orchestrator/index.mjs:197:14)
    at async statusNotificationLoop (file:///Users/syphaoffice1/Mission-control-openclaw-25:02/Mission-control/orchestrator/index.mjs:1502:21)
    at async Promise.allSettled (index 2)
    at async main (file:///Users/syphaoffice1/Mission-control-openclaw-25:02/Mission-control/orchestrator/index.mjs:1594:3) {
  [cause]: Error: getaddrinfo ENOTFOUND secret-fox-493.convex.cloud
      at GetAddrInfoReqWrap.onlookupall [as oncomplete] (node:dns:121:26) {
    errno: -3008,
    code: 'ENOTFOUND',
    syscall: 'getaddrinfo',
    hostname: 'secret-fox-493.convex.cloud'
  }
}
[retry] convex.query transient failure (attempt 1/4): fetch failed
[retry] convex.query transient failure (attempt 2/4): fetch failed
[retry] convex.query transient failure (attempt 3/4): fetch failed
[triage] error TypeError: fetch failed
    at node:internal/deps/undici/undici:16416:13
    at process.processTicksAndRejections (node:internal/process/task_queues:104:5)
    at async ConvexHttpClient.queryInner (file:///Users/syphaoffice1/Mission-control-openclaw-25:02/Mission-control/node_modules/convex/dist/esm/browser/http_client.js:225:22)
    at async ConvexHttpClient.query (file:///Users/syphaoffice1/Mission-control-openclaw-25:02/Mission-control/node_modules/convex/dist/esm/browser/http_client.js:202:12)
    at async withRetry (file:///Users/syphaoffice1/Mission-control-openclaw-25:02/Mission-control/orchestrator/index.mjs:197:14)
    at async getAgentMap (file:///Users/syphaoffice1/Mission-control-openclaw-25:02/Mission-control/orchestrator/index.mjs:657:18)
    at async chiefTriageLoop (file:///Users/syphaoffice1/Mission-control-openclaw-25:02/Mission-control/orchestrator/index.mjs:849:22)
    at async Promise.allSettled (index 0)
    at async main (file:///Users/syphaoffice1/Mission-control-openclaw-25:02/Mission-control/orchestrator/index.mjs:1594:3) {
  [cause]: Error: getaddrinfo ENOTFOUND secret-fox-493.convex.cloud
      at GetAddrInfoReqWrap.onlookupall [as oncomplete] (node:dns:121:26) {
    errno: -3008,
    code: 'ENOTFOUND',
    syscall: 'getaddrinfo',
    hostname: 'secret-fox-493.convex.cloud'
  }
}
[retry] convex.query transient failure (attempt 1/4): fetch failed
[retry] convex.query transient failure (attempt 1/4): fetch failed
[retry] convex.query transient failure (attempt 1/4): fetch failed
[retry] convex.query transient failure (attempt 2/4): fetch failed
[retry] convex.query transient failure (attempt 2/4): fetch failed
[retry] convex.query transient failure (attempt 2/4): fetch failed
[retry] convex.query transient failure (attempt 3/4): fetch failed
[retry] convex.query transient failure (attempt 3/4): fetch failed
[retry] convex.query transient failure (attempt 3/4): fetch failed
[triage] error TypeError: fetch failed
    at node:internal/deps/undici/undici:16416:13
    at process.processTicksAndRejections (node:internal/process/task_queues:104:5)
    at async ConvexHttpClient.queryInner (file:///Users/syphaoffice1/Mission-control-openclaw-25:02/Mission-control/node_modules/convex/dist/esm/browser/http_client.js:225:22)
    at async ConvexHttpClient.query (file:///Users/syphaoffice1/Mission-control-openclaw-25:02/Mission-control/node_modules/convex/dist/esm/browser/http_client.js:202:12)
    at async withRetry (file:///Users/syphaoffice1/Mission-control-openclaw-25:02/Mission-control/orchestrator/index.mjs:197:14)
    at async getAgentMap (file:///Users/syphaoffice1/Mission-control-openclaw-25:02/Mission-control/orchestrator/index.mjs:657:18)
    at async chiefTriageLoop (file:///Users/syphaoffice1/Mission-control-openclaw-25:02/Mission-control/orchestrator/index.mjs:849:22)
    at async Promise.allSettled (index 0)
    at async main (file:///Users/syphaoffice1/Mission-control-openclaw-25:02/Mission-control/orchestrator/index.mjs:1594:3) {
  [cause]: Error: getaddrinfo ENOTFOUND secret-fox-493.convex.cloud
      at GetAddrInfoReqWrap.onlookupall [as oncomplete] (node:dns:121:26) {
    errno: -3008,
    code: 'ENOTFOUND',
    syscall: 'getaddrinfo',
    hostname: 'secret-fox-493.convex.cloud'
  }
}
[notify] error TypeError: fetch failed
    at node:internal/deps/undici/undici:16416:13
    at process.processTicksAndRejections (node:internal/process/task_queues:104:5)
    at async ConvexHttpClient.queryInner (file:///Users/syphaoffice1/Mission-control-openclaw-25:02/Mission-control/node_modules/convex/dist/esm/browser/http_client.js:225:22)
    at async ConvexHttpClient.query (file:///Users/syphaoffice1/Mission-control-openclaw-25:02/Mission-control/node_modules/convex/dist/esm/browser/http_client.js:202:12)
    at async withRetry (file:///Users/syphaoffice1/Mission-control-openclaw-25:02/Mission-control/orchestrator/index.mjs:197:14)
    at async statusNotificationLoop (file:///Users/syphaoffice1/Mission-control-openclaw-25:02/Mission-control/orchestrator/index.mjs:1502:21)
    at async Promise.allSettled (index 2)
    at async main (file:///Users/syphaoffice1/Mission-control-openclaw-25:02/Mission-control/orchestrator/index.mjs:1594:3) {
  [cause]: Error: getaddrinfo ENOTFOUND secret-fox-493.convex.cloud
      at GetAddrInfoReqWrap.onlookupall [as oncomplete] (node:dns:121:26) {
    errno: -3008,
    code: 'ENOTFOUND',
    syscall: 'getaddrinfo',
    hostname: 'secret-fox-493.convex.cloud'
  }
}
[watchdog] error TypeError: fetch failed
    at node:internal/deps/undici/undici:16416:13
    at process.processTicksAndRejections (node:internal/process/task_queues:104:5)
    at async ConvexHttpClient.queryInner (file:///Users/syphaoffice1/Mission-control-openclaw-25:02/Mission-control/node_modules/convex/dist/esm/browser/http_client.js:225:22)
    at async ConvexHttpClient.query (file:///Users/syphaoffice1/Mission-control-openclaw-25:02/Mission-control/node_modules/convex/dist/esm/browser/http_client.js:202:12)
    at async withRetry (file:///Users/syphaoffice1/Mission-control-openclaw-25:02/Mission-control/orchestrator/index.mjs:197:14)
    at async getAgentMap (file:///Users/syphaoffice1/Mission-control-openclaw-25:02/Mission-control/orchestrator/index.mjs:657:18)
    at async chiefWatchdogLoop (file:///Users/syphaoffice1/Mission-control-openclaw-25:02/Mission-control/orchestrator/index.mjs:1129:22)
    at async Promise.allSettled (index 1)
    at async main (file:///Users/syphaoffice1/Mission-control-openclaw-25:02/Mission-control/orchestrator/index.mjs:1594:3) {
  [cause]: Error: getaddrinfo ENOTFOUND secret-fox-493.convex.cloud
      at GetAddrInfoReqWrap.onlookupall [as oncomplete] (node:dns:121:26) {
    errno: -3008,
    code: 'ENOTFOUND',
    syscall: 'getaddrinfo',
    hostname: 'secret-fox-493.convex.cloud'
  }
}
[retry] convex.query transient failure (attempt 1/4): fetch failed
[retry] convex.query transient failure (attempt 2/4): fetch failed
[retry] convex.query transient failure (attempt 3/4): fetch failed
[triage] error TypeError: fetch failed
    at node:internal/deps/undici/undici:16416:13
    at process.processTicksAndRejections (node:internal/process/task_queues:104:5)
    at async ConvexHttpClient.queryInner (file:///Users/syphaoffice1/Mission-control-openclaw-25:02/Mission-control/node_modules/convex/dist/esm/browser/http_client.js:225:22)
    at async ConvexHttpClient.query (file:///Users/syphaoffice1/Mission-control-openclaw-25:02/Mission-control/node_modules/convex/dist/esm/browser/http_client.js:202:12)
    at async withRetry (file:///Users/syphaoffice1/Mission-control-openclaw-25:02/Mission-control/orchestrator/index.mjs:197:14)
    at async getAgentMap (file:///Users/syphaoffice1/Mission-control-openclaw-25:02/Mission-control/orchestrator/index.mjs:657:18)
    at async chiefTriageLoop (file:///Users/syphaoffice1/Mission-control-openclaw-25:02/Mission-control/orchestrator/index.mjs:849:22)
    at async Promise.allSettled (index 0)
    at async main (file:///Users/syphaoffice1/Mission-control-openclaw-25:02/Mission-control/orchestrator/index.mjs:1594:3) {
  [cause]: Error: getaddrinfo ENOTFOUND secret-fox-493.convex.cloud
      at GetAddrInfoReqWrap.onlookupall [as oncomplete] (node:dns:121:26) {
    errno: -3008,
    code: 'ENOTFOUND',
    syscall: 'getaddrinfo',
    hostname: 'secret-fox-493.convex.cloud'
  }
}
[retry] convex.query transient failure (attempt 1/4): fetch failed
[retry] convex.query transient failure (attempt 1/4): fetch failed
[retry] convex.query transient failure (attempt 2/4): fetch failed
[retry] convex.query transient failure (attempt 2/4): fetch failed
[retry] convex.query transient failure (attempt 3/4): fetch failed
[retry] convex.query transient failure (attempt 3/4): fetch failed
[triage] error TypeError: fetch failed
    at node:internal/deps/undici/undici:16416:13
    at process.processTicksAndRejections (node:internal/process/task_queues:104:5)
    at async ConvexHttpClient.queryInner (file:///Users/syphaoffice1/Mission-control-openclaw-25:02/Mission-control/node_modules/convex/dist/esm/browser/http_client.js:225:22)
    at async ConvexHttpClient.query (file:///Users/syphaoffice1/Mission-control-openclaw-25:02/Mission-control/node_modules/convex/dist/esm/browser/http_client.js:202:12)
    at async withRetry (file:///Users/syphaoffice1/Mission-control-openclaw-25:02/Mission-control/orchestrator/index.mjs:197:14)
    at async getAgentMap (file:///Users/syphaoffice1/Mission-control-openclaw-25:02/Mission-control/orchestrator/index.mjs:657:18)
    at async chiefTriageLoop (file:///Users/syphaoffice1/Mission-control-openclaw-25:02/Mission-control/orchestrator/index.mjs:849:22)
    at async Promise.allSettled (index 0)
    at async main (file:///Users/syphaoffice1/Mission-control-openclaw-25:02/Mission-control/orchestrator/index.mjs:1594:3) {
  [cause]: Error: getaddrinfo ENOTFOUND secret-fox-493.convex.cloud
      at GetAddrInfoReqWrap.onlookupall [as oncomplete] (node:dns:121:26) {
    errno: -3008,
    code: 'ENOTFOUND',
    syscall: 'getaddrinfo',
    hostname: 'secret-fox-493.convex.cloud'
  }
}
[notify] error TypeError: fetch failed
    at node:internal/deps/undici/undici:16416:13
    at process.processTicksAndRejections (node:internal/process/task_queues:104:5)
    at async ConvexHttpClient.queryInner (file:///Users/syphaoffice1/Mission-control-openclaw-25:02/Mission-control/node_modules/convex/dist/esm/browser/http_client.js:225:22)
    at async ConvexHttpClient.query (file:///Users/syphaoffice1/Mission-control-openclaw-25:02/Mission-control/node_modules/convex/dist/esm/browser/http_client.js:202:12)
    at async withRetry (file:///Users/syphaoffice1/Mission-control-openclaw-25:02/Mission-control/orchestrator/index.mjs:197:14)
    at async statusNotificationLoop (file:///Users/syphaoffice1/Mission-control-openclaw-25:02/Mission-control/orchestrator/index.mjs:1502:21)
    at async Promise.allSettled (index 2)
    at async main (file:///Users/syphaoffice1/Mission-control-openclaw-25:02/Mission-control/orchestrator/index.mjs:1594:3) {
  [cause]: Error: getaddrinfo ENOTFOUND secret-fox-493.convex.cloud
      at GetAddrInfoReqWrap.onlookupall [as oncomplete] (node:dns:121:26) {
    errno: -3008,
    code: 'ENOTFOUND',
    syscall: 'getaddrinfo',
    hostname: 'secret-fox-493.convex.cloud'
  }
}
[retry] convex.query transient failure (attempt 1/4): fetch failed
[retry] convex.query transient failure (attempt 2/4): fetch failed
[retry] convex.query transient failure (attempt 3/4): fetch failed
[triage] error TypeError: fetch failed
    at node:internal/deps/undici/undici:16416:13
    at process.processTicksAndRejections (node:internal/process/task_queues:104:5)
    at async ConvexHttpClient.queryInner (file:///Users/syphaoffice1/Mission-control-openclaw-25:02/Mission-control/node_modules/convex/dist/esm/browser/http_client.js:225:22)
    at async ConvexHttpClient.query (file:///Users/syphaoffice1/Mission-control-openclaw-25:02/Mission-control/node_modules/convex/dist/esm/browser/http_client.js:202:12)
    at async withRetry (file:///Users/syphaoffice1/Mission-control-openclaw-25:02/Mission-control/orchestrator/index.mjs:197:14)
    at async getAgentMap (file:///Users/syphaoffice1/Mission-control-openclaw-25:02/Mission-control/orchestrator/index.mjs:657:18)
    at async chiefTriageLoop (file:///Users/syphaoffice1/Mission-control-openclaw-25:02/Mission-control/orchestrator/index.mjs:849:22)
    at async Promise.allSettled (index 0)
    at async main (file:///Users/syphaoffice1/Mission-control-openclaw-25:02/Mission-control/orchestrator/index.mjs:1594:3) {
  [cause]: Error: getaddrinfo ENOTFOUND secret-fox-493.convex.cloud
      at GetAddrInfoReqWrap.onlookupall [as oncomplete] (node:dns:121:26) {
    errno: -3008,
    code: 'ENOTFOUND',
    syscall: 'getaddrinfo',
    hostname: 'secret-fox-493.convex.cloud'
  }
}
[retry] convex.query transient failure (attempt 1/4): fetch failed
[retry] convex.query transient failure (attempt 2/4): fetch failed
[retry] convex.query transient failure (attempt 1/4): fetch failed
[retry] convex.query transient failure (attempt 2/4): fetch failed
[retry] convex.query transient failure (attempt 3/4): fetch failed
[retry] convex.query transient failure (attempt 3/4): fetch failed
[triage] error TypeError: fetch failed
    at node:internal/deps/undici/undici:16416:13
    at process.processTicksAndRejections (node:internal/process/task_queues:104:5)
    at async ConvexHttpClient.queryInner (file:///Users/syphaoffice1/Mission-control-openclaw-25:02/Mission-control/node_modules/convex/dist/esm/browser/http_client.js:225:22)
    at async ConvexHttpClient.query (file:///Users/syphaoffice1/Mission-control-openclaw-25:02/Mission-control/node_modules/convex/dist/esm/browser/http_client.js:202:12)
    at async withRetry (file:///Users/syphaoffice1/Mission-control-openclaw-25:02/Mission-control/orchestrator/index.mjs:197:14)
    at async getAgentMap (file:///Users/syphaoffice1/Mission-control-openclaw-25:02/Mission-control/orchestrator/index.mjs:657:18)
    at async chiefTriageLoop (file:///Users/syphaoffice1/Mission-control-openclaw-25:02/Mission-control/orchestrator/index.mjs:849:22)
    at async Promise.allSettled (index 0)
    at async main (file:///Users/syphaoffice1/Mission-control-openclaw-25:02/Mission-control/orchestrator/index.mjs:1594:3) {
  [cause]: Error: getaddrinfo ENOTFOUND secret-fox-493.convex.cloud
      at GetAddrInfoReqWrap.onlookupall [as oncomplete] (node:dns:121:26) {
    errno: -3008,
    code: 'ENOTFOUND',
    syscall: 'getaddrinfo',
    hostname: 'secret-fox-493.convex.cloud'
  }
}
[notify] error TypeError: fetch failed
    at node:internal/deps/undici/undici:16416:13
    at process.processTicksAndRejections (node:internal/process/task_queues:104:5)
    at async ConvexHttpClient.queryInner (file:///Users/syphaoffice1/Mission-control-openclaw-25:02/Mission-control/node_modules/convex/dist/esm/browser/http_client.js:225:22)
    at async ConvexHttpClient.query (file:///Users/syphaoffice1/Mission-control-openclaw-25:02/Mission-control/node_modules/convex/dist/esm/browser/http_client.js:202:12)
    at async withRetry (file:///Users/syphaoffice1/Mission-control-openclaw-25:02/Mission-control/orchestrator/index.mjs:197:14)
    at async statusNotificationLoop (file:///Users/syphaoffice1/Mission-control-openclaw-25:02/Mission-control/orchestrator/index.mjs:1502:21)
    at async Promise.allSettled (index 2)
    at async main (file:///Users/syphaoffice1/Mission-control-openclaw-25:02/Mission-control/orchestrator/index.mjs:1594:3) {
  [cause]: Error: getaddrinfo ENOTFOUND secret-fox-493.convex.cloud
      at GetAddrInfoReqWrap.onlookupall [as oncomplete] (node:dns:121:26) {
    errno: -3008,
    code: 'ENOTFOUND',
    syscall: 'getaddrinfo',
    hostname: 'secret-fox-493.convex.cloud'
  }
}
[retry] convex.query transient failure (attempt 1/4): fetch failed
[retry] convex.query transient failure (attempt 2/4): fetch failed
[retry] convex.query transient failure (attempt 3/4): fetch failed
[poller] error TypeError: fetch failed
    at node:internal/deps/undici/undici:16416:13
    at async telegramApi (file:///Users/syphaoffice1/Mission-control-openclaw-25:02/Mission-control/orchestrator/index.mjs:218:15)
    at async pollingLoop (file:///Users/syphaoffice1/Mission-control-openclaw-25:02/Mission-control/orchestrator/index.mjs:779:23)
    at async Promise.allSettled (index 3)
    at async main (file:///Users/syphaoffice1/Mission-control-openclaw-25:02/Mission-control/orchestrator/index.mjs:1594:3) {
  [cause]: Error: read ETIMEDOUT
      at TLSWrap.onStreamRead (node:internal/stream_base_commons:216:20) {
    errno: -60,
    code: 'ETIMEDOUT',
    syscall: 'read'
  }
}
[triage] error TypeError: fetch failed
    at node:internal/deps/undici/undici:16416:13
    at process.processTicksAndRejections (node:internal/process/task_queues:104:5)
    at async ConvexHttpClient.queryInner (file:///Users/syphaoffice1/Mission-control-openclaw-25:02/Mission-control/node_modules/convex/dist/esm/browser/http_client.js:225:22)
    at async ConvexHttpClient.query (file:///Users/syphaoffice1/Mission-control-openclaw-25:02/Mission-control/node_modules/convex/dist/esm/browser/http_client.js:202:12)
    at async withRetry (file:///Users/syphaoffice1/Mission-control-openclaw-25:02/Mission-control/orchestrator/index.mjs:197:14)
    at async getAgentMap (file:///Users/syphaoffice1/Mission-control-openclaw-25:02/Mission-control/orchestrator/index.mjs:657:18)
    at async chiefTriageLoop (file:///Users/syphaoffice1/Mission-control-openclaw-25:02/Mission-control/orchestrator/index.mjs:849:22)
    at async Promise.allSettled (index 0)
    at async main (file:///Users/syphaoffice1/Mission-control-openclaw-25:02/Mission-control/orchestrator/index.mjs:1594:3) {
  [cause]: Error: getaddrinfo ENOTFOUND secret-fox-493.convex.cloud
      at GetAddrInfoReqWrap.onlookupall [as oncomplete] (node:dns:121:26) {
    errno: -3008,
    code: 'ENOTFOUND',
    syscall: 'getaddrinfo',
    hostname: 'secret-fox-493.convex.cloud'
  }
}
[retry] convex.query transient failure (attempt 1/4): fetch failed
[retry] convex.query transient failure (attempt 2/4): fetch failed
[retry] convex.query transient failure (attempt 1/4): fetch failed
[retry] convex.query transient failure (attempt 3/4): fetch failed
[retry] convex.query transient failure (attempt 2/4): fetch failed
[retry] convex.query transient failure (attempt 3/4): fetch failed
[triage] error TypeError: fetch failed
    at node:internal/deps/undici/undici:16416:13
    at process.processTicksAndRejections (node:internal/process/task_queues:104:5)
    at async ConvexHttpClient.queryInner (file:///Users/syphaoffice1/Mission-control-openclaw-25:02/Mission-control/node_modules/convex/dist/esm/browser/http_client.js:225:22)
    at async ConvexHttpClient.query (file:///Users/syphaoffice1/Mission-control-openclaw-25:02/Mission-control/node_modules/convex/dist/esm/browser/http_client.js:202:12)
    at async withRetry (file:///Users/syphaoffice1/Mission-control-openclaw-25:02/Mission-control/orchestrator/index.mjs:197:14)
    at async getAgentMap (file:///Users/syphaoffice1/Mission-control-openclaw-25:02/Mission-control/orchestrator/index.mjs:657:18)
    at async chiefTriageLoop (file:///Users/syphaoffice1/Mission-control-openclaw-25:02/Mission-control/orchestrator/index.mjs:849:22)
    at async Promise.allSettled (index 0)
    at async main (file:///Users/syphaoffice1/Mission-control-openclaw-25:02/Mission-control/orchestrator/index.mjs:1594:3) {
  [cause]: Error: getaddrinfo ENOTFOUND secret-fox-493.convex.cloud
      at GetAddrInfoReqWrap.onlookupall [as oncomplete] (node:dns:121:26) {
    errno: -3008,
    code: 'ENOTFOUND',
    syscall: 'getaddrinfo',
    hostname: 'secret-fox-493.convex.cloud'
  }
}
[notify] error TypeError: fetch failed
    at node:internal/deps/undici/undici:16416:13
    at process.processTicksAndRejections (node:internal/process/task_queues:104:5)
    at async ConvexHttpClient.queryInner (file:///Users/syphaoffice1/Mission-control-openclaw-25:02/Mission-control/node_modules/convex/dist/esm/browser/http_client.js:225:22)
    at async ConvexHttpClient.query (file:///Users/syphaoffice1/Mission-control-openclaw-25:02/Mission-control/node_modules/convex/dist/esm/browser/http_client.js:202:12)
    at async withRetry (file:///Users/syphaoffice1/Mission-control-openclaw-25:02/Mission-control/orchestrator/index.mjs:197:14)
    at async statusNotificationLoop (file:///Users/syphaoffice1/Mission-control-openclaw-25:02/Mission-control/orchestrator/index.mjs:1502:21)
    at async Promise.allSettled (index 2)
    at async main (file:///Users/syphaoffice1/Mission-control-openclaw-25:02/Mission-control/orchestrator/index.mjs:1594:3) {
  [cause]: Error: getaddrinfo ENOTFOUND secret-fox-493.convex.cloud
      at GetAddrInfoReqWrap.onlookupall [as oncomplete] (node:dns:121:26) {
    errno: -3008,
    code: 'ENOTFOUND',
    syscall: 'getaddrinfo',
    hostname: 'secret-fox-493.convex.cloud'
  }
}
[retry] convex.query transient failure (attempt 1/4): fetch failed
[retry] convex.query transient failure (attempt 2/4): fetch failed
[retry] convex.query transient failure (attempt 3/4): fetch failed
[triage] error TypeError: fetch failed
    at node:internal/deps/undici/undici:16416:13
    at process.processTicksAndRejections (node:internal/process/task_queues:104:5)
    at async ConvexHttpClient.queryInner (file:///Users/syphaoffice1/Mission-control-openclaw-25:02/Mission-control/node_modules/convex/dist/esm/browser/http_client.js:225:22)
    at async ConvexHttpClient.query (file:///Users/syphaoffice1/Mission-control-openclaw-25:02/Mission-control/node_modules/convex/dist/esm/browser/http_client.js:202:12)
    at async withRetry (file:///Users/syphaoffice1/Mission-control-openclaw-25:02/Mission-control/orchestrator/index.mjs:197:14)
    at async getAgentMap (file:///Users/syphaoffice1/Mission-control-openclaw-25:02/Mission-control/orchestrator/index.mjs:657:18)
    at async chiefTriageLoop (file:///Users/syphaoffice1/Mission-control-openclaw-25:02/Mission-control/orchestrator/index.mjs:849:22)
    at async Promise.allSettled (index 0)
    at async main (file:///Users/syphaoffice1/Mission-control-openclaw-25:02/Mission-control/orchestrator/index.mjs:1594:3) {
  [cause]: Error: getaddrinfo ENOTFOUND secret-fox-493.convex.cloud
      at GetAddrInfoReqWrap.onlookupall [as oncomplete] (node:dns:121:26) {
    errno: -3008,
    code: 'ENOTFOUND',
    syscall: 'getaddrinfo',
    hostname: 'secret-fox-493.convex.cloud'
  }
}
[poller] error TypeError: fetch failed
    at node:internal/deps/undici/undici:16416:13
    at process.processTicksAndRejections (node:internal/process/task_queues:104:5)
    at async telegramApi (file:///Users/syphaoffice1/Mission-control-openclaw-25:02/Mission-control/orchestrator/index.mjs:218:15)
    at async pollingLoop (file:///Users/syphaoffice1/Mission-control-openclaw-25:02/Mission-control/orchestrator/index.mjs:779:23)
    at async Promise.allSettled (index 3)
    at async main (file:///Users/syphaoffice1/Mission-control-openclaw-25:02/Mission-control/orchestrator/index.mjs:1594:3) {
  [cause]: Error: getaddrinfo ENOTFOUND api.telegram.org
      at GetAddrInfoReqWrap.onlookupall [as oncomplete] (node:dns:121:26) {
    errno: -3008,
    code: 'ENOTFOUND',
    syscall: 'getaddrinfo',
    hostname: 'api.telegram.org'
  }
}
[retry] convex.query transient failure (attempt 1/4): fetch failed
[retry] convex.query transient failure (attempt 2/4): fetch failed
[retry] convex.query transient failure (attempt 1/4): fetch failed
[retry] convex.query transient failure (attempt 3/4): fetch failed
[retry] convex.query transient failure (attempt 2/4): fetch failed
[retry] convex.query transient failure (attempt 3/4): fetch failed
[triage] error TypeError: fetch failed
    at node:internal/deps/undici/undici:16416:13
    at process.processTicksAndRejections (node:internal/process/task_queues:104:5)
    at async ConvexHttpClient.queryInner (file:///Users/syphaoffice1/Mission-control-openclaw-25:02/Mission-control/node_modules/convex/dist/esm/browser/http_client.js:225:22)
    at async ConvexHttpClient.query (file:///Users/syphaoffice1/Mission-control-openclaw-25:02/Mission-control/node_modules/convex/dist/esm/browser/http_client.js:202:12)
    at async withRetry (file:///Users/syphaoffice1/Mission-control-openclaw-25:02/Mission-control/orchestrator/index.mjs:197:14)
    at async getAgentMap (file:///Users/syphaoffice1/Mission-control-openclaw-25:02/Mission-control/orchestrator/index.mjs:657:18)
    at async chiefTriageLoop (file:///Users/syphaoffice1/Mission-control-openclaw-25:02/Mission-control/orchestrator/index.mjs:849:22)
    at async Promise.allSettled (index 0)
    at async main (file:///Users/syphaoffice1/Mission-control-openclaw-25:02/Mission-control/orchestrator/index.mjs:1594:3) {
  [cause]: Error: getaddrinfo ENOTFOUND secret-fox-493.convex.cloud
      at GetAddrInfoReqWrap.onlookupall [as oncomplete] (node:dns:121:26) {
    errno: -3008,
    code: 'ENOTFOUND',
    syscall: 'getaddrinfo',
    hostname: 'secret-fox-493.convex.cloud'
  }
}
[notify] error TypeError: fetch failed
    at node:internal/deps/undici/undici:16416:13
    at process.processTicksAndRejections (node:internal/process/task_queues:104:5)
    at async ConvexHttpClient.queryInner (file:///Users/syphaoffice1/Mission-control-openclaw-25:02/Mission-control/node_modules/convex/dist/esm/browser/http_client.js:225:22)
    at async ConvexHttpClient.query (file:///Users/syphaoffice1/Mission-control-openclaw-25:02/Mission-control/node_modules/convex/dist/esm/browser/http_client.js:202:12)
    at async withRetry (file:///Users/syphaoffice1/Mission-control-openclaw-25:02/Mission-control/orchestrator/index.mjs:197:14)
    at async statusNotificationLoop (file:///Users/syphaoffice1/Mission-control-openclaw-25:02/Mission-control/orchestrator/index.mjs:1502:21)
    at async Promise.allSettled (index 2)
    at async main (file:///Users/syphaoffice1/Mission-control-openclaw-25:02/Mission-control/orchestrator/index.mjs:1594:3) {
  [cause]: Error: getaddrinfo ENOTFOUND secret-fox-493.convex.cloud
      at GetAddrInfoReqWrap.onlookupall [as oncomplete] (node:dns:121:26) {
    errno: -3008,
    code: 'ENOTFOUND',
    syscall: 'getaddrinfo',
    hostname: 'secret-fox-493.convex.cloud'
  }
}
[retry] convex.query transient failure (attempt 1/4): fetch failed
[retry] convex.query transient failure (attempt 2/4): fetch failed
[retry] convex.query transient failure (attempt 3/4): fetch failed
[triage] error TypeError: fetch failed
    at node:internal/deps/undici/undici:16416:13
    at process.processTicksAndRejections (node:internal/process/task_queues:104:5)
    at async ConvexHttpClient.queryInner (file:///Users/syphaoffice1/Mission-control-openclaw-25:02/Mission-control/node_modules/convex/dist/esm/browser/http_client.js:225:22)
    at async ConvexHttpClient.query (file:///Users/syphaoffice1/Mission-control-openclaw-25:02/Mission-control/node_modules/convex/dist/esm/browser/http_client.js:202:12)
    at async withRetry (file:///Users/syphaoffice1/Mission-control-openclaw-25:02/Mission-control/orchestrator/index.mjs:197:14)
    at async getAgentMap (file:///Users/syphaoffice1/Mission-control-openclaw-25:02/Mission-control/orchestrator/index.mjs:657:18)
    at async chiefTriageLoop (file:///Users/syphaoffice1/Mission-control-openclaw-25:02/Mission-control/orchestrator/index.mjs:849:22)
    at async Promise.allSettled (index 0)
    at async main (file:///Users/syphaoffice1/Mission-control-openclaw-25:02/Mission-control/orchestrator/index.mjs:1594:3) {
  [cause]: Error: getaddrinfo ENOTFOUND secret-fox-493.convex.cloud
      at GetAddrInfoReqWrap.onlookupall [as oncomplete] (node:dns:121:26) {
    errno: -3008,
    code: 'ENOTFOUND',
    syscall: 'getaddrinfo',
    hostname: 'secret-fox-493.convex.cloud'
  }
}
[retry] convex.query transient failure (attempt 1/4): fetch failed
[retry] convex.query transient failure (attempt 2/4): fetch failed
[retry] convex.query transient failure (attempt 3/4): fetch failed
[poller] error TypeError: fetch failed
    at node:internal/deps/undici/undici:16416:13
    at process.processTicksAndRejections (node:internal/process/task_queues:104:5)
    at async telegramApi (file:///Users/syphaoffice1/Mission-control-openclaw-25:02/Mission-control/orchestrator/index.mjs:218:15)
    at async pollingLoop (file:///Users/syphaoffice1/Mission-control-openclaw-25:02/Mission-control/orchestrator/index.mjs:779:23)
    at async Promise.allSettled (index 3)
    at async main (file:///Users/syphaoffice1/Mission-control-openclaw-25:02/Mission-control/orchestrator/index.mjs:1594:3) {
  [cause]: Error: getaddrinfo ENOTFOUND api.telegram.org
      at GetAddrInfoReqWrap.onlookupall [as oncomplete] (node:dns:121:26) {
    errno: -3008,
    code: 'ENOTFOUND',
    syscall: 'getaddrinfo',
    hostname: 'api.telegram.org'
  }
}
[retry] convex.query transient failure (attempt 1/4): fetch failed
[retry] convex.query transient failure (attempt 2/4): fetch failed
[retry] convex.query transient failure (attempt 3/4): fetch failed
[triage] error TypeError: fetch failed
    at node:internal/deps/undici/undici:16416:13
    at process.processTicksAndRejections (node:internal/process/task_queues:104:5)
    at async ConvexHttpClient.queryInner (file:///Users/syphaoffice1/Mission-control-openclaw-25:02/Mission-control/node_modules/convex/dist/esm/browser/http_client.js:225:22)
    at async ConvexHttpClient.query (file:///Users/syphaoffice1/Mission-control-openclaw-25:02/Mission-control/node_modules/convex/dist/esm/browser/http_client.js:202:12)
    at async withRetry (file:///Users/syphaoffice1/Mission-control-openclaw-25:02/Mission-control/orchestrator/index.mjs:197:14)
    at async getAgentMap (file:///Users/syphaoffice1/Mission-control-openclaw-25:02/Mission-control/orchestrator/index.mjs:657:18)
    at async chiefTriageLoop (file:///Users/syphaoffice1/Mission-control-openclaw-25:02/Mission-control/orchestrator/index.mjs:849:22)
    at async Promise.allSettled (index 0)
    at async main (file:///Users/syphaoffice1/Mission-control-openclaw-25:02/Mission-control/orchestrator/index.mjs:1594:3) {
  [cause]: Error: getaddrinfo ENOTFOUND secret-fox-493.convex.cloud
      at GetAddrInfoReqWrap.onlookupall [as oncomplete] (node:dns:121:26) {
    errno: -3008,
    code: 'ENOTFOUND',
    syscall: 'getaddrinfo',
    hostname: 'secret-fox-493.convex.cloud'
  }
}
[poller] error TypeError: fetch failed
    at node:internal/deps/undici/undici:16416:13
    at process.processTicksAndRejections (node:internal/process/task_queues:104:5)
    at async telegramApi (file:///Users/syphaoffice1/Mission-control-openclaw-25:02/Mission-control/orchestrator/index.mjs:218:15)
    at async pollingLoop (file:///Users/syphaoffice1/Mission-control-openclaw-25:02/Mission-control/orchestrator/index.mjs:779:23)
    at async Promise.allSettled (index 3)
    at async main (file:///Users/syphaoffice1/Mission-control-openclaw-25:02/Mission-control/orchestrator/index.mjs:1594:3) {
  [cause]: Error: getaddrinfo ENOTFOUND api.telegram.org
      at GetAddrInfoReqWrap.onlookupall [as oncomplete] (node:dns:121:26) {
    errno: -3008,
    code: 'ENOTFOUND',
    syscall: 'getaddrinfo',
    hostname: 'api.telegram.org'
  }
}
[notify] error TypeError: fetch failed
    at node:internal/deps/undici/undici:16416:13
    at process.processTicksAndRejections (node:internal/process/task_queues:104:5)
    at async ConvexHttpClient.queryInner (file:///Users/syphaoffice1/Mission-control-openclaw-25:02/Mission-control/node_modules/convex/dist/esm/browser/http_client.js:225:22)
    at async ConvexHttpClient.query (file:///Users/syphaoffice1/Mission-control-openclaw-25:02/Mission-control/node_modules/convex/dist/esm/browser/http_client.js:202:12)
    at async withRetry (file:///Users/syphaoffice1/Mission-control-openclaw-25:02/Mission-control/orchestrator/index.mjs:197:14)
    at async statusNotificationLoop (file:///Users/syphaoffice1/Mission-control-openclaw-25:02/Mission-control/orchestrator/index.mjs:1502:21)
    at async Promise.allSettled (index 2)
    at async main (file:///Users/syphaoffice1/Mission-control-openclaw-25:02/Mission-control/orchestrator/index.mjs:1594:3) {
  [cause]: Error: getaddrinfo ENOTFOUND secret-fox-493.convex.cloud
      at GetAddrInfoReqWrap.onlookupall [as oncomplete] (node:dns:121:26) {
    errno: -3008,
    code: 'ENOTFOUND',
    syscall: 'getaddrinfo',
    hostname: 'secret-fox-493.convex.cloud'
  }
}
[retry] convex.query transient failure (attempt 1/4): fetch failed
[retry] convex.query transient failure (attempt 2/4): fetch failed
[retry] convex.query transient failure (attempt 3/4): fetch failed
[triage] error TypeError: fetch failed
    at node:internal/deps/undici/undici:16416:13
    at process.processTicksAndRejections (node:internal/process/task_queues:104:5)
    at async ConvexHttpClient.queryInner (file:///Users/syphaoffice1/Mission-control-openclaw-25:02/Mission-control/node_modules/convex/dist/esm/browser/http_client.js:225:22)
    at async ConvexHttpClient.query (file:///Users/syphaoffice1/Mission-control-openclaw-25:02/Mission-control/node_modules/convex/dist/esm/browser/http_client.js:202:12)
    at async withRetry (file:///Users/syphaoffice1/Mission-control-openclaw-25:02/Mission-control/orchestrator/index.mjs:197:14)
    at async getAgentMap (file:///Users/syphaoffice1/Mission-control-openclaw-25:02/Mission-control/orchestrator/index.mjs:657:18)
    at async chiefTriageLoop (file:///Users/syphaoffice1/Mission-control-openclaw-25:02/Mission-control/orchestrator/index.mjs:849:22)
    at async Promise.allSettled (index 0)
    at async main (file:///Users/syphaoffice1/Mission-control-openclaw-25:02/Mission-control/orchestrator/index.mjs:1594:3) {
  [cause]: Error: getaddrinfo ENOTFOUND secret-fox-493.convex.cloud
      at GetAddrInfoReqWrap.onlookupall [as oncomplete] (node:dns:121:26) {
    errno: -3008,
    code: 'ENOTFOUND',
    syscall: 'getaddrinfo',
    hostname: 'secret-fox-493.convex.cloud'
  }
}
[retry] convex.query transient failure (attempt 1/4): fetch failed
[retry] convex.query transient failure (attempt 2/4): fetch failed
[retry] convex.query transient failure (attempt 3/4): fetch failed
[retry] convex.query transient failure (attempt 1/4): fetch failed
[retry] convex.query transient failure (attempt 2/4): fetch failed
[triage] error TypeError: fetch failed
    at node:internal/deps/undici/undici:16416:13
    at process.processTicksAndRejections (node:internal/process/task_queues:104:5)
    at async ConvexHttpClient.queryInner (file:///Users/syphaoffice1/Mission-control-openclaw-25:02/Mission-control/node_modules/convex/dist/esm/browser/http_client.js:225:22)
    at async ConvexHttpClient.query (file:///Users/syphaoffice1/Mission-control-openclaw-25:02/Mission-control/node_modules/convex/dist/esm/browser/http_client.js:202:12)
    at async withRetry (file:///Users/syphaoffice1/Mission-control-openclaw-25:02/Mission-control/orchestrator/index.mjs:197:14)
    at async getAgentMap (file:///Users/syphaoffice1/Mission-control-openclaw-25:02/Mission-control/orchestrator/index.mjs:657:18)
    at async chiefTriageLoop (file:///Users/syphaoffice1/Mission-control-openclaw-25:02/Mission-control/orchestrator/index.mjs:849:22)
    at async Promise.allSettled (index 0)
    at async main (file:///Users/syphaoffice1/Mission-control-openclaw-25:02/Mission-control/orchestrator/index.mjs:1594:3) {
  [cause]: Error: getaddrinfo ENOTFOUND secret-fox-493.convex.cloud
      at GetAddrInfoReqWrap.onlookupall [as oncomplete] (node:dns:121:26) {
    errno: -3008,
    code: 'ENOTFOUND',
    syscall: 'getaddrinfo',
    hostname: 'secret-fox-493.convex.cloud'
  }
}
[retry] convex.query transient failure (attempt 3/4): fetch failed
[retry] convex.query transient failure (attempt 1/4): fetch failed
[poller] error TypeError: fetch failed
    at node:internal/deps/undici/undici:16416:13
    at async telegramApi (file:///Users/syphaoffice1/Mission-control-openclaw-25:02/Mission-control/orchestrator/index.mjs:218:15)
    at async pollingLoop (file:///Users/syphaoffice1/Mission-control-openclaw-25:02/Mission-control/orchestrator/index.mjs:779:23)
    at async Promise.allSettled (index 3)
    at async main (file:///Users/syphaoffice1/Mission-control-openclaw-25:02/Mission-control/orchestrator/index.mjs:1594:3) {
  [cause]: Error: read ECONNRESET
      at TLSWrap.onStreamRead (node:internal/stream_base_commons:216:20) {
    errno: -54,
    code: 'ECONNRESET',
    syscall: 'read'
  }
}
[retry] convex.query transient failure (attempt 1/4): fetch failed
[retry] convex.query transient failure (attempt 1/4): fetch failed
[poller] error TypeError: fetch failed
    at node:internal/deps/undici/undici:16416:13
    at async telegramApi (file:///Users/syphaoffice1/Mission-control-openclaw-25:02/Mission-control/orchestrator/index.mjs:218:15)
    at async pollingLoop (file:///Users/syphaoffice1/Mission-control-openclaw-25:02/Mission-control/orchestrator/index.mjs:779:23)
    at async Promise.allSettled (index 3)
    at async main (file:///Users/syphaoffice1/Mission-control-openclaw-25:02/Mission-control/orchestrator/index.mjs:1594:3) {
  [cause]: Error: read ECONNRESET
      at TLSWrap.onStreamRead (node:internal/stream_base_commons:216:20) {
    errno: -54,
    code: 'ECONNRESET',
    syscall: 'read'
  }
}
[retry] convex.mutation transient failure (attempt 1/4): fetch failed
[retry] convex.query transient failure (attempt 1/4): fetch failed
[retry] convex.query transient failure (attempt 1/4): fetch failed
[retry] convex.query transient failure (attempt 1/4): fetch failed
[retry] convex.query transient failure (attempt 1/4): fetch failed
[retry] convex.query transient failure (attempt 2/4): fetch failed
[retry] convex.query transient failure (attempt 2/4): fetch failed
[retry] convex.query transient failure (attempt 3/4): fetch failed
[retry] convex.query transient failure (attempt 3/4): fetch failed
[notify] error TypeError: fetch failed
    at node:internal/deps/undici/undici:16416:13
    at process.processTicksAndRejections (node:internal/process/task_queues:104:5)
    at async ConvexHttpClient.queryInner (file:///Users/syphaoffice1/Mission-control-openclaw-25:02/Mission-control/node_modules/convex/dist/esm/browser/http_client.js:225:22)
    at async ConvexHttpClient.query (file:///Users/syphaoffice1/Mission-control-openclaw-25:02/Mission-control/node_modules/convex/dist/esm/browser/http_client.js:202:12)
    at async withRetry (file:///Users/syphaoffice1/Mission-control-openclaw-25:02/Mission-control/orchestrator/index.mjs:197:14)
    at async statusNotificationLoop (file:///Users/syphaoffice1/Mission-control-openclaw-25:02/Mission-control/orchestrator/index.mjs:1502:21)
    at async Promise.allSettled (index 2)
    at async main (file:///Users/syphaoffice1/Mission-control-openclaw-25:02/Mission-control/orchestrator/index.mjs:1594:3) {
  [cause]: Error: getaddrinfo ENOTFOUND secret-fox-493.convex.cloud
      at GetAddrInfoReqWrap.onlookupall [as oncomplete] (node:dns:121:26) {
    errno: -3008,
    code: 'ENOTFOUND',
    syscall: 'getaddrinfo',
    hostname: 'secret-fox-493.convex.cloud'
  }
}
[watchdog] error TypeError: fetch failed
    at node:internal/deps/undici/undici:16416:13
    at process.processTicksAndRejections (node:internal/process/task_queues:104:5)
    at async ConvexHttpClient.queryInner (file:///Users/syphaoffice1/Mission-control-openclaw-25:02/Mission-control/node_modules/convex/dist/esm/browser/http_client.js:225:22)
    at async ConvexHttpClient.query (file:///Users/syphaoffice1/Mission-control-openclaw-25:02/Mission-control/node_modules/convex/dist/esm/browser/http_client.js:202:12)
    at async withRetry (file:///Users/syphaoffice1/Mission-control-openclaw-25:02/Mission-control/orchestrator/index.mjs:197:14)
    at async getAgentMap (file:///Users/syphaoffice1/Mission-control-openclaw-25:02/Mission-control/orchestrator/index.mjs:657:18)
    at async chiefWatchdogLoop (file:///Users/syphaoffice1/Mission-control-openclaw-25:02/Mission-control/orchestrator/index.mjs:1129:22)
    at async Promise.allSettled (index 1)
    at async main (file:///Users/syphaoffice1/Mission-control-openclaw-25:02/Mission-control/orchestrator/index.mjs:1594:3) {
  [cause]: Error: getaddrinfo ENOTFOUND secret-fox-493.convex.cloud
      at GetAddrInfoReqWrap.onlookupall [as oncomplete] (node:dns:121:26) {
    errno: -3008,
    code: 'ENOTFOUND',
    syscall: 'getaddrinfo',
    hostname: 'secret-fox-493.convex.cloud'
  }
}
[retry] convex.query transient failure (attempt 1/4): fetch failed
[retry] convex.query transient failure (attempt 2/4): fetch failed
[retry] convex.query transient failure (attempt 3/4): fetch failed
[notify] error TypeError: fetch failed
    at node:internal/deps/undici/undici:16416:13
    at process.processTicksAndRejections (node:internal/process/task_queues:104:5)
    at async ConvexHttpClient.queryInner (file:///Users/syphaoffice1/Mission-control-openclaw-25:02/Mission-control/node_modules/convex/dist/esm/browser/http_client.js:225:22)
    at async ConvexHttpClient.query (file:///Users/syphaoffice1/Mission-control-openclaw-25:02/Mission-control/node_modules/convex/dist/esm/browser/http_client.js:202:12)
    at async withRetry (file:///Users/syphaoffice1/Mission-control-openclaw-25:02/Mission-control/orchestrator/index.mjs:197:14)
    at async statusNotificationLoop (file:///Users/syphaoffice1/Mission-control-openclaw-25:02/Mission-control/orchestrator/index.mjs:1502:21)
    at async Promise.allSettled (index 2)
    at async main (file:///Users/syphaoffice1/Mission-control-openclaw-25:02/Mission-control/orchestrator/index.mjs:1594:3) {
  [cause]: Error: getaddrinfo ENOTFOUND secret-fox-493.convex.cloud
      at GetAddrInfoReqWrap.onlookupall [as oncomplete] (node:dns:121:26) {
    errno: -3008,
    code: 'ENOTFOUND',
    syscall: 'getaddrinfo',
    hostname: 'secret-fox-493.convex.cloud'
  }
}
[retry] convex.query transient failure (attempt 1/4): fetch failed
[retry] convex.query transient failure (attempt 2/4): fetch failed
[retry] convex.query transient failure (attempt 3/4): fetch failed
[notify] error TypeError: fetch failed
    at node:internal/deps/undici/undici:16416:13
    at process.processTicksAndRejections (node:internal/process/task_queues:104:5)
    at async ConvexHttpClient.queryInner (file:///Users/syphaoffice1/Mission-control-openclaw-25:02/Mission-control/node_modules/convex/dist/esm/browser/http_client.js:225:22)
    at async ConvexHttpClient.query (file:///Users/syphaoffice1/Mission-control-openclaw-25:02/Mission-control/node_modules/convex/dist/esm/browser/http_client.js:202:12)
    at async withRetry (file:///Users/syphaoffice1/Mission-control-openclaw-25:02/Mission-control/orchestrator/index.mjs:197:14)
    at async statusNotificationLoop (file:///Users/syphaoffice1/Mission-control-openclaw-25:02/Mission-control/orchestrator/index.mjs:1502:21)
    at async Promise.allSettled (index 2)
    at async main (file:///Users/syphaoffice1/Mission-control-openclaw-25:02/Mission-control/orchestrator/index.mjs:1594:3) {
  [cause]: Error: getaddrinfo ENOTFOUND secret-fox-493.convex.cloud
      at GetAddrInfoReqWrap.onlookupall [as oncomplete] (node:dns:121:26) {
    errno: -3008,
    code: 'ENOTFOUND',
    syscall: 'getaddrinfo',
    hostname: 'secret-fox-493.convex.cloud'
  }
}
[retry] convex.query transient failure (attempt 1/4): fetch failed
[retry] convex.query transient failure (attempt 2/4): fetch failed
[retry] convex.query transient failure (attempt 3/4): fetch failed
[notify] error TypeError: fetch failed
    at node:internal/deps/undici/undici:16416:13
    at process.processTicksAndRejections (node:internal/process/task_queues:104:5)
    at async ConvexHttpClient.queryInner (file:///Users/syphaoffice1/Mission-control-openclaw-25:02/Mission-control/node_modules/convex/dist/esm/browser/http_client.js:225:22)
    at async ConvexHttpClient.query (file:///Users/syphaoffice1/Mission-control-openclaw-25:02/Mission-control/node_modules/convex/dist/esm/browser/http_client.js:202:12)
    at async withRetry (file:///Users/syphaoffice1/Mission-control-openclaw-25:02/Mission-control/orchestrator/index.mjs:197:14)
    at async statusNotificationLoop (file:///Users/syphaoffice1/Mission-control-openclaw-25:02/Mission-control/orchestrator/index.mjs:1502:21)
    at async Promise.allSettled (index 2)
    at async main (file:///Users/syphaoffice1/Mission-control-openclaw-25:02/Mission-control/orchestrator/index.mjs:1594:3) {
  [cause]: Error: getaddrinfo ENOTFOUND secret-fox-493.convex.cloud
      at GetAddrInfoReqWrap.onlookupall [as oncomplete] (node:dns:121:26) {
    errno: -3008,
    code: 'ENOTFOUND',
    syscall: 'getaddrinfo',
    hostname: 'secret-fox-493.convex.cloud'
  }
}
[retry] convex.query transient failure (attempt 1/4): fetch failed
[retry] convex.query transient failure (attempt 1/4): fetch failed
[retry] convex.query transient failure (attempt 2/4): fetch failed
[retry] convex.query transient failure (attempt 2/4): fetch failed
[retry] convex.query transient failure (attempt 3/4): fetch failed
[retry] convex.query transient failure (attempt 3/4): fetch failed
[notify] error TypeError: fetch failed
    at node:internal/deps/undici/undici:16416:13
    at process.processTicksAndRejections (node:internal/process/task_queues:104:5)
    at async ConvexHttpClient.queryInner (file:///Users/syphaoffice1/Mission-control-openclaw-25:02/Mission-control/node_modules/convex/dist/esm/browser/http_client.js:225:22)
    at async ConvexHttpClient.query (file:///Users/syphaoffice1/Mission-control-openclaw-25:02/Mission-control/node_modules/convex/dist/esm/browser/http_client.js:202:12)
    at async withRetry (file:///Users/syphaoffice1/Mission-control-openclaw-25:02/Mission-control/orchestrator/index.mjs:197:14)
    at async statusNotificationLoop (file:///Users/syphaoffice1/Mission-control-openclaw-25:02/Mission-control/orchestrator/index.mjs:1502:21)
    at async Promise.allSettled (index 2)
    at async main (file:///Users/syphaoffice1/Mission-control-openclaw-25:02/Mission-control/orchestrator/index.mjs:1594:3) {
  [cause]: Error: getaddrinfo ENOTFOUND secret-fox-493.convex.cloud
      at GetAddrInfoReqWrap.onlookupall [as oncomplete] (node:dns:121:26) {
    errno: -3008,
    code: 'ENOTFOUND',
    syscall: 'getaddrinfo',
    hostname: 'secret-fox-493.convex.cloud'
  }
}
[watchdog] error TypeError: fetch failed
    at node:internal/deps/undici/undici:16416:13
    at process.processTicksAndRejections (node:internal/process/task_queues:104:5)
    at async ConvexHttpClient.queryInner (file:///Users/syphaoffice1/Mission-control-openclaw-25:02/Mission-control/node_modules/convex/dist/esm/browser/http_client.js:225:22)
    at async ConvexHttpClient.query (file:///Users/syphaoffice1/Mission-control-openclaw-25:02/Mission-control/node_modules/convex/dist/esm/browser/http_client.js:202:12)
    at async withRetry (file:///Users/syphaoffice1/Mission-control-openclaw-25:02/Mission-control/orchestrator/index.mjs:197:14)
    at async getAgentMap (file:///Users/syphaoffice1/Mission-control-openclaw-25:02/Mission-control/orchestrator/index.mjs:657:18)
    at async chiefWatchdogLoop (file:///Users/syphaoffice1/Mission-control-openclaw-25:02/Mission-control/orchestrator/index.mjs:1129:22)
    at async Promise.allSettled (index 1)
    at async main (file:///Users/syphaoffice1/Mission-control-openclaw-25:02/Mission-control/orchestrator/index.mjs:1594:3) {
  [cause]: Error: getaddrinfo ENOTFOUND secret-fox-493.convex.cloud
      at GetAddrInfoReqWrap.onlookupall [as oncomplete] (node:dns:121:26) {
    errno: -3008,
    code: 'ENOTFOUND',
    syscall: 'getaddrinfo',
    hostname: 'secret-fox-493.convex.cloud'
  }
}
[retry] convex.query transient failure (attempt 1/4): fetch failed
[retry] convex.query transient failure (attempt 2/4): fetch failed
[poller] error TypeError: fetch failed
    at node:internal/deps/undici/undici:16416:13
    at async telegramApi (file:///Users/syphaoffice1/Mission-control-openclaw-25:02/Mission-control/orchestrator/index.mjs:218:15)
    at async pollingLoop (file:///Users/syphaoffice1/Mission-control-openclaw-25:02/Mission-control/orchestrator/index.mjs:779:23)
    at async Promise.allSettled (index 3)
    at async main (file:///Users/syphaoffice1/Mission-control-openclaw-25:02/Mission-control/orchestrator/index.mjs:1594:3) {
  [cause]: Error: read ETIMEDOUT
      at TLSWrap.onStreamRead (node:internal/stream_base_commons:216:20) {
    errno: -60,
    code: 'ETIMEDOUT',
    syscall: 'read'
  }
}
[retry] convex.query transient failure (attempt 3/4): fetch failed
[notify] error TypeError: fetch failed
    at node:internal/deps/undici/undici:16416:13
    at process.processTicksAndRejections (node:internal/process/task_queues:104:5)
    at async ConvexHttpClient.queryInner (file:///Users/syphaoffice1/Mission-control-openclaw-25:02/Mission-control/node_modules/convex/dist/esm/browser/http_client.js:225:22)
    at async ConvexHttpClient.query (file:///Users/syphaoffice1/Mission-control-openclaw-25:02/Mission-control/node_modules/convex/dist/esm/browser/http_client.js:202:12)
    at async withRetry (file:///Users/syphaoffice1/Mission-control-openclaw-25:02/Mission-control/orchestrator/index.mjs:197:14)
    at async statusNotificationLoop (file:///Users/syphaoffice1/Mission-control-openclaw-25:02/Mission-control/orchestrator/index.mjs:1502:21)
    at async Promise.allSettled (index 2)
    at async main (file:///Users/syphaoffice1/Mission-control-openclaw-25:02/Mission-control/orchestrator/index.mjs:1594:3) {
  [cause]: Error: getaddrinfo ENOTFOUND secret-fox-493.convex.cloud
      at GetAddrInfoReqWrap.onlookupall [as oncomplete] (node:dns:121:26) {
    errno: -3008,
    code: 'ENOTFOUND',
    syscall: 'getaddrinfo',
    hostname: 'secret-fox-493.convex.cloud'
  }
}
[retry] convex.query transient failure (attempt 1/4): fetch failed
[retry] convex.query transient failure (attempt 2/4): fetch failed
[retry] convex.query transient failure (attempt 3/4): fetch failed
[poller] error TypeError: fetch failed
    at node:internal/deps/undici/undici:16416:13
    at process.processTicksAndRejections (node:internal/process/task_queues:104:5)
    at async telegramApi (file:///Users/syphaoffice1/Mission-control-openclaw-25:02/Mission-control/orchestrator/index.mjs:218:15)
    at async pollingLoop (file:///Users/syphaoffice1/Mission-control-openclaw-25:02/Mission-control/orchestrator/index.mjs:779:23)
    at async Promise.allSettled (index 3)
    at async main (file:///Users/syphaoffice1/Mission-control-openclaw-25:02/Mission-control/orchestrator/index.mjs:1594:3) {
  [cause]: Error: getaddrinfo ENOTFOUND api.telegram.org
      at GetAddrInfoReqWrap.onlookupall [as oncomplete] (node:dns:121:26) {
    errno: -3008,
    code: 'ENOTFOUND',
    syscall: 'getaddrinfo',
    hostname: 'api.telegram.org'
  }
}
[notify] error TypeError: fetch failed
    at node:internal/deps/undici/undici:16416:13
    at process.processTicksAndRejections (node:internal/process/task_queues:104:5)
    at async ConvexHttpClient.queryInner (file:///Users/syphaoffice1/Mission-control-openclaw-25:02/Mission-control/node_modules/convex/dist/esm/browser/http_client.js:225:22)
    at async ConvexHttpClient.query (file:///Users/syphaoffice1/Mission-control-openclaw-25:02/Mission-control/node_modules/convex/dist/esm/browser/http_client.js:202:12)
    at async withRetry (file:///Users/syphaoffice1/Mission-control-openclaw-25:02/Mission-control/orchestrator/index.mjs:197:14)
    at async statusNotificationLoop (file:///Users/syphaoffice1/Mission-control-openclaw-25:02/Mission-control/orchestrator/index.mjs:1502:21)
    at async Promise.allSettled (index 2)
    at async main (file:///Users/syphaoffice1/Mission-control-openclaw-25:02/Mission-control/orchestrator/index.mjs:1594:3) {
  [cause]: Error: getaddrinfo ENOTFOUND secret-fox-493.convex.cloud
      at GetAddrInfoReqWrap.onlookupall [as oncomplete] (node:dns:121:26) {
    errno: -3008,
    code: 'ENOTFOUND',
    syscall: 'getaddrinfo',
    hostname: 'secret-fox-493.convex.cloud'
  }
}
[retry] convex.query transient failure (attempt 1/4): fetch failed
[retry] convex.query transient failure (attempt 2/4): fetch failed
[retry] convex.query transient failure (attempt 3/4): fetch failed
[notify] error TypeError: fetch failed
    at node:internal/deps/undici/undici:16416:13
    at process.processTicksAndRejections (node:internal/process/task_queues:104:5)
    at async ConvexHttpClient.queryInner (file:///Users/syphaoffice1/Mission-control-openclaw-25:02/Mission-control/node_modules/convex/dist/esm/browser/http_client.js:225:22)
    at async ConvexHttpClient.query (file:///Users/syphaoffice1/Mission-control-openclaw-25:02/Mission-control/node_modules/convex/dist/esm/browser/http_client.js:202:12)
    at async withRetry (file:///Users/syphaoffice1/Mission-control-openclaw-25:02/Mission-control/orchestrator/index.mjs:197:14)
    at async statusNotificationLoop (file:///Users/syphaoffice1/Mission-control-openclaw-25:02/Mission-control/orchestrator/index.mjs:1502:21)
    at async Promise.allSettled (index 2)
    at async main (file:///Users/syphaoffice1/Mission-control-openclaw-25:02/Mission-control/orchestrator/index.mjs:1594:3) {
  [cause]: Error: getaddrinfo ENOTFOUND secret-fox-493.convex.cloud
      at GetAddrInfoReqWrap.onlookupall [as oncomplete] (node:dns:121:26) {
    errno: -3008,
    code: 'ENOTFOUND',
    syscall: 'getaddrinfo',
    hostname: 'secret-fox-493.convex.cloud'
  }
}
[poller] error TypeError: fetch failed
    at node:internal/deps/undici/undici:16416:13
    at process.processTicksAndRejections (node:internal/process/task_queues:104:5)
    at async telegramApi (file:///Users/syphaoffice1/Mission-control-openclaw-25:02/Mission-control/orchestrator/index.mjs:218:15)
    at async pollingLoop (file:///Users/syphaoffice1/Mission-control-openclaw-25:02/Mission-control/orchestrator/index.mjs:779:23)
    at async Promise.allSettled (index 3)
    at async main (file:///Users/syphaoffice1/Mission-control-openclaw-25:02/Mission-control/orchestrator/index.mjs:1594:3) {
  [cause]: Error: getaddrinfo ENOTFOUND api.telegram.org
      at GetAddrInfoReqWrap.onlookupall [as oncomplete] (node:dns:121:26) {
    errno: -3008,
    code: 'ENOTFOUND',
    syscall: 'getaddrinfo',
    hostname: 'api.telegram.org'
  }
}
[retry] convex.query transient failure (attempt 1/4): fetch failed
[retry] convex.query transient failure (attempt 2/4): fetch failed
[retry] convex.query transient failure (attempt 3/4): fetch failed
[notify] error TypeError: fetch failed
    at node:internal/deps/undici/undici:16416:13
    at process.processTicksAndRejections (node:internal/process/task_queues:104:5)
    at async ConvexHttpClient.queryInner (file:///Users/syphaoffice1/Mission-control-openclaw-25:02/Mission-control/node_modules/convex/dist/esm/browser/http_client.js:225:22)
    at async ConvexHttpClient.query (file:///Users/syphaoffice1/Mission-control-openclaw-25:02/Mission-control/node_modules/convex/dist/esm/browser/http_client.js:202:12)
    at async withRetry (file:///Users/syphaoffice1/Mission-control-openclaw-25:02/Mission-control/orchestrator/index.mjs:197:14)
    at async statusNotificationLoop (file:///Users/syphaoffice1/Mission-control-openclaw-25:02/Mission-control/orchestrator/index.mjs:1502:21)
    at async Promise.allSettled (index 2)
    at async main (file:///Users/syphaoffice1/Mission-control-openclaw-25:02/Mission-control/orchestrator/index.mjs:1594:3) {
  [cause]: Error: getaddrinfo ENOTFOUND secret-fox-493.convex.cloud
      at GetAddrInfoReqWrap.onlookupall [as oncomplete] (node:dns:121:26) {
    errno: -3008,
    code: 'ENOTFOUND',
    syscall: 'getaddrinfo',
    hostname: 'secret-fox-493.convex.cloud'
  }
}
[poller] error TypeError: fetch failed
    at node:internal/deps/undici/undici:16416:13
    at process.processTicksAndRejections (node:internal/process/task_queues:104:5)
    at async telegramApi (file:///Users/syphaoffice1/Mission-control-openclaw-25:02/Mission-control/orchestrator/index.mjs:218:15)
    at async pollingLoop (file:///Users/syphaoffice1/Mission-control-openclaw-25:02/Mission-control/orchestrator/index.mjs:779:23)
    at async Promise.allSettled (index 3)
    at async main (file:///Users/syphaoffice1/Mission-control-openclaw-25:02/Mission-control/orchestrator/index.mjs:1594:3) {
  [cause]: Error: getaddrinfo ENOTFOUND api.telegram.org
      at GetAddrInfoReqWrap.onlookupall [as oncomplete] (node:dns:121:26) {
    errno: -3008,
    code: 'ENOTFOUND',
    syscall: 'getaddrinfo',
    hostname: 'api.telegram.org'
  }
}
[retry] convex.query transient failure (attempt 1/4): fetch failed
[retry] convex.query transient failure (attempt 2/4): fetch failed
[retry] convex.query transient failure (attempt 3/4): fetch failed
[notify] error TypeError: fetch failed
    at node:internal/deps/undici/undici:16416:13
    at process.processTicksAndRejections (node:internal/process/task_queues:104:5)
    at async ConvexHttpClient.queryInner (file:///Users/syphaoffice1/Mission-control-openclaw-25:02/Mission-control/node_modules/convex/dist/esm/browser/http_client.js:225:22)
    at async ConvexHttpClient.query (file:///Users/syphaoffice1/Mission-control-openclaw-25:02/Mission-control/node_modules/convex/dist/esm/browser/http_client.js:202:12)
    at async withRetry (file:///Users/syphaoffice1/Mission-control-openclaw-25:02/Mission-control/orchestrator/index.mjs:197:14)
    at async statusNotificationLoop (file:///Users/syphaoffice1/Mission-control-openclaw-25:02/Mission-control/orchestrator/index.mjs:1502:21)
    at async Promise.allSettled (index 2)
    at async main (file:///Users/syphaoffice1/Mission-control-openclaw-25:02/Mission-control/orchestrator/index.mjs:1594:3) {
  [cause]: Error: getaddrinfo ENOTFOUND secret-fox-493.convex.cloud
      at GetAddrInfoReqWrap.onlookupall [as oncomplete] (node:dns:121:26) {
    errno: -3008,
    code: 'ENOTFOUND',
    syscall: 'getaddrinfo',
    hostname: 'secret-fox-493.convex.cloud'
  }
}
[poller] error TypeError: fetch failed
    at node:internal/deps/undici/undici:16416:13
    at process.processTicksAndRejections (node:internal/process/task_queues:104:5)
    at async telegramApi (file:///Users/syphaoffice1/Mission-control-openclaw-25:02/Mission-control/orchestrator/index.mjs:218:15)
    at async pollingLoop (file:///Users/syphaoffice1/Mission-control-openclaw-25:02/Mission-control/orchestrator/index.mjs:779:23)
    at async Promise.allSettled (index 3)
    at async main (file:///Users/syphaoffice1/Mission-control-openclaw-25:02/Mission-control/orchestrator/index.mjs:1594:3) {
  [cause]: Error: getaddrinfo ENOTFOUND api.telegram.org
      at GetAddrInfoReqWrap.onlookupall [as oncomplete] (node:dns:121:26) {
    errno: -3008,
    code: 'ENOTFOUND',
    syscall: 'getaddrinfo',
    hostname: 'api.telegram.org'
  }
}
[retry] convex.query transient failure (attempt 1/4): fetch failed
[retry] convex.query transient failure (attempt 2/4): fetch failed
[retry] convex.query transient failure (attempt 3/4): fetch failed
[notify] error TypeError: fetch failed
    at node:internal/deps/undici/undici:16416:13
    at process.processTicksAndRejections (node:internal/process/task_queues:104:5)
    at async ConvexHttpClient.queryInner (file:///Users/syphaoffice1/Mission-control-openclaw-25:02/Mission-control/node_modules/convex/dist/esm/browser/http_client.js:225:22)
    at async ConvexHttpClient.query (file:///Users/syphaoffice1/Mission-control-openclaw-25:02/Mission-control/node_modules/convex/dist/esm/browser/http_client.js:202:12)
    at async withRetry (file:///Users/syphaoffice1/Mission-control-openclaw-25:02/Mission-control/orchestrator/index.mjs:197:14)
    at async statusNotificationLoop (file:///Users/syphaoffice1/Mission-control-openclaw-25:02/Mission-control/orchestrator/index.mjs:1502:21)
    at async Promise.allSettled (index 2)
    at async main (file:///Users/syphaoffice1/Mission-control-openclaw-25:02/Mission-control/orchestrator/index.mjs:1594:3) {
  [cause]: Error: getaddrinfo ENOTFOUND secret-fox-493.convex.cloud
      at GetAddrInfoReqWrap.onlookupall [as oncomplete] (node:dns:121:26) {
    errno: -3008,
    code: 'ENOTFOUND',
    syscall: 'getaddrinfo',
    hostname: 'secret-fox-493.convex.cloud'
  }
}
[retry] convex.mutation transient failure (attempt 1/4): fetch failed
[retry] convex.mutation transient failure (attempt 2/4): fetch failed
[retry] convex.mutation transient failure (attempt 3/4): fetch failed
[triage] error TypeError: fetch failed
    at node:internal/deps/undici/undici:16416:13
    at process.processTicksAndRejections (node:internal/process/task_queues:104:5)
    at async ConvexHttpClient.mutationInner (file:///Users/syphaoffice1/Mission-control-openclaw-25:02/Mission-control/node_modules/convex/dist/esm/browser/http_client.js:272:22)
    at async ConvexHttpClient.processMutationQueue (file:///Users/syphaoffice1/Mission-control-openclaw-25:02/Mission-control/node_modules/convex/dist/esm/browser/http_client.js:310:24) {
  [cause]: Error: getaddrinfo ENOTFOUND secret-fox-493.convex.cloud
      at GetAddrInfoReqWrap.onlookupall [as oncomplete] (node:dns:121:26) {
    errno: -3008,
    code: 'ENOTFOUND',
    syscall: 'getaddrinfo',
    hostname: 'secret-fox-493.convex.cloud'
  }
}
[retry] convex.query transient failure (attempt 1/4): fetch failed
[retry] convex.query transient failure (attempt 2/4): fetch failed
[retry] convex.query transient failure (attempt 3/4): fetch failed
[poller] error TypeError: fetch failed
    at node:internal/deps/undici/undici:16416:13
    at process.processTicksAndRejections (node:internal/process/task_queues:104:5)
    at async telegramApi (file:///Users/syphaoffice1/Mission-control-openclaw-25:02/Mission-control/orchestrator/index.mjs:218:15)
    at async pollingLoop (file:///Users/syphaoffice1/Mission-control-openclaw-25:02/Mission-control/orchestrator/index.mjs:779:23)
    at async Promise.allSettled (index 3)
    at async main (file:///Users/syphaoffice1/Mission-control-openclaw-25:02/Mission-control/orchestrator/index.mjs:1594:3) {
  [cause]: Error: getaddrinfo ENOTFOUND api.telegram.org
      at GetAddrInfoReqWrap.onlookupall [as oncomplete] (node:dns:121:26) {
    errno: -3008,
    code: 'ENOTFOUND',
    syscall: 'getaddrinfo',
    hostname: 'api.telegram.org'
  }
}
[retry] convex.query transient failure (attempt 1/4): fetch failed
[retry] convex.query transient failure (attempt 2/4): fetch failed
[triage] error TypeError: fetch failed
    at node:internal/deps/undici/undici:16416:13
    at process.processTicksAndRejections (node:internal/process/task_queues:104:5)
    at async ConvexHttpClient.queryInner (file:///Users/syphaoffice1/Mission-control-openclaw-25:02/Mission-control/node_modules/convex/dist/esm/browser/http_client.js:225:22)
    at async ConvexHttpClient.query (file:///Users/syphaoffice1/Mission-control-openclaw-25:02/Mission-control/node_modules/convex/dist/esm/browser/http_client.js:202:12)
    at async withRetry (file:///Users/syphaoffice1/Mission-control-openclaw-25:02/Mission-control/orchestrator/index.mjs:197:14)
    at async getAgentMap (file:///Users/syphaoffice1/Mission-control-openclaw-25:02/Mission-control/orchestrator/index.mjs:657:18)
    at async chiefTriageLoop (file:///Users/syphaoffice1/Mission-control-openclaw-25:02/Mission-control/orchestrator/index.mjs:849:22)
    at async Promise.allSettled (index 0)
    at async main (file:///Users/syphaoffice1/Mission-control-openclaw-25:02/Mission-control/orchestrator/index.mjs:1594:3) {
  [cause]: Error: getaddrinfo ENOTFOUND secret-fox-493.convex.cloud
      at GetAddrInfoReqWrap.onlookupall [as oncomplete] (node:dns:121:26) {
    errno: -3008,
    code: 'ENOTFOUND',
    syscall: 'getaddrinfo',
    hostname: 'secret-fox-493.convex.cloud'
  }
}
[retry] convex.query transient failure (attempt 3/4): fetch failed
[notify] error TypeError: fetch failed
    at node:internal/deps/undici/undici:16416:13
    at process.processTicksAndRejections (node:internal/process/task_queues:104:5)
    at async ConvexHttpClient.queryInner (file:///Users/syphaoffice1/Mission-control-openclaw-25:02/Mission-control/node_modules/convex/dist/esm/browser/http_client.js:225:22)
    at async ConvexHttpClient.query (file:///Users/syphaoffice1/Mission-control-openclaw-25:02/Mission-control/node_modules/convex/dist/esm/browser/http_client.js:202:12)
    at async withRetry (file:///Users/syphaoffice1/Mission-control-openclaw-25:02/Mission-control/orchestrator/index.mjs:197:14)
    at async statusNotificationLoop (file:///Users/syphaoffice1/Mission-control-openclaw-25:02/Mission-control/orchestrator/index.mjs:1502:21)
    at async Promise.allSettled (index 2)
    at async main (file:///Users/syphaoffice1/Mission-control-openclaw-25:02/Mission-control/orchestrator/index.mjs:1594:3) {
  [cause]: Error: getaddrinfo ENOTFOUND secret-fox-493.convex.cloud
      at GetAddrInfoReqWrap.onlookupall [as oncomplete] (node:dns:121:26) {
    errno: -3008,
    code: 'ENOTFOUND',
    syscall: 'getaddrinfo',
    hostname: 'secret-fox-493.convex.cloud'
  }
}
[retry] convex.query transient failure (attempt 1/4): fetch failed
[retry] convex.query transient failure (attempt 2/4): fetch failed
[retry] convex.query transient failure (attempt 3/4): fetch failed
[triage] error TypeError: fetch failed
    at node:internal/deps/undici/undici:16416:13
    at process.processTicksAndRejections (node:internal/process/task_queues:104:5)
    at async ConvexHttpClient.queryInner (file:///Users/syphaoffice1/Mission-control-openclaw-25:02/Mission-control/node_modules/convex/dist/esm/browser/http_client.js:225:22)
    at async ConvexHttpClient.query (file:///Users/syphaoffice1/Mission-control-openclaw-25:02/Mission-control/node_modules/convex/dist/esm/browser/http_client.js:202:12)
    at async withRetry (file:///Users/syphaoffice1/Mission-control-openclaw-25:02/Mission-control/orchestrator/index.mjs:197:14)
    at async getAgentMap (file:///Users/syphaoffice1/Mission-control-openclaw-25:02/Mission-control/orchestrator/index.mjs:657:18)
    at async chiefTriageLoop (file:///Users/syphaoffice1/Mission-control-openclaw-25:02/Mission-control/orchestrator/index.mjs:849:22)
    at async Promise.allSettled (index 0)
    at async main (file:///Users/syphaoffice1/Mission-control-openclaw-25:02/Mission-control/orchestrator/index.mjs:1594:3) {
  [cause]: Error: getaddrinfo ENOTFOUND secret-fox-493.convex.cloud
      at GetAddrInfoReqWrap.onlookupall [as oncomplete] (node:dns:121:26) {
    errno: -3008,
    code: 'ENOTFOUND',
    syscall: 'getaddrinfo',
    hostname: 'secret-fox-493.convex.cloud'
  }
}
[retry] convex.query transient failure (attempt 1/4): fetch failed
[poller] error TypeError: fetch failed
    at node:internal/deps/undici/undici:16416:13
    at process.processTicksAndRejections (node:internal/process/task_queues:104:5)
    at async telegramApi (file:///Users/syphaoffice1/Mission-control-openclaw-25:02/Mission-control/orchestrator/index.mjs:218:15)
    at async pollingLoop (file:///Users/syphaoffice1/Mission-control-openclaw-25:02/Mission-control/orchestrator/index.mjs:779:23)
    at async Promise.allSettled (index 3)
    at async main (file:///Users/syphaoffice1/Mission-control-openclaw-25:02/Mission-control/orchestrator/index.mjs:1594:3) {
  [cause]: Error: getaddrinfo ENOTFOUND api.telegram.org
      at GetAddrInfoReqWrap.onlookupall [as oncomplete] (node:dns:121:26) {
    errno: -3008,
    code: 'ENOTFOUND',
    syscall: 'getaddrinfo',
    hostname: 'api.telegram.org'
  }
}
[retry] convex.query transient failure (attempt 1/4): fetch failed
[retry] convex.query transient failure (attempt 2/4): fetch failed
[retry] convex.query transient failure (attempt 2/4): fetch failed
[retry] convex.query transient failure (attempt 3/4): fetch failed
[retry] convex.query transient failure (attempt 3/4): fetch failed
[retry] convex.query transient failure (attempt 1/4): fetch failed
[retry] convex.query transient failure (attempt 2/4): fetch failed
[notify] error TypeError: fetch failed
    at node:internal/deps/undici/undici:16416:13
    at process.processTicksAndRejections (node:internal/process/task_queues:104:5)
    at async ConvexHttpClient.queryInner (file:///Users/syphaoffice1/Mission-control-openclaw-25:02/Mission-control/node_modules/convex/dist/esm/browser/http_client.js:225:22)
    at async ConvexHttpClient.query (file:///Users/syphaoffice1/Mission-control-openclaw-25:02/Mission-control/node_modules/convex/dist/esm/browser/http_client.js:202:12)
    at async withRetry (file:///Users/syphaoffice1/Mission-control-openclaw-25:02/Mission-control/orchestrator/index.mjs:197:14)
    at async statusNotificationLoop (file:///Users/syphaoffice1/Mission-control-openclaw-25:02/Mission-control/orchestrator/index.mjs:1502:21)
    at async Promise.allSettled (index 2)
    at async main (file:///Users/syphaoffice1/Mission-control-openclaw-25:02/Mission-control/orchestrator/index.mjs:1594:3) {
  [cause]: Error: getaddrinfo ENOTFOUND secret-fox-493.convex.cloud
      at GetAddrInfoReqWrap.onlookupall [as oncomplete] (node:dns:121:26) {
    errno: -3008,
    code: 'ENOTFOUND',
    syscall: 'getaddrinfo',
    hostname: 'secret-fox-493.convex.cloud'
  }
}
[watchdog] error TypeError: fetch failed
    at node:internal/deps/undici/undici:16416:13
    at process.processTicksAndRejections (node:internal/process/task_queues:104:5)
    at async ConvexHttpClient.queryInner (file:///Users/syphaoffice1/Mission-control-openclaw-25:02/Mission-control/node_modules/convex/dist/esm/browser/http_client.js:225:22)
    at async ConvexHttpClient.query (file:///Users/syphaoffice1/Mission-control-openclaw-25:02/Mission-control/node_modules/convex/dist/esm/browser/http_client.js:202:12)
    at async withRetry (file:///Users/syphaoffice1/Mission-control-openclaw-25:02/Mission-control/orchestrator/index.mjs:197:14)
    at async getAgentMap (file:///Users/syphaoffice1/Mission-control-openclaw-25:02/Mission-control/orchestrator/index.mjs:657:18)
    at async chiefWatchdogLoop (file:///Users/syphaoffice1/Mission-control-openclaw-25:02/Mission-control/orchestrator/index.mjs:1129:22)
    at async Promise.allSettled (index 1)
    at async main (file:///Users/syphaoffice1/Mission-control-openclaw-25:02/Mission-control/orchestrator/index.mjs:1594:3) {
  [cause]: Error: getaddrinfo ENOTFOUND secret-fox-493.convex.cloud
      at GetAddrInfoReqWrap.onlookupall [as oncomplete] (node:dns:121:26) {
    errno: -3008,
    code: 'ENOTFOUND',
    syscall: 'getaddrinfo',
    hostname: 'secret-fox-493.convex.cloud'
  }
}
[retry] convex.query transient failure (attempt 3/4): fetch failed
[triage] error TypeError: fetch failed
    at node:internal/deps/undici/undici:16416:13
    at process.processTicksAndRejections (node:internal/process/task_queues:104:5)
    at async ConvexHttpClient.queryInner (file:///Users/syphaoffice1/Mission-control-openclaw-25:02/Mission-control/node_modules/convex/dist/esm/browser/http_client.js:225:22)
    at async ConvexHttpClient.query (file:///Users/syphaoffice1/Mission-control-openclaw-25:02/Mission-control/node_modules/convex/dist/esm/browser/http_client.js:202:12)
    at async withRetry (file:///Users/syphaoffice1/Mission-control-openclaw-25:02/Mission-control/orchestrator/index.mjs:197:14)
    at async getAgentMap (file:///Users/syphaoffice1/Mission-control-openclaw-25:02/Mission-control/orchestrator/index.mjs:657:18)
    at async chiefTriageLoop (file:///Users/syphaoffice1/Mission-control-openclaw-25:02/Mission-control/orchestrator/index.mjs:849:22)
    at async Promise.allSettled (index 0)
    at async main (file:///Users/syphaoffice1/Mission-control-openclaw-25:02/Mission-control/orchestrator/index.mjs:1594:3) {
  [cause]: Error: getaddrinfo ENOTFOUND secret-fox-493.convex.cloud
      at GetAddrInfoReqWrap.onlookupall [as oncomplete] (node:dns:121:26) {
    errno: -3008,
    code: 'ENOTFOUND',
    syscall: 'getaddrinfo',
    hostname: 'secret-fox-493.convex.cloud'
  }
}
[retry] convex.query transient failure (attempt 1/4): fetch failed
[retry] convex.query transient failure (attempt 2/4): fetch failed
[poller] error TypeError: fetch failed
    at node:internal/deps/undici/undici:16416:13
    at process.processTicksAndRejections (node:internal/process/task_queues:104:5)
    at async telegramApi (file:///Users/syphaoffice1/Mission-control-openclaw-25:02/Mission-control/orchestrator/index.mjs:218:15)
    at async pollingLoop (file:///Users/syphaoffice1/Mission-control-openclaw-25:02/Mission-control/orchestrator/index.mjs:779:23)
    at async Promise.allSettled (index 3)
    at async main (file:///Users/syphaoffice1/Mission-control-openclaw-25:02/Mission-control/orchestrator/index.mjs:1594:3) {
  [cause]: Error: getaddrinfo ENOTFOUND api.telegram.org
      at GetAddrInfoReqWrap.onlookupall [as oncomplete] (node:dns:121:26) {
    errno: -3008,
    code: 'ENOTFOUND',
    syscall: 'getaddrinfo',
    hostname: 'api.telegram.org'
  }
}
[retry] convex.query transient failure (attempt 1/4): fetch failed
[retry] convex.query transient failure (attempt 1/4): fetch failed
[retry] convex.query transient failure (attempt 2/4): fetch failed
[retry] convex.query transient failure (attempt 2/4): fetch failed
[retry] convex.query transient failure (attempt 3/4): fetch failed
[retry] convex.query transient failure (attempt 3/4): fetch failed
[retry] convex.query transient failure (attempt 3/4): fetch failed
[triage] error TypeError: fetch failed
    at node:internal/deps/undici/undici:16416:13
    at process.processTicksAndRejections (node:internal/process/task_queues:104:5)
    at async ConvexHttpClient.queryInner (file:///Users/syphaoffice1/Mission-control-openclaw-25:02/Mission-control/node_modules/convex/dist/esm/browser/http_client.js:225:22)
    at async ConvexHttpClient.query (file:///Users/syphaoffice1/Mission-control-openclaw-25:02/Mission-control/node_modules/convex/dist/esm/browser/http_client.js:202:12)
    at async withRetry (file:///Users/syphaoffice1/Mission-control-openclaw-25:02/Mission-control/orchestrator/index.mjs:197:14)
    at async getAgentMap (file:///Users/syphaoffice1/Mission-control-openclaw-25:02/Mission-control/orchestrator/index.mjs:657:18)
    at async chiefTriageLoop (file:///Users/syphaoffice1/Mission-control-openclaw-25:02/Mission-control/orchestrator/index.mjs:849:22)
    at async Promise.allSettled (index 0)
    at async main (file:///Users/syphaoffice1/Mission-control-openclaw-25:02/Mission-control/orchestrator/index.mjs:1594:3) {
  [cause]: Error: getaddrinfo ENOTFOUND secret-fox-493.convex.cloud
      at GetAddrInfoReqWrap.onlookupall [as oncomplete] (node:dns:121:26) {
    errno: -3008,
    code: 'ENOTFOUND',
    syscall: 'getaddrinfo',
    hostname: 'secret-fox-493.convex.cloud'
  }
}
[notify] error TypeError: fetch failed
    at node:internal/deps/undici/undici:16416:13
    at process.processTicksAndRejections (node:internal/process/task_queues:104:5)
    at async ConvexHttpClient.queryInner (file:///Users/syphaoffice1/Mission-control-openclaw-25:02/Mission-control/node_modules/convex/dist/esm/browser/http_client.js:225:22)
    at async ConvexHttpClient.query (file:///Users/syphaoffice1/Mission-control-openclaw-25:02/Mission-control/node_modules/convex/dist/esm/browser/http_client.js:202:12)
    at async withRetry (file:///Users/syphaoffice1/Mission-control-openclaw-25:02/Mission-control/orchestrator/index.mjs:197:14)
    at async statusNotificationLoop (file:///Users/syphaoffice1/Mission-control-openclaw-25:02/Mission-control/orchestrator/index.mjs:1502:21)
    at async Promise.allSettled (index 2)
    at async main (file:///Users/syphaoffice1/Mission-control-openclaw-25:02/Mission-control/orchestrator/index.mjs:1594:3) {
  [cause]: Error: getaddrinfo ENOTFOUND secret-fox-493.convex.cloud
      at GetAddrInfoReqWrap.onlookupall [as oncomplete] (node:dns:121:26) {
    errno: -3008,
    code: 'ENOTFOUND',
    syscall: 'getaddrinfo',
    hostname: 'secret-fox-493.convex.cloud'
  }
}
[watchdog] error TypeError: fetch failed
    at node:internal/deps/undici/undici:16416:13
    at process.processTicksAndRejections (node:internal/process/task_queues:104:5)
    at async ConvexHttpClient.queryInner (file:///Users/syphaoffice1/Mission-control-openclaw-25:02/Mission-control/node_modules/convex/dist/esm/browser/http_client.js:225:22)
    at async ConvexHttpClient.query (file:///Users/syphaoffice1/Mission-control-openclaw-25:02/Mission-control/node_modules/convex/dist/esm/browser/http_client.js:202:12)
    at async withRetry (file:///Users/syphaoffice1/Mission-control-openclaw-25:02/Mission-control/orchestrator/index.mjs:197:14)
    at async getAgentMap (file:///Users/syphaoffice1/Mission-control-openclaw-25:02/Mission-control/orchestrator/index.mjs:657:18)
    at async chiefWatchdogLoop (file:///Users/syphaoffice1/Mission-control-openclaw-25:02/Mission-control/orchestrator/index.mjs:1129:22)
    at async Promise.allSettled (index 1)
    at async main (file:///Users/syphaoffice1/Mission-control-openclaw-25:02/Mission-control/orchestrator/index.mjs:1594:3) {
  [cause]: Error: getaddrinfo ENOTFOUND secret-fox-493.convex.cloud
      at GetAddrInfoReqWrap.onlookupall [as oncomplete] (node:dns:121:26) {
    errno: -3008,
    code: 'ENOTFOUND',
    syscall: 'getaddrinfo',
    hostname: 'secret-fox-493.convex.cloud'
  }
}
[retry] convex.query transient failure (attempt 1/4): fetch failed
[retry] convex.query transient failure (attempt 2/4): fetch failed
[retry] convex.query transient failure (attempt 3/4): fetch failed
[triage] error TypeError: fetch failed
    at node:internal/deps/undici/undici:16416:13
    at process.processTicksAndRejections (node:internal/process/task_queues:104:5)
    at async ConvexHttpClient.queryInner (file:///Users/syphaoffice1/Mission-control-openclaw-25:02/Mission-control/node_modules/convex/dist/esm/browser/http_client.js:225:22)
    at async ConvexHttpClient.query (file:///Users/syphaoffice1/Mission-control-openclaw-25:02/Mission-control/node_modules/convex/dist/esm/browser/http_client.js:202:12)
    at async withRetry (file:///Users/syphaoffice1/Mission-control-openclaw-25:02/Mission-control/orchestrator/index.mjs:197:14)
    at async getAgentMap (file:///Users/syphaoffice1/Mission-control-openclaw-25:02/Mission-control/orchestrator/index.mjs:657:18)
    at async chiefTriageLoop (file:///Users/syphaoffice1/Mission-control-openclaw-25:02/Mission-control/orchestrator/index.mjs:849:22)
    at async Promise.allSettled (index 0)
    at async main (file:///Users/syphaoffice1/Mission-control-openclaw-25:02/Mission-control/orchestrator/index.mjs:1594:3) {
  [cause]: Error: getaddrinfo ENOTFOUND secret-fox-493.convex.cloud
      at GetAddrInfoReqWrap.onlookupall [as oncomplete] (node:dns:121:26) {
    errno: -3008,
    code: 'ENOTFOUND',
    syscall: 'getaddrinfo',
    hostname: 'secret-fox-493.convex.cloud'
  }
}
[retry] convex.query transient failure (attempt 1/4): fetch failed
[retry] convex.query transient failure (attempt 1/4): fetch failed
[poller] error TypeError: fetch failed
    at node:internal/deps/undici/undici:16416:13
    at process.processTicksAndRejections (node:internal/process/task_queues:104:5)
    at async telegramApi (file:///Users/syphaoffice1/Mission-control-openclaw-25:02/Mission-control/orchestrator/index.mjs:218:15)
    at async pollingLoop (file:///Users/syphaoffice1/Mission-control-openclaw-25:02/Mission-control/orchestrator/index.mjs:779:23)
    at async Promise.allSettled (index 3)
    at async main (file:///Users/syphaoffice1/Mission-control-openclaw-25:02/Mission-control/orchestrator/index.mjs:1594:3) {
  [cause]: Error: getaddrinfo ENOTFOUND api.telegram.org
      at GetAddrInfoReqWrap.onlookupall [as oncomplete] (node:dns:121:26) {
    errno: -3008,
    code: 'ENOTFOUND',
    syscall: 'getaddrinfo',
    hostname: 'api.telegram.org'
  }
}
[retry] convex.query transient failure (attempt 1/4): fetch failed
[retry] convex.query transient failure (attempt 2/4): fetch failed
[retry] convex.query transient failure (attempt 2/4): fetch failed
[retry] convex.query transient failure (attempt 2/4): fetch failed
[retry] convex.query transient failure (attempt 3/4): fetch failed
[retry] convex.query transient failure (attempt 3/4): fetch failed
[retry] convex.query transient failure (attempt 3/4): fetch failed
[triage] error TypeError: fetch failed
    at node:internal/deps/undici/undici:16416:13
    at process.processTicksAndRejections (node:internal/process/task_queues:104:5)
    at async ConvexHttpClient.queryInner (file:///Users/syphaoffice1/Mission-control-openclaw-25:02/Mission-control/node_modules/convex/dist/esm/browser/http_client.js:225:22)
    at async ConvexHttpClient.query (file:///Users/syphaoffice1/Mission-control-openclaw-25:02/Mission-control/node_modules/convex/dist/esm/browser/http_client.js:202:12)
    at async withRetry (file:///Users/syphaoffice1/Mission-control-openclaw-25:02/Mission-control/orchestrator/index.mjs:197:14)
    at async getAgentMap (file:///Users/syphaoffice1/Mission-control-openclaw-25:02/Mission-control/orchestrator/index.mjs:657:18)
    at async chiefTriageLoop (file:///Users/syphaoffice1/Mission-control-openclaw-25:02/Mission-control/orchestrator/index.mjs:849:22)
    at async Promise.allSettled (index 0)
    at async main (file:///Users/syphaoffice1/Mission-control-openclaw-25:02/Mission-control/orchestrator/index.mjs:1594:3) {
  [cause]: Error: getaddrinfo ENOTFOUND secret-fox-493.convex.cloud
      at GetAddrInfoReqWrap.onlookupall [as oncomplete] (node:dns:121:26) {
    errno: -3008,
    code: 'ENOTFOUND',
    syscall: 'getaddrinfo',
    hostname: 'secret-fox-493.convex.cloud'
  }
}
[watchdog] error TypeError: fetch failed
    at node:internal/deps/undici/undici:16416:13
    at process.processTicksAndRejections (node:internal/process/task_queues:104:5)
    at async ConvexHttpClient.queryInner (file:///Users/syphaoffice1/Mission-control-openclaw-25:02/Mission-control/node_modules/convex/dist/esm/browser/http_client.js:225:22)
    at async ConvexHttpClient.query (file:///Users/syphaoffice1/Mission-control-openclaw-25:02/Mission-control/node_modules/convex/dist/esm/browser/http_client.js:202:12)
    at async withRetry (file:///Users/syphaoffice1/Mission-control-openclaw-25:02/Mission-control/orchestrator/index.mjs:197:14)
    at async getAgentMap (file:///Users/syphaoffice1/Mission-control-openclaw-25:02/Mission-control/orchestrator/index.mjs:657:18)
    at async chiefWatchdogLoop (file:///Users/syphaoffice1/Mission-control-openclaw-25:02/Mission-control/orchestrator/index.mjs:1129:22)
    at async Promise.allSettled (index 1)
    at async main (file:///Users/syphaoffice1/Mission-control-openclaw-25:02/Mission-control/orchestrator/index.mjs:1594:3) {
  [cause]: Error: getaddrinfo ENOTFOUND secret-fox-493.convex.cloud
      at GetAddrInfoReqWrap.onlookupall [as oncomplete] (node:dns:121:26) {
    errno: -3008,
    code: 'ENOTFOUND',
    syscall: 'getaddrinfo',
    hostname: 'secret-fox-493.convex.cloud'
  }
}
[notify] error TypeError: fetch failed
    at node:internal/deps/undici/undici:16416:13
    at process.processTicksAndRejections (node:internal/process/task_queues:104:5)
    at async ConvexHttpClient.queryInner (file:///Users/syphaoffice1/Mission-control-openclaw-25:02/Mission-control/node_modules/convex/dist/esm/browser/http_client.js:225:22)
    at async ConvexHttpClient.query (file:///Users/syphaoffice1/Mission-control-openclaw-25:02/Mission-control/node_modules/convex/dist/esm/browser/http_client.js:202:12)
    at async withRetry (file:///Users/syphaoffice1/Mission-control-openclaw-25:02/Mission-control/orchestrator/index.mjs:197:14)
    at async statusNotificationLoop (file:///Users/syphaoffice1/Mission-control-openclaw-25:02/Mission-control/orchestrator/index.mjs:1502:21)
    at async Promise.allSettled (index 2)
    at async main (file:///Users/syphaoffice1/Mission-control-openclaw-25:02/Mission-control/orchestrator/index.mjs:1594:3) {
  [cause]: Error: getaddrinfo ENOTFOUND secret-fox-493.convex.cloud
      at GetAddrInfoReqWrap.onlookupall [as oncomplete] (node:dns:121:26) {
    errno: -3008,
    code: 'ENOTFOUND',
    syscall: 'getaddrinfo',
    hostname: 'secret-fox-493.convex.cloud'
  }
}
[retry] convex.query transient failure (attempt 1/4): fetch failed
[retry] convex.query transient failure (attempt 2/4): fetch failed
[retry] convex.query transient failure (attempt 3/4): fetch failed
[triage] error TypeError: fetch failed
    at node:internal/deps/undici/undici:16416:13
    at process.processTicksAndRejections (node:internal/process/task_queues:104:5)
    at async ConvexHttpClient.queryInner (file:///Users/syphaoffice1/Mission-control-openclaw-25:02/Mission-control/node_modules/convex/dist/esm/browser/http_client.js:225:22)
    at async ConvexHttpClient.query (file:///Users/syphaoffice1/Mission-control-openclaw-25:02/Mission-control/node_modules/convex/dist/esm/browser/http_client.js:202:12)
    at async withRetry (file:///Users/syphaoffice1/Mission-control-openclaw-25:02/Mission-control/orchestrator/index.mjs:197:14)
    at async getAgentMap (file:///Users/syphaoffice1/Mission-control-openclaw-25:02/Mission-control/orchestrator/index.mjs:657:18)
    at async chiefTriageLoop (file:///Users/syphaoffice1/Mission-control-openclaw-25:02/Mission-control/orchestrator/index.mjs:849:22)
    at async Promise.allSettled (index 0)
    at async main (file:///Users/syphaoffice1/Mission-control-openclaw-25:02/Mission-control/orchestrator/index.mjs:1594:3) {
  [cause]: Error: getaddrinfo ENOTFOUND secret-fox-493.convex.cloud
      at GetAddrInfoReqWrap.onlookupall [as oncomplete] (node:dns:121:26) {
    errno: -3008,
    code: 'ENOTFOUND',
    syscall: 'getaddrinfo',
    hostname: 'secret-fox-493.convex.cloud'
  }
}
[retry] convex.query transient failure (attempt 1/4): fetch failed
[poller] error TypeError: fetch failed
    at node:internal/deps/undici/undici:16416:13
    at process.processTicksAndRejections (node:internal/process/task_queues:104:5)
    at async telegramApi (file:///Users/syphaoffice1/Mission-control-openclaw-25:02/Mission-control/orchestrator/index.mjs:218:15)
    at async pollingLoop (file:///Users/syphaoffice1/Mission-control-openclaw-25:02/Mission-control/orchestrator/index.mjs:779:23)
    at async Promise.allSettled (index 3)
    at async main (file:///Users/syphaoffice1/Mission-control-openclaw-25:02/Mission-control/orchestrator/index.mjs:1594:3) {
  [cause]: Error: getaddrinfo ENOTFOUND api.telegram.org
      at GetAddrInfoReqWrap.onlookupall [as oncomplete] (node:dns:121:26) {
    errno: -3008,
    code: 'ENOTFOUND',
    syscall: 'getaddrinfo',
    hostname: 'api.telegram.org'
  }
}
[retry] convex.query transient failure (attempt 1/4): fetch failed
[retry] convex.query transient failure (attempt 2/4): fetch failed
[retry] convex.query transient failure (attempt 2/4): fetch failed
[retry] convex.query transient failure (attempt 3/4): fetch failed
[retry] convex.query transient failure (attempt 3/4): fetch failed
[retry] convex.query transient failure (attempt 1/4): fetch failed
[retry] convex.query transient failure (attempt 2/4): fetch failed
[notify] error TypeError: fetch failed
    at node:internal/deps/undici/undici:16416:13
    at process.processTicksAndRejections (node:internal/process/task_queues:104:5)
    at async ConvexHttpClient.queryInner (file:///Users/syphaoffice1/Mission-control-openclaw-25:02/Mission-control/node_modules/convex/dist/esm/browser/http_client.js:225:22)
    at async ConvexHttpClient.query (file:///Users/syphaoffice1/Mission-control-openclaw-25:02/Mission-control/node_modules/convex/dist/esm/browser/http_client.js:202:12)
    at async withRetry (file:///Users/syphaoffice1/Mission-control-openclaw-25:02/Mission-control/orchestrator/index.mjs:197:14)
    at async statusNotificationLoop (file:///Users/syphaoffice1/Mission-control-openclaw-25:02/Mission-control/orchestrator/index.mjs:1502:21)
    at async Promise.allSettled (index 2)
    at async main (file:///Users/syphaoffice1/Mission-control-openclaw-25:02/Mission-control/orchestrator/index.mjs:1594:3) {
  [cause]: Error: getaddrinfo ENOTFOUND secret-fox-493.convex.cloud
      at GetAddrInfoReqWrap.onlookupall [as oncomplete] (node:dns:121:26) {
    errno: -3008,
    code: 'ENOTFOUND',
    syscall: 'getaddrinfo',
    hostname: 'secret-fox-493.convex.cloud'
  }
}
[watchdog] error TypeError: fetch failed
    at node:internal/deps/undici/undici:16416:13
    at process.processTicksAndRejections (node:internal/process/task_queues:104:5)
    at async ConvexHttpClient.queryInner (file:///Users/syphaoffice1/Mission-control-openclaw-25:02/Mission-control/node_modules/convex/dist/esm/browser/http_client.js:225:22)
    at async ConvexHttpClient.query (file:///Users/syphaoffice1/Mission-control-openclaw-25:02/Mission-control/node_modules/convex/dist/esm/browser/http_client.js:202:12)
    at async withRetry (file:///Users/syphaoffice1/Mission-control-openclaw-25:02/Mission-control/orchestrator/index.mjs:197:14)
    at async getAgentMap (file:///Users/syphaoffice1/Mission-control-openclaw-25:02/Mission-control/orchestrator/index.mjs:657:18)
    at async chiefWatchdogLoop (file:///Users/syphaoffice1/Mission-control-openclaw-25:02/Mission-control/orchestrator/index.mjs:1129:22)
    at async Promise.allSettled (index 1)
    at async main (file:///Users/syphaoffice1/Mission-control-openclaw-25:02/Mission-control/orchestrator/index.mjs:1594:3) {
  [cause]: Error: getaddrinfo ENOTFOUND secret-fox-493.convex.cloud
      at GetAddrInfoReqWrap.onlookupall [as oncomplete] (node:dns:121:26) {
    errno: -3008,
    code: 'ENOTFOUND',
    syscall: 'getaddrinfo',
    hostname: 'secret-fox-493.convex.cloud'
  }
}
[retry] convex.query transient failure (attempt 3/4): fetch failed
[triage] error TypeError: fetch failed
    at node:internal/deps/undici/undici:16416:13
    at process.processTicksAndRejections (node:internal/process/task_queues:104:5)
    at async ConvexHttpClient.queryInner (file:///Users/syphaoffice1/Mission-control-openclaw-25:02/Mission-control/node_modules/convex/dist/esm/browser/http_client.js:225:22)
    at async ConvexHttpClient.query (file:///Users/syphaoffice1/Mission-control-openclaw-25:02/Mission-control/node_modules/convex/dist/esm/browser/http_client.js:202:12)
    at async withRetry (file:///Users/syphaoffice1/Mission-control-openclaw-25:02/Mission-control/orchestrator/index.mjs:197:14)
    at async getAgentMap (file:///Users/syphaoffice1/Mission-control-openclaw-25:02/Mission-control/orchestrator/index.mjs:657:18)
    at async chiefTriageLoop (file:///Users/syphaoffice1/Mission-control-openclaw-25:02/Mission-control/orchestrator/index.mjs:849:22)
    at async Promise.allSettled (index 0)
    at async main (file:///Users/syphaoffice1/Mission-control-openclaw-25:02/Mission-control/orchestrator/index.mjs:1594:3) {
  [cause]: Error: getaddrinfo ENOTFOUND secret-fox-493.convex.cloud
      at GetAddrInfoReqWrap.onlookupall [as oncomplete] (node:dns:121:26) {
    errno: -3008,
    code: 'ENOTFOUND',
    syscall: 'getaddrinfo',
    hostname: 'secret-fox-493.convex.cloud'
  }
}
[retry] convex.query transient failure (attempt 1/4): fetch failed
[retry] convex.query transient failure (attempt 2/4): fetch failed
[retry] convex.query transient failure (attempt 3/4): fetch failed
[triage] error TypeError: fetch failed
    at node:internal/deps/undici/undici:16416:13
    at process.processTicksAndRejections (node:internal/process/task_queues:104:5)
    at async ConvexHttpClient.queryInner (file:///Users/syphaoffice1/Mission-control-openclaw-25:02/Mission-control/node_modules/convex/dist/esm/browser/http_client.js:225:22)
    at async ConvexHttpClient.query (file:///Users/syphaoffice1/Mission-control-openclaw-25:02/Mission-control/node_modules/convex/dist/esm/browser/http_client.js:202:12)
    at async withRetry (file:///Users/syphaoffice1/Mission-control-openclaw-25:02/Mission-control/orchestrator/index.mjs:197:14)
    at async getAgentMap (file:///Users/syphaoffice1/Mission-control-openclaw-25:02/Mission-control/orchestrator/index.mjs:657:18)
    at async chiefTriageLoop (file:///Users/syphaoffice1/Mission-control-openclaw-25:02/Mission-control/orchestrator/index.mjs:849:22)
    at async Promise.allSettled (index 0)
    at async main (file:///Users/syphaoffice1/Mission-control-openclaw-25:02/Mission-control/orchestrator/index.mjs:1594:3) {
  [cause]: Error: getaddrinfo ENOTFOUND secret-fox-493.convex.cloud
      at GetAddrInfoReqWrap.onlookupall [as oncomplete] (node:dns:121:26) {
    errno: -3008,
    code: 'ENOTFOUND',
    syscall: 'getaddrinfo',
    hostname: 'secret-fox-493.convex.cloud'
  }
}
[retry] convex.query transient failure (attempt 1/4): fetch failed
[retry] convex.query transient failure (attempt 2/4): fetch failed
[retry] convex.query transient failure (attempt 3/4): fetch failed
[poller] error TypeError: fetch failed
    at node:internal/deps/undici/undici:16416:13
    at process.processTicksAndRejections (node:internal/process/task_queues:104:5)
    at async telegramApi (file:///Users/syphaoffice1/Mission-control-openclaw-25:02/Mission-control/orchestrator/index.mjs:218:15)
    at async pollingLoop (file:///Users/syphaoffice1/Mission-control-openclaw-25:02/Mission-control/orchestrator/index.mjs:779:23)
    at async Promise.allSettled (index 3)
    at async main (file:///Users/syphaoffice1/Mission-control-openclaw-25:02/Mission-control/orchestrator/index.mjs:1594:3) {
  [cause]: Error: getaddrinfo ENOTFOUND api.telegram.org
      at GetAddrInfoReqWrap.onlookupall [as oncomplete] (node:dns:121:26) {
    errno: -3008,
    code: 'ENOTFOUND',
    syscall: 'getaddrinfo',
    hostname: 'api.telegram.org'
  }
}
[retry] convex.query transient failure (attempt 1/4): fetch failed
[retry] convex.query transient failure (attempt 2/4): fetch failed
[notify] error TypeError: fetch failed
    at node:internal/deps/undici/undici:16416:13
    at process.processTicksAndRejections (node:internal/process/task_queues:104:5)
    at async ConvexHttpClient.queryInner (file:///Users/syphaoffice1/Mission-control-openclaw-25:02/Mission-control/node_modules/convex/dist/esm/browser/http_client.js:225:22)
    at async ConvexHttpClient.query (file:///Users/syphaoffice1/Mission-control-openclaw-25:02/Mission-control/node_modules/convex/dist/esm/browser/http_client.js:202:12)
    at async withRetry (file:///Users/syphaoffice1/Mission-control-openclaw-25:02/Mission-control/orchestrator/index.mjs:197:14)
    at async statusNotificationLoop (file:///Users/syphaoffice1/Mission-control-openclaw-25:02/Mission-control/orchestrator/index.mjs:1502:21)
    at async Promise.allSettled (index 2)
    at async main (file:///Users/syphaoffice1/Mission-control-openclaw-25:02/Mission-control/orchestrator/index.mjs:1594:3) {
  [cause]: Error: getaddrinfo ENOTFOUND secret-fox-493.convex.cloud
      at GetAddrInfoReqWrap.onlookupall [as oncomplete] (node:dns:121:26) {
    errno: -3008,
    code: 'ENOTFOUND',
    syscall: 'getaddrinfo',
    hostname: 'secret-fox-493.convex.cloud'
  }
}
[retry] convex.query transient failure (attempt 3/4): fetch failed
[triage] error TypeError: fetch failed
    at node:internal/deps/undici/undici:16416:13
    at process.processTicksAndRejections (node:internal/process/task_queues:104:5)
    at async ConvexHttpClient.queryInner (file:///Users/syphaoffice1/Mission-control-openclaw-25:02/Mission-control/node_modules/convex/dist/esm/browser/http_client.js:225:22)
    at async ConvexHttpClient.query (file:///Users/syphaoffice1/Mission-control-openclaw-25:02/Mission-control/node_modules/convex/dist/esm/browser/http_client.js:202:12)
    at async withRetry (file:///Users/syphaoffice1/Mission-control-openclaw-25:02/Mission-control/orchestrator/index.mjs:197:14)
    at async getAgentMap (file:///Users/syphaoffice1/Mission-control-openclaw-25:02/Mission-control/orchestrator/index.mjs:657:18)
    at async chiefTriageLoop (file:///Users/syphaoffice1/Mission-control-openclaw-25:02/Mission-control/orchestrator/index.mjs:849:22)
    at async Promise.allSettled (index 0)
    at async main (file:///Users/syphaoffice1/Mission-control-openclaw-25:02/Mission-control/orchestrator/index.mjs:1594:3) {
  [cause]: Error: getaddrinfo ENOTFOUND secret-fox-493.convex.cloud
      at GetAddrInfoReqWrap.onlookupall [as oncomplete] (node:dns:121:26) {
    errno: -3008,
    code: 'ENOTFOUND',
    syscall: 'getaddrinfo',
    hostname: 'secret-fox-493.convex.cloud'
  }
}
[retry] convex.query transient failure (attempt 1/4): fetch failed
[retry] convex.query transient failure (attempt 2/4): fetch failed
[retry] convex.query transient failure (attempt 3/4): fetch failed
[triage] error TypeError: fetch failed
    at node:internal/deps/undici/undici:16416:13
    at process.processTicksAndRejections (node:internal/process/task_queues:104:5)
    at async ConvexHttpClient.queryInner (file:///Users/syphaoffice1/Mission-control-openclaw-25:02/Mission-control/node_modules/convex/dist/esm/browser/http_client.js:225:22)
    at async ConvexHttpClient.query (file:///Users/syphaoffice1/Mission-control-openclaw-25:02/Mission-control/node_modules/convex/dist/esm/browser/http_client.js:202:12)
    at async withRetry (file:///Users/syphaoffice1/Mission-control-openclaw-25:02/Mission-control/orchestrator/index.mjs:197:14)
    at async getAgentMap (file:///Users/syphaoffice1/Mission-control-openclaw-25:02/Mission-control/orchestrator/index.mjs:657:18)
    at async chiefTriageLoop (file:///Users/syphaoffice1/Mission-control-openclaw-25:02/Mission-control/orchestrator/index.mjs:849:22)
    at async Promise.allSettled (index 0)
    at async main (file:///Users/syphaoffice1/Mission-control-openclaw-25:02/Mission-control/orchestrator/index.mjs:1594:3) {
  [cause]: Error: getaddrinfo ENOTFOUND secret-fox-493.convex.cloud
      at GetAddrInfoReqWrap.onlookupall [as oncomplete] (node:dns:121:26) {
    errno: -3008,
    code: 'ENOTFOUND',
    syscall: 'getaddrinfo',
    hostname: 'secret-fox-493.convex.cloud'
  }
}
[retry] convex.query transient failure (attempt 1/4): fetch failed
[retry] convex.query transient failure (attempt 2/4): fetch failed
[retry] convex.query transient failure (attempt 3/4): fetch failed
[retry] convex.query transient failure (attempt 1/4): fetch failed
[retry] convex.query transient failure (attempt 2/4): fetch failed
[retry] convex.query transient failure (attempt 3/4): fetch failed
[notify] error TypeError: fetch failed
    at node:internal/deps/undici/undici:16416:13
    at process.processTicksAndRejections (node:internal/process/task_queues:104:5)
    at async ConvexHttpClient.queryInner (file:///Users/syphaoffice1/Mission-control-openclaw-25:02/Mission-control/node_modules/convex/dist/esm/browser/http_client.js:225:22)
    at async ConvexHttpClient.query (file:///Users/syphaoffice1/Mission-control-openclaw-25:02/Mission-control/node_modules/convex/dist/esm/browser/http_client.js:202:12)
    at async withRetry (file:///Users/syphaoffice1/Mission-control-openclaw-25:02/Mission-control/orchestrator/index.mjs:197:14)
    at async statusNotificationLoop (file:///Users/syphaoffice1/Mission-control-openclaw-25:02/Mission-control/orchestrator/index.mjs:1502:21)
    at async Promise.allSettled (index 2)
    at async main (file:///Users/syphaoffice1/Mission-control-openclaw-25:02/Mission-control/orchestrator/index.mjs:1594:3) {
  [cause]: Error: getaddrinfo ENOTFOUND secret-fox-493.convex.cloud
      at GetAddrInfoReqWrap.onlookupall [as oncomplete] (node:dns:121:26) {
    errno: -3008,
    code: 'ENOTFOUND',
    syscall: 'getaddrinfo',
    hostname: 'secret-fox-493.convex.cloud'
  }
}
[poller] error TypeError: fetch failed
    at node:internal/deps/undici/undici:16416:13
    at process.processTicksAndRejections (node:internal/process/task_queues:104:5)
    at async telegramApi (file:///Users/syphaoffice1/Mission-control-openclaw-25:02/Mission-control/orchestrator/index.mjs:218:15)
    at async pollingLoop (file:///Users/syphaoffice1/Mission-control-openclaw-25:02/Mission-control/orchestrator/index.mjs:779:23)
    at async Promise.allSettled (index 3)
    at async main (file:///Users/syphaoffice1/Mission-control-openclaw-25:02/Mission-control/orchestrator/index.mjs:1594:3) {
  [cause]: Error: getaddrinfo ENOTFOUND api.telegram.org
      at GetAddrInfoReqWrap.onlookupall [as oncomplete] (node:dns:121:26) {
    errno: -3008,
    code: 'ENOTFOUND',
    syscall: 'getaddrinfo',
    hostname: 'api.telegram.org'
  }
}
[retry] convex.query transient failure (attempt 1/4): fetch failed
[triage] error TypeError: fetch failed
    at node:internal/deps/undici/undici:16416:13
    at process.processTicksAndRejections (node:internal/process/task_queues:104:5)
    at async ConvexHttpClient.queryInner (file:///Users/syphaoffice1/Mission-control-openclaw-25:02/Mission-control/node_modules/convex/dist/esm/browser/http_client.js:225:22)
    at async ConvexHttpClient.query (file:///Users/syphaoffice1/Mission-control-openclaw-25:02/Mission-control/node_modules/convex/dist/esm/browser/http_client.js:202:12)
    at async withRetry (file:///Users/syphaoffice1/Mission-control-openclaw-25:02/Mission-control/orchestrator/index.mjs:197:14)
    at async getAgentMap (file:///Users/syphaoffice1/Mission-control-openclaw-25:02/Mission-control/orchestrator/index.mjs:657:18)
    at async chiefTriageLoop (file:///Users/syphaoffice1/Mission-control-openclaw-25:02/Mission-control/orchestrator/index.mjs:849:22)
    at async Promise.allSettled (index 0)
    at async main (file:///Users/syphaoffice1/Mission-control-openclaw-25:02/Mission-control/orchestrator/index.mjs:1594:3) {
  [cause]: Error: getaddrinfo ENOTFOUND secret-fox-493.convex.cloud
      at GetAddrInfoReqWrap.onlookupall [as oncomplete] (node:dns:121:26) {
    errno: -3008,
    code: 'ENOTFOUND',
    syscall: 'getaddrinfo',
    hostname: 'secret-fox-493.convex.cloud'
  }
}
[retry] convex.query transient failure (attempt 2/4): fetch failed
[retry] convex.query transient failure (attempt 3/4): fetch failed
[retry] convex.query transient failure (attempt 1/4): fetch failed
[retry] convex.query transient failure (attempt 2/4): fetch failed
[watchdog] error TypeError: fetch failed
    at node:internal/deps/undici/undici:16416:13
    at process.processTicksAndRejections (node:internal/process/task_queues:104:5)
    at async ConvexHttpClient.queryInner (file:///Users/syphaoffice1/Mission-control-openclaw-25:02/Mission-control/node_modules/convex/dist/esm/browser/http_client.js:225:22)
    at async ConvexHttpClient.query (file:///Users/syphaoffice1/Mission-control-openclaw-25:02/Mission-control/node_modules/convex/dist/esm/browser/http_client.js:202:12)
    at async withRetry (file:///Users/syphaoffice1/Mission-control-openclaw-25:02/Mission-control/orchestrator/index.mjs:197:14)
    at async getAgentMap (file:///Users/syphaoffice1/Mission-control-openclaw-25:02/Mission-control/orchestrator/index.mjs:657:18)
    at async chiefWatchdogLoop (file:///Users/syphaoffice1/Mission-control-openclaw-25:02/Mission-control/orchestrator/index.mjs:1129:22)
    at async Promise.allSettled (index 1)
    at async main (file:///Users/syphaoffice1/Mission-control-openclaw-25:02/Mission-control/orchestrator/index.mjs:1594:3) {
  [cause]: Error: getaddrinfo ENOTFOUND secret-fox-493.convex.cloud
      at GetAddrInfoReqWrap.onlookupall [as oncomplete] (node:dns:121:26) {
    errno: -3008,
    code: 'ENOTFOUND',
    syscall: 'getaddrinfo',
    hostname: 'secret-fox-493.convex.cloud'
  }
}
[retry] convex.query transient failure (attempt 3/4): fetch failed
[triage] error TypeError: fetch failed
    at node:internal/deps/undici/undici:16416:13
    at process.processTicksAndRejections (node:internal/process/task_queues:104:5)
    at async ConvexHttpClient.queryInner (file:///Users/syphaoffice1/Mission-control-openclaw-25:02/Mission-control/node_modules/convex/dist/esm/browser/http_client.js:225:22)
    at async ConvexHttpClient.query (file:///Users/syphaoffice1/Mission-control-openclaw-25:02/Mission-control/node_modules/convex/dist/esm/browser/http_client.js:202:12)
    at async withRetry (file:///Users/syphaoffice1/Mission-control-openclaw-25:02/Mission-control/orchestrator/index.mjs:197:14)
    at async getAgentMap (file:///Users/syphaoffice1/Mission-control-openclaw-25:02/Mission-control/orchestrator/index.mjs:657:18)
    at async chiefTriageLoop (file:///Users/syphaoffice1/Mission-control-openclaw-25:02/Mission-control/orchestrator/index.mjs:849:22)
    at async Promise.allSettled (index 0)
    at async main (file:///Users/syphaoffice1/Mission-control-openclaw-25:02/Mission-control/orchestrator/index.mjs:1594:3) {
  [cause]: Error: getaddrinfo ENOTFOUND secret-fox-493.convex.cloud
      at GetAddrInfoReqWrap.onlookupall [as oncomplete] (node:dns:121:26) {
    errno: -3008,
    code: 'ENOTFOUND',
    syscall: 'getaddrinfo',
    hostname: 'secret-fox-493.convex.cloud'
  }
}
[retry] convex.query transient failure (attempt 1/4): fetch failed
[retry] convex.query transient failure (attempt 1/4): fetch failed
[retry] convex.query transient failure (attempt 2/4): fetch failed
[retry] convex.query transient failure (attempt 2/4): fetch failed
[retry] convex.query transient failure (attempt 3/4): fetch failed
[retry] convex.query transient failure (attempt 3/4): fetch failed
[triage] error TypeError: fetch failed
    at node:internal/deps/undici/undici:16416:13
    at process.processTicksAndRejections (node:internal/process/task_queues:104:5)
    at async ConvexHttpClient.queryInner (file:///Users/syphaoffice1/Mission-control-openclaw-25:02/Mission-control/node_modules/convex/dist/esm/browser/http_client.js:225:22)
    at async ConvexHttpClient.query (file:///Users/syphaoffice1/Mission-control-openclaw-25:02/Mission-control/node_modules/convex/dist/esm/browser/http_client.js:202:12)
    at async withRetry (file:///Users/syphaoffice1/Mission-control-openclaw-25:02/Mission-control/orchestrator/index.mjs:197:14)
    at async getAgentMap (file:///Users/syphaoffice1/Mission-control-openclaw-25:02/Mission-control/orchestrator/index.mjs:657:18)
    at async chiefTriageLoop (file:///Users/syphaoffice1/Mission-control-openclaw-25:02/Mission-control/orchestrator/index.mjs:849:22)
    at async Promise.allSettled (index 0)
    at async main (file:///Users/syphaoffice1/Mission-control-openclaw-25:02/Mission-control/orchestrator/index.mjs:1594:3) {
  [cause]: Error: getaddrinfo ENOTFOUND secret-fox-493.convex.cloud
      at GetAddrInfoReqWrap.onlookupall [as oncomplete] (node:dns:121:26) {
    errno: -3008,
    code: 'ENOTFOUND',
    syscall: 'getaddrinfo',
    hostname: 'secret-fox-493.convex.cloud'
  }
}
[notify] error TypeError: fetch failed
    at node:internal/deps/undici/undici:16416:13
    at process.processTicksAndRejections (node:internal/process/task_queues:104:5)
    at async ConvexHttpClient.queryInner (file:///Users/syphaoffice1/Mission-control-openclaw-25:02/Mission-control/node_modules/convex/dist/esm/browser/http_client.js:225:22)
    at async ConvexHttpClient.query (file:///Users/syphaoffice1/Mission-control-openclaw-25:02/Mission-control/node_modules/convex/dist/esm/browser/http_client.js:202:12)
    at async withRetry (file:///Users/syphaoffice1/Mission-control-openclaw-25:02/Mission-control/orchestrator/index.mjs:197:14)
    at async statusNotificationLoop (file:///Users/syphaoffice1/Mission-control-openclaw-25:02/Mission-control/orchestrator/index.mjs:1502:21)
    at async Promise.allSettled (index 2)
    at async main (file:///Users/syphaoffice1/Mission-control-openclaw-25:02/Mission-control/orchestrator/index.mjs:1594:3) {
  [cause]: Error: getaddrinfo ENOTFOUND secret-fox-493.convex.cloud
      at GetAddrInfoReqWrap.onlookupall [as oncomplete] (node:dns:121:26) {
    errno: -3008,
    code: 'ENOTFOUND',
    syscall: 'getaddrinfo',
    hostname: 'secret-fox-493.convex.cloud'
  }
}
[poller] error TypeError: fetch failed
    at node:internal/deps/undici/undici:16416:13
    at process.processTicksAndRejections (node:internal/process/task_queues:104:5)
    at async telegramApi (file:///Users/syphaoffice1/Mission-control-openclaw-25:02/Mission-control/orchestrator/index.mjs:218:15)
    at async pollingLoop (file:///Users/syphaoffice1/Mission-control-openclaw-25:02/Mission-control/orchestrator/index.mjs:779:23)
    at async Promise.allSettled (index 3)
    at async main (file:///Users/syphaoffice1/Mission-control-openclaw-25:02/Mission-control/orchestrator/index.mjs:1594:3) {
  [cause]: Error: getaddrinfo ENOTFOUND api.telegram.org
      at GetAddrInfoReqWrap.onlookupall [as oncomplete] (node:dns:121:26) {
    errno: -3008,
    code: 'ENOTFOUND',
    syscall: 'getaddrinfo',
    hostname: 'api.telegram.org'
  }
}
[retry] convex.query transient failure (attempt 1/4): fetch failed
[retry] convex.query transient failure (attempt 2/4): fetch failed
[retry] convex.query transient failure (attempt 3/4): fetch failed
[triage] error TypeError: fetch failed
    at node:internal/deps/undici/undici:16416:13
    at process.processTicksAndRejections (node:internal/process/task_queues:104:5)
    at async ConvexHttpClient.queryInner (file:///Users/syphaoffice1/Mission-control-openclaw-25:02/Mission-control/node_modules/convex/dist/esm/browser/http_client.js:225:22)
    at async ConvexHttpClient.query (file:///Users/syphaoffice1/Mission-control-openclaw-25:02/Mission-control/node_modules/convex/dist/esm/browser/http_client.js:202:12)
    at async withRetry (file:///Users/syphaoffice1/Mission-control-openclaw-25:02/Mission-control/orchestrator/index.mjs:197:14)
    at async getAgentMap (file:///Users/syphaoffice1/Mission-control-openclaw-25:02/Mission-control/orchestrator/index.mjs:657:18)
    at async chiefTriageLoop (file:///Users/syphaoffice1/Mission-control-openclaw-25:02/Mission-control/orchestrator/index.mjs:849:22)
    at async Promise.allSettled (index 0)
    at async main (file:///Users/syphaoffice1/Mission-control-openclaw-25:02/Mission-control/orchestrator/index.mjs:1594:3) {
  [cause]: Error: getaddrinfo ENOTFOUND secret-fox-493.convex.cloud
      at GetAddrInfoReqWrap.onlookupall [as oncomplete] (node:dns:121:26) {
    errno: -3008,
    code: 'ENOTFOUND',
    syscall: 'getaddrinfo',
    hostname: 'secret-fox-493.convex.cloud'
  }
}
[retry] convex.query transient failure (attempt 1/4): fetch failed
[retry] convex.query transient failure (attempt 1/4): fetch failed
[poller] error TypeError: fetch failed
    at node:internal/deps/undici/undici:16416:13
    at process.processTicksAndRejections (node:internal/process/task_queues:104:5)
    at async telegramApi (file:///Users/syphaoffice1/Mission-control-openclaw-25:02/Mission-control/orchestrator/index.mjs:218:15)
    at async pollingLoop (file:///Users/syphaoffice1/Mission-control-openclaw-25:02/Mission-control/orchestrator/index.mjs:779:23)
    at async Promise.allSettled (index 3)
    at async main (file:///Users/syphaoffice1/Mission-control-openclaw-25:02/Mission-control/orchestrator/index.mjs:1594:3) {
  [cause]: Error: getaddrinfo ENOTFOUND api.telegram.org
      at GetAddrInfoReqWrap.onlookupall [as oncomplete] (node:dns:121:26) {
    errno: -3008,
    code: 'ENOTFOUND',
    syscall: 'getaddrinfo',
    hostname: 'api.telegram.org'
  }
}
[retry] convex.query transient failure (attempt 1/4): fetch failed
[retry] convex.query transient failure (attempt 2/4): fetch failed
[retry] convex.query transient failure (attempt 2/4): fetch failed
[retry] convex.query transient failure (attempt 2/4): fetch failed
[retry] convex.query transient failure (attempt 3/4): fetch failed
[retry] convex.query transient failure (attempt 3/4): fetch failed
[retry] convex.query transient failure (attempt 3/4): fetch failed
[triage] error TypeError: fetch failed
    at node:internal/deps/undici/undici:16416:13
    at process.processTicksAndRejections (node:internal/process/task_queues:104:5)
    at async ConvexHttpClient.queryInner (file:///Users/syphaoffice1/Mission-control-openclaw-25:02/Mission-control/node_modules/convex/dist/esm/browser/http_client.js:225:22)
    at async ConvexHttpClient.query (file:///Users/syphaoffice1/Mission-control-openclaw-25:02/Mission-control/node_modules/convex/dist/esm/browser/http_client.js:202:12)
    at async withRetry (file:///Users/syphaoffice1/Mission-control-openclaw-25:02/Mission-control/orchestrator/index.mjs:197:14)
    at async getAgentMap (file:///Users/syphaoffice1/Mission-control-openclaw-25:02/Mission-control/orchestrator/index.mjs:657:18)
    at async chiefTriageLoop (file:///Users/syphaoffice1/Mission-control-openclaw-25:02/Mission-control/orchestrator/index.mjs:849:22)
    at async Promise.allSettled (index 0)
    at async main (file:///Users/syphaoffice1/Mission-control-openclaw-25:02/Mission-control/orchestrator/index.mjs:1594:3) {
  [cause]: Error: getaddrinfo ENOTFOUND secret-fox-493.convex.cloud
      at GetAddrInfoReqWrap.onlookupall [as oncomplete] (node:dns:121:26) {
    errno: -3008,
    code: 'ENOTFOUND',
    syscall: 'getaddrinfo',
    hostname: 'secret-fox-493.convex.cloud'
  }
}
[notify] error TypeError: fetch failed
    at node:internal/deps/undici/undici:16416:13
    at process.processTicksAndRejections (node:internal/process/task_queues:104:5)
    at async ConvexHttpClient.queryInner (file:///Users/syphaoffice1/Mission-control-openclaw-25:02/Mission-control/node_modules/convex/dist/esm/browser/http_client.js:225:22)
    at async ConvexHttpClient.query (file:///Users/syphaoffice1/Mission-control-openclaw-25:02/Mission-control/node_modules/convex/dist/esm/browser/http_client.js:202:12)
    at async withRetry (file:///Users/syphaoffice1/Mission-control-openclaw-25:02/Mission-control/orchestrator/index.mjs:197:14)
    at async statusNotificationLoop (file:///Users/syphaoffice1/Mission-control-openclaw-25:02/Mission-control/orchestrator/index.mjs:1502:21)
    at async Promise.allSettled (index 2)
    at async main (file:///Users/syphaoffice1/Mission-control-openclaw-25:02/Mission-control/orchestrator/index.mjs:1594:3) {
  [cause]: Error: getaddrinfo ENOTFOUND secret-fox-493.convex.cloud
      at GetAddrInfoReqWrap.onlookupall [as oncomplete] (node:dns:121:26) {
    errno: -3008,
    code: 'ENOTFOUND',
    syscall: 'getaddrinfo',
    hostname: 'secret-fox-493.convex.cloud'
  }
}
[watchdog] error TypeError: fetch failed
    at node:internal/deps/undici/undici:16416:13
    at process.processTicksAndRejections (node:internal/process/task_queues:104:5)
    at async ConvexHttpClient.queryInner (file:///Users/syphaoffice1/Mission-control-openclaw-25:02/Mission-control/node_modules/convex/dist/esm/browser/http_client.js:225:22)
    at async ConvexHttpClient.query (file:///Users/syphaoffice1/Mission-control-openclaw-25:02/Mission-control/node_modules/convex/dist/esm/browser/http_client.js:202:12)
    at async withRetry (file:///Users/syphaoffice1/Mission-control-openclaw-25:02/Mission-control/orchestrator/index.mjs:197:14)
    at async getAgentMap (file:///Users/syphaoffice1/Mission-control-openclaw-25:02/Mission-control/orchestrator/index.mjs:657:18)
    at async chiefWatchdogLoop (file:///Users/syphaoffice1/Mission-control-openclaw-25:02/Mission-control/orchestrator/index.mjs:1129:22)
    at async Promise.allSettled (index 1)
    at async main (file:///Users/syphaoffice1/Mission-control-openclaw-25:02/Mission-control/orchestrator/index.mjs:1594:3) {
  [cause]: Error: getaddrinfo ENOTFOUND secret-fox-493.convex.cloud
      at GetAddrInfoReqWrap.onlookupall [as oncomplete] (node:dns:121:26) {
    errno: -3008,
    code: 'ENOTFOUND',
    syscall: 'getaddrinfo',
    hostname: 'secret-fox-493.convex.cloud'
  }
}
[retry] convex.query transient failure (attempt 1/4): fetch failed
[retry] convex.query transient failure (attempt 2/4): fetch failed
[retry] convex.query transient failure (attempt 3/4): fetch failed
[triage] error TypeError: fetch failed
    at node:internal/deps/undici/undici:16416:13
    at process.processTicksAndRejections (node:internal/process/task_queues:104:5)
    at async ConvexHttpClient.queryInner (file:///Users/syphaoffice1/Mission-control-openclaw-25:02/Mission-control/node_modules/convex/dist/esm/browser/http_client.js:225:22)
    at async ConvexHttpClient.query (file:///Users/syphaoffice1/Mission-control-openclaw-25:02/Mission-control/node_modules/convex/dist/esm/browser/http_client.js:202:12)
    at async withRetry (file:///Users/syphaoffice1/Mission-control-openclaw-25:02/Mission-control/orchestrator/index.mjs:197:14)
    at async getAgentMap (file:///Users/syphaoffice1/Mission-control-openclaw-25:02/Mission-control/orchestrator/index.mjs:657:18)
    at async chiefTriageLoop (file:///Users/syphaoffice1/Mission-control-openclaw-25:02/Mission-control/orchestrator/index.mjs:849:22)
    at async Promise.allSettled (index 0)
    at async main (file:///Users/syphaoffice1/Mission-control-openclaw-25:02/Mission-control/orchestrator/index.mjs:1594:3) {
  [cause]: Error: getaddrinfo ENOTFOUND secret-fox-493.convex.cloud
      at GetAddrInfoReqWrap.onlookupall [as oncomplete] (node:dns:121:26) {
    errno: -3008,
    code: 'ENOTFOUND',
    syscall: 'getaddrinfo',
    hostname: 'secret-fox-493.convex.cloud'
  }
}
[retry] convex.query transient failure (attempt 1/4): fetch failed
[retry] convex.query transient failure (attempt 1/4): fetch failed
[retry] convex.query transient failure (attempt 2/4): fetch failed
[retry] convex.query transient failure (attempt 2/4): fetch failed
[retry] convex.query transient failure (attempt 3/4): fetch failed
[retry] convex.query transient failure (attempt 3/4): fetch failed
[poller] error TypeError: fetch failed
    at node:internal/deps/undici/undici:16416:13
    at process.processTicksAndRejections (node:internal/process/task_queues:104:5)
    at async telegramApi (file:///Users/syphaoffice1/Mission-control-openclaw-25:02/Mission-control/orchestrator/index.mjs:218:15)
    at async pollingLoop (file:///Users/syphaoffice1/Mission-control-openclaw-25:02/Mission-control/orchestrator/index.mjs:779:23)
    at async Promise.allSettled (index 3)
    at async main (file:///Users/syphaoffice1/Mission-control-openclaw-25:02/Mission-control/orchestrator/index.mjs:1594:3) {
  [cause]: Error: getaddrinfo ENOTFOUND api.telegram.org
      at GetAddrInfoReqWrap.onlookupall [as oncomplete] (node:dns:121:26) {
    errno: -3008,
    code: 'ENOTFOUND',
    syscall: 'getaddrinfo',
    hostname: 'api.telegram.org'
  }
}
[triage] error TypeError: fetch failed
    at node:internal/deps/undici/undici:16416:13
    at process.processTicksAndRejections (node:internal/process/task_queues:104:5)
    at async ConvexHttpClient.queryInner (file:///Users/syphaoffice1/Mission-control-openclaw-25:02/Mission-control/node_modules/convex/dist/esm/browser/http_client.js:225:22)
    at async ConvexHttpClient.query (file:///Users/syphaoffice1/Mission-control-openclaw-25:02/Mission-control/node_modules/convex/dist/esm/browser/http_client.js:202:12)
    at async withRetry (file:///Users/syphaoffice1/Mission-control-openclaw-25:02/Mission-control/orchestrator/index.mjs:197:14)
    at async getAgentMap (file:///Users/syphaoffice1/Mission-control-openclaw-25:02/Mission-control/orchestrator/index.mjs:657:18)
    at async chiefTriageLoop (file:///Users/syphaoffice1/Mission-control-openclaw-25:02/Mission-control/orchestrator/index.mjs:849:22)
    at async Promise.allSettled (index 0)
    at async main (file:///Users/syphaoffice1/Mission-control-openclaw-25:02/Mission-control/orchestrator/index.mjs:1594:3) {
  [cause]: Error: getaddrinfo ENOTFOUND secret-fox-493.convex.cloud
      at GetAddrInfoReqWrap.onlookupall [as oncomplete] (node:dns:121:26) {
    errno: -3008,
    code: 'ENOTFOUND',
    syscall: 'getaddrinfo',
    hostname: 'secret-fox-493.convex.cloud'
  }
}
[notify] error TypeError: fetch failed
    at node:internal/deps/undici/undici:16416:13
    at process.processTicksAndRejections (node:internal/process/task_queues:104:5)
    at async ConvexHttpClient.queryInner (file:///Users/syphaoffice1/Mission-control-openclaw-25:02/Mission-control/node_modules/convex/dist/esm/browser/http_client.js:225:22)
    at async ConvexHttpClient.query (file:///Users/syphaoffice1/Mission-control-openclaw-25:02/Mission-control/node_modules/convex/dist/esm/browser/http_client.js:202:12)
    at async withRetry (file:///Users/syphaoffice1/Mission-control-openclaw-25:02/Mission-control/orchestrator/index.mjs:197:14)
    at async statusNotificationLoop (file:///Users/syphaoffice1/Mission-control-openclaw-25:02/Mission-control/orchestrator/index.mjs:1502:21)
    at async Promise.allSettled (index 2)
    at async main (file:///Users/syphaoffice1/Mission-control-openclaw-25:02/Mission-control/orchestrator/index.mjs:1594:3) {
  [cause]: Error: getaddrinfo ENOTFOUND secret-fox-493.convex.cloud
      at GetAddrInfoReqWrap.onlookupall [as oncomplete] (node:dns:121:26) {
    errno: -3008,
    code: 'ENOTFOUND',
    syscall: 'getaddrinfo',
    hostname: 'secret-fox-493.convex.cloud'
  }
}
[retry] convex.query transient failure (attempt 1/4): fetch failed
[retry] convex.query transient failure (attempt 2/4): fetch failed
[retry] convex.query transient failure (attempt 1/4): fetch failed
[poller] error TypeError: fetch failed
    at node:internal/deps/undici/undici:16416:13
    at process.processTicksAndRejections (node:internal/process/task_queues:104:5)
    at async telegramApi (file:///Users/syphaoffice1/Mission-control-openclaw-25:02/Mission-control/orchestrator/index.mjs:218:15)
    at async pollingLoop (file:///Users/syphaoffice1/Mission-control-openclaw-25:02/Mission-control/orchestrator/index.mjs:779:23)
    at async Promise.allSettled (index 3)
    at async main (file:///Users/syphaoffice1/Mission-control-openclaw-25:02/Mission-control/orchestrator/index.mjs:1594:3) {
  [cause]: Error: getaddrinfo ENOTFOUND api.telegram.org
      at GetAddrInfoReqWrap.onlookupall [as oncomplete] (node:dns:121:26) {
    errno: -3008,
    code: 'ENOTFOUND',
    syscall: 'getaddrinfo',
    hostname: 'api.telegram.org'
  }
}
[retry] convex.query transient failure (attempt 2/4): fetch failed
[retry] convex.query transient failure (attempt 3/4): fetch failed
[retry] convex.query transient failure (attempt 3/4): fetch failed
[triage] error TypeError: fetch failed
    at node:internal/deps/undici/undici:16416:13
    at process.processTicksAndRejections (node:internal/process/task_queues:104:5)
    at async ConvexHttpClient.queryInner (file:///Users/syphaoffice1/Mission-control-openclaw-25:02/Mission-control/node_modules/convex/dist/esm/browser/http_client.js:225:22)
    at async ConvexHttpClient.query (file:///Users/syphaoffice1/Mission-control-openclaw-25:02/Mission-control/node_modules/convex/dist/esm/browser/http_client.js:202:12)
    at async withRetry (file:///Users/syphaoffice1/Mission-control-openclaw-25:02/Mission-control/orchestrator/index.mjs:197:14)
    at async getAgentMap (file:///Users/syphaoffice1/Mission-control-openclaw-25:02/Mission-control/orchestrator/index.mjs:657:18)
    at async chiefTriageLoop (file:///Users/syphaoffice1/Mission-control-openclaw-25:02/Mission-control/orchestrator/index.mjs:849:22)
    at async Promise.allSettled (index 0)
    at async main (file:///Users/syphaoffice1/Mission-control-openclaw-25:02/Mission-control/orchestrator/index.mjs:1594:3) {
  [cause]: Error: getaddrinfo ENOTFOUND secret-fox-493.convex.cloud
      at GetAddrInfoReqWrap.onlookupall [as oncomplete] (node:dns:121:26) {
    errno: -3008,
    code: 'ENOTFOUND',
    syscall: 'getaddrinfo',
    hostname: 'secret-fox-493.convex.cloud'
  }
}
[notify] error TypeError: fetch failed
    at node:internal/deps/undici/undici:16416:13
    at process.processTicksAndRejections (node:internal/process/task_queues:104:5)
    at async ConvexHttpClient.queryInner (file:///Users/syphaoffice1/Mission-control-openclaw-25:02/Mission-control/node_modules/convex/dist/esm/browser/http_client.js:225:22)
    at async ConvexHttpClient.query (file:///Users/syphaoffice1/Mission-control-openclaw-25:02/Mission-control/node_modules/convex/dist/esm/browser/http_client.js:202:12)
    at async withRetry (file:///Users/syphaoffice1/Mission-control-openclaw-25:02/Mission-control/orchestrator/index.mjs:197:14)
    at async statusNotificationLoop (file:///Users/syphaoffice1/Mission-control-openclaw-25:02/Mission-control/orchestrator/index.mjs:1502:21)
    at async Promise.allSettled (index 2)
    at async main (file:///Users/syphaoffice1/Mission-control-openclaw-25:02/Mission-control/orchestrator/index.mjs:1594:3) {
  [cause]: Error: getaddrinfo ENOTFOUND secret-fox-493.convex.cloud
      at GetAddrInfoReqWrap.onlookupall [as oncomplete] (node:dns:121:26) {
    errno: -3008,
    code: 'ENOTFOUND',
    syscall: 'getaddrinfo',
    hostname: 'secret-fox-493.convex.cloud'
  }
}
[retry] convex.query transient failure (attempt 1/4): fetch failed
[retry] convex.query transient failure (attempt 2/4): fetch failed
[retry] convex.query transient failure (attempt 3/4): fetch failed
[triage] error TypeError: fetch failed
    at node:internal/deps/undici/undici:16416:13
    at process.processTicksAndRejections (node:internal/process/task_queues:104:5)
    at async ConvexHttpClient.queryInner (file:///Users/syphaoffice1/Mission-control-openclaw-25:02/Mission-control/node_modules/convex/dist/esm/browser/http_client.js:225:22)
    at async ConvexHttpClient.query (file:///Users/syphaoffice1/Mission-control-openclaw-25:02/Mission-control/node_modules/convex/dist/esm/browser/http_client.js:202:12)
    at async withRetry (file:///Users/syphaoffice1/Mission-control-openclaw-25:02/Mission-control/orchestrator/index.mjs:197:14)
    at async getAgentMap (file:///Users/syphaoffice1/Mission-control-openclaw-25:02/Mission-control/orchestrator/index.mjs:657:18)
    at async chiefTriageLoop (file:///Users/syphaoffice1/Mission-control-openclaw-25:02/Mission-control/orchestrator/index.mjs:849:22)
    at async Promise.allSettled (index 0)
    at async main (file:///Users/syphaoffice1/Mission-control-openclaw-25:02/Mission-control/orchestrator/index.mjs:1594:3) {
  [cause]: Error: getaddrinfo ENOTFOUND secret-fox-493.convex.cloud
      at GetAddrInfoReqWrap.onlookupall [as oncomplete] (node:dns:121:26) {
    errno: -3008,
    code: 'ENOTFOUND',
    syscall: 'getaddrinfo',
    hostname: 'secret-fox-493.convex.cloud'
  }
}
[retry] convex.query transient failure (attempt 1/4): fetch failed
[retry] convex.query transient failure (attempt 2/4): fetch failed
[retry] convex.query transient failure (attempt 1/4): fetch failed
[retry] convex.query transient failure (attempt 2/4): fetch failed
[retry] convex.query transient failure (attempt 3/4): fetch failed
[retry] convex.query transient failure (attempt 3/4): fetch failed
[poller] error TypeError: fetch failed
    at node:internal/deps/undici/undici:16416:13
    at process.processTicksAndRejections (node:internal/process/task_queues:104:5)
    at async telegramApi (file:///Users/syphaoffice1/Mission-control-openclaw-25:02/Mission-control/orchestrator/index.mjs:218:15)
    at async pollingLoop (file:///Users/syphaoffice1/Mission-control-openclaw-25:02/Mission-control/orchestrator/index.mjs:779:23)
    at async Promise.allSettled (index 3)
    at async main (file:///Users/syphaoffice1/Mission-control-openclaw-25:02/Mission-control/orchestrator/index.mjs:1594:3) {
  [cause]: Error: getaddrinfo ENOTFOUND api.telegram.org
      at GetAddrInfoReqWrap.onlookupall [as oncomplete] (node:dns:121:26) {
    errno: -3008,
    code: 'ENOTFOUND',
    syscall: 'getaddrinfo',
    hostname: 'api.telegram.org'
  }
}
[triage] error TypeError: fetch failed
    at node:internal/deps/undici/undici:16416:13
    at process.processTicksAndRejections (node:internal/process/task_queues:104:5)
    at async ConvexHttpClient.queryInner (file:///Users/syphaoffice1/Mission-control-openclaw-25:02/Mission-control/node_modules/convex/dist/esm/browser/http_client.js:225:22)
    at async ConvexHttpClient.query (file:///Users/syphaoffice1/Mission-control-openclaw-25:02/Mission-control/node_modules/convex/dist/esm/browser/http_client.js:202:12)
    at async withRetry (file:///Users/syphaoffice1/Mission-control-openclaw-25:02/Mission-control/orchestrator/index.mjs:197:14)
    at async getAgentMap (file:///Users/syphaoffice1/Mission-control-openclaw-25:02/Mission-control/orchestrator/index.mjs:657:18)
    at async chiefTriageLoop (file:///Users/syphaoffice1/Mission-control-openclaw-25:02/Mission-control/orchestrator/index.mjs:849:22)
    at async Promise.allSettled (index 0)
    at async main (file:///Users/syphaoffice1/Mission-control-openclaw-25:02/Mission-control/orchestrator/index.mjs:1594:3) {
  [cause]: Error: getaddrinfo ENOTFOUND secret-fox-493.convex.cloud
      at GetAddrInfoReqWrap.onlookupall [as oncomplete] (node:dns:121:26) {
    errno: -3008,
    code: 'ENOTFOUND',
    syscall: 'getaddrinfo',
    hostname: 'secret-fox-493.convex.cloud'
  }
}
[notify] error TypeError: fetch failed
    at node:internal/deps/undici/undici:16416:13
    at process.processTicksAndRejections (node:internal/process/task_queues:104:5)
    at async ConvexHttpClient.queryInner (file:///Users/syphaoffice1/Mission-control-openclaw-25:02/Mission-control/node_modules/convex/dist/esm/browser/http_client.js:225:22)
    at async ConvexHttpClient.query (file:///Users/syphaoffice1/Mission-control-openclaw-25:02/Mission-control/node_modules/convex/dist/esm/browser/http_client.js:202:12)
    at async withRetry (file:///Users/syphaoffice1/Mission-control-openclaw-25:02/Mission-control/orchestrator/index.mjs:197:14)
    at async statusNotificationLoop (file:///Users/syphaoffice1/Mission-control-openclaw-25:02/Mission-control/orchestrator/index.mjs:1502:21)
    at async Promise.allSettled (index 2)
    at async main (file:///Users/syphaoffice1/Mission-control-openclaw-25:02/Mission-control/orchestrator/index.mjs:1594:3) {
  [cause]: Error: getaddrinfo ENOTFOUND secret-fox-493.convex.cloud
      at GetAddrInfoReqWrap.onlookupall [as oncomplete] (node:dns:121:26) {
    errno: -3008,
    code: 'ENOTFOUND',
    syscall: 'getaddrinfo',
    hostname: 'secret-fox-493.convex.cloud'
  }
}
[retry] convex.query transient failure (attempt 1/4): fetch failed
[retry] convex.query transient failure (attempt 2/4): fetch failed
[retry] convex.query transient failure (attempt 3/4): fetch failed
[retry] convex.query transient failure (attempt 1/4): fetch failed
[poller] error TypeError: fetch failed
    at node:internal/deps/undici/undici:16416:13
    at process.processTicksAndRejections (node:internal/process/task_queues:104:5)
    at async telegramApi (file:///Users/syphaoffice1/Mission-control-openclaw-25:02/Mission-control/orchestrator/index.mjs:218:15)
    at async pollingLoop (file:///Users/syphaoffice1/Mission-control-openclaw-25:02/Mission-control/orchestrator/index.mjs:779:23)
    at async Promise.allSettled (index 3)
    at async main (file:///Users/syphaoffice1/Mission-control-openclaw-25:02/Mission-control/orchestrator/index.mjs:1594:3) {
  [cause]: Error: getaddrinfo ENOTFOUND api.telegram.org
      at GetAddrInfoReqWrap.onlookupall [as oncomplete] (node:dns:121:26) {
    errno: -3008,
    code: 'ENOTFOUND',
    syscall: 'getaddrinfo',
    hostname: 'api.telegram.org'
  }
}
[retry] convex.query transient failure (attempt 2/4): fetch failed
[retry] convex.query transient failure (attempt 3/4): fetch failed
[triage] error TypeError: fetch failed
    at node:internal/deps/undici/undici:16416:13
    at process.processTicksAndRejections (node:internal/process/task_queues:104:5)
    at async ConvexHttpClient.queryInner (file:///Users/syphaoffice1/Mission-control-openclaw-25:02/Mission-control/node_modules/convex/dist/esm/browser/http_client.js:225:22)
    at async ConvexHttpClient.query (file:///Users/syphaoffice1/Mission-control-openclaw-25:02/Mission-control/node_modules/convex/dist/esm/browser/http_client.js:202:12)
    at async withRetry (file:///Users/syphaoffice1/Mission-control-openclaw-25:02/Mission-control/orchestrator/index.mjs:197:14)
    at async getAgentMap (file:///Users/syphaoffice1/Mission-control-openclaw-25:02/Mission-control/orchestrator/index.mjs:657:18)
    at async chiefTriageLoop (file:///Users/syphaoffice1/Mission-control-openclaw-25:02/Mission-control/orchestrator/index.mjs:849:22)
    at async Promise.allSettled (index 0)
    at async main (file:///Users/syphaoffice1/Mission-control-openclaw-25:02/Mission-control/orchestrator/index.mjs:1594:3) {
  [cause]: Error: getaddrinfo ENOTFOUND secret-fox-493.convex.cloud
      at GetAddrInfoReqWrap.onlookupall [as oncomplete] (node:dns:121:26) {
    errno: -3008,
    code: 'ENOTFOUND',
    syscall: 'getaddrinfo',
    hostname: 'secret-fox-493.convex.cloud'
  }
}
[notify] error TypeError: fetch failed
    at node:internal/deps/undici/undici:16416:13
    at process.processTicksAndRejections (node:internal/process/task_queues:104:5)
    at async ConvexHttpClient.queryInner (file:///Users/syphaoffice1/Mission-control-openclaw-25:02/Mission-control/node_modules/convex/dist/esm/browser/http_client.js:225:22)
    at async ConvexHttpClient.query (file:///Users/syphaoffice1/Mission-control-openclaw-25:02/Mission-control/node_modules/convex/dist/esm/browser/http_client.js:202:12)
    at async withRetry (file:///Users/syphaoffice1/Mission-control-openclaw-25:02/Mission-control/orchestrator/index.mjs:197:14)
    at async statusNotificationLoop (file:///Users/syphaoffice1/Mission-control-openclaw-25:02/Mission-control/orchestrator/index.mjs:1502:21)
    at async Promise.allSettled (index 2)
    at async main (file:///Users/syphaoffice1/Mission-control-openclaw-25:02/Mission-control/orchestrator/index.mjs:1594:3) {
  [cause]: Error: getaddrinfo ENOTFOUND secret-fox-493.convex.cloud
      at GetAddrInfoReqWrap.onlookupall [as oncomplete] (node:dns:121:26) {
    errno: -3008,
    code: 'ENOTFOUND',
    syscall: 'getaddrinfo',
    hostname: 'secret-fox-493.convex.cloud'
  }
}
[retry] convex.query transient failure (attempt 1/4): fetch failed
[retry] convex.query transient failure (attempt 2/4): fetch failed
[retry] convex.query transient failure (attempt 3/4): fetch failed
[triage] error TypeError: fetch failed
    at node:internal/deps/undici/undici:16416:13
    at process.processTicksAndRejections (node:internal/process/task_queues:104:5)
    at async ConvexHttpClient.queryInner (file:///Users/syphaoffice1/Mission-control-openclaw-25:02/Mission-control/node_modules/convex/dist/esm/browser/http_client.js:225:22)
    at async ConvexHttpClient.query (file:///Users/syphaoffice1/Mission-control-openclaw-25:02/Mission-control/node_modules/convex/dist/esm/browser/http_client.js:202:12)
    at async withRetry (file:///Users/syphaoffice1/Mission-control-openclaw-25:02/Mission-control/orchestrator/index.mjs:197:14)
    at async getAgentMap (file:///Users/syphaoffice1/Mission-control-openclaw-25:02/Mission-control/orchestrator/index.mjs:657:18)
    at async chiefTriageLoop (file:///Users/syphaoffice1/Mission-control-openclaw-25:02/Mission-control/orchestrator/index.mjs:849:22)
    at async Promise.allSettled (index 0)
    at async main (file:///Users/syphaoffice1/Mission-control-openclaw-25:02/Mission-control/orchestrator/index.mjs:1594:3) {
  [cause]: Error: getaddrinfo ENOTFOUND secret-fox-493.convex.cloud
      at GetAddrInfoReqWrap.onlookupall [as oncomplete] (node:dns:121:26) {
    errno: -3008,
    code: 'ENOTFOUND',
    syscall: 'getaddrinfo',
    hostname: 'secret-fox-493.convex.cloud'
  }
}
[retry] convex.query transient failure (attempt 1/4): fetch failed
[retry] convex.query transient failure (attempt 2/4): fetch failed
[retry] convex.query transient failure (attempt 3/4): fetch failed
[retry] convex.query transient failure (attempt 1/4): fetch failed
[retry] convex.query transient failure (attempt 2/4): fetch failed
[retry] convex.query transient failure (attempt 3/4): fetch failed
[triage] error TypeError: fetch failed
    at node:internal/deps/undici/undici:16416:13
    at process.processTicksAndRejections (node:internal/process/task_queues:104:5)
    at async ConvexHttpClient.queryInner (file:///Users/syphaoffice1/Mission-control-openclaw-25:02/Mission-control/node_modules/convex/dist/esm/browser/http_client.js:225:22)
    at async ConvexHttpClient.query (file:///Users/syphaoffice1/Mission-control-openclaw-25:02/Mission-control/node_modules/convex/dist/esm/browser/http_client.js:202:12)
    at async withRetry (file:///Users/syphaoffice1/Mission-control-openclaw-25:02/Mission-control/orchestrator/index.mjs:197:14)
    at async getAgentMap (file:///Users/syphaoffice1/Mission-control-openclaw-25:02/Mission-control/orchestrator/index.mjs:657:18)
    at async chiefTriageLoop (file:///Users/syphaoffice1/Mission-control-openclaw-25:02/Mission-control/orchestrator/index.mjs:849:22)
    at async Promise.allSettled (index 0)
    at async main (file:///Users/syphaoffice1/Mission-control-openclaw-25:02/Mission-control/orchestrator/index.mjs:1594:3) {
  [cause]: Error: getaddrinfo ENOTFOUND secret-fox-493.convex.cloud
      at GetAddrInfoReqWrap.onlookupall [as oncomplete] (node:dns:121:26) {
    errno: -3008,
    code: 'ENOTFOUND',
    syscall: 'getaddrinfo',
    hostname: 'secret-fox-493.convex.cloud'
  }
}
[poller] error TypeError: fetch failed
    at node:internal/deps/undici/undici:16416:13
    at process.processTicksAndRejections (node:internal/process/task_queues:104:5)
    at async telegramApi (file:///Users/syphaoffice1/Mission-control-openclaw-25:02/Mission-control/orchestrator/index.mjs:218:15)
    at async pollingLoop (file:///Users/syphaoffice1/Mission-control-openclaw-25:02/Mission-control/orchestrator/index.mjs:779:23)
    at async Promise.allSettled (index 3)
    at async main (file:///Users/syphaoffice1/Mission-control-openclaw-25:02/Mission-control/orchestrator/index.mjs:1594:3) {
  [cause]: Error: getaddrinfo ENOTFOUND api.telegram.org
      at GetAddrInfoReqWrap.onlookupall [as oncomplete] (node:dns:121:26) {
    errno: -3008,
    code: 'ENOTFOUND',
    syscall: 'getaddrinfo',
    hostname: 'api.telegram.org'
  }
}
[notify] error TypeError: fetch failed
    at node:internal/deps/undici/undici:16416:13
    at process.processTicksAndRejections (node:internal/process/task_queues:104:5)
    at async ConvexHttpClient.queryInner (file:///Users/syphaoffice1/Mission-control-openclaw-25:02/Mission-control/node_modules/convex/dist/esm/browser/http_client.js:225:22)
    at async ConvexHttpClient.query (file:///Users/syphaoffice1/Mission-control-openclaw-25:02/Mission-control/node_modules/convex/dist/esm/browser/http_client.js:202:12)
    at async withRetry (file:///Users/syphaoffice1/Mission-control-openclaw-25:02/Mission-control/orchestrator/index.mjs:197:14)
    at async statusNotificationLoop (file:///Users/syphaoffice1/Mission-control-openclaw-25:02/Mission-control/orchestrator/index.mjs:1502:21)
    at async Promise.allSettled (index 2)
    at async main (file:///Users/syphaoffice1/Mission-control-openclaw-25:02/Mission-control/orchestrator/index.mjs:1594:3) {
  [cause]: Error: getaddrinfo ENOTFOUND secret-fox-493.convex.cloud
      at GetAddrInfoReqWrap.onlookupall [as oncomplete] (node:dns:121:26) {
    errno: -3008,
    code: 'ENOTFOUND',
    syscall: 'getaddrinfo',
    hostname: 'secret-fox-493.convex.cloud'
  }
}
[retry] convex.query transient failure (attempt 1/4): fetch failed
[retry] convex.query transient failure (attempt 2/4): fetch failed
[retry] convex.query transient failure (attempt 3/4): fetch failed
[triage] error TypeError: fetch failed
    at node:internal/deps/undici/undici:16416:13
    at process.processTicksAndRejections (node:internal/process/task_queues:104:5)
    at async ConvexHttpClient.queryInner (file:///Users/syphaoffice1/Mission-control-openclaw-25:02/Mission-control/node_modules/convex/dist/esm/browser/http_client.js:225:22)
    at async ConvexHttpClient.query (file:///Users/syphaoffice1/Mission-control-openclaw-25:02/Mission-control/node_modules/convex/dist/esm/browser/http_client.js:202:12)
    at async withRetry (file:///Users/syphaoffice1/Mission-control-openclaw-25:02/Mission-control/orchestrator/index.mjs:197:14)
    at async getAgentMap (file:///Users/syphaoffice1/Mission-control-openclaw-25:02/Mission-control/orchestrator/index.mjs:657:18)
    at async chiefTriageLoop (file:///Users/syphaoffice1/Mission-control-openclaw-25:02/Mission-control/orchestrator/index.mjs:849:22)
    at async Promise.allSettled (index 0)
    at async main (file:///Users/syphaoffice1/Mission-control-openclaw-25:02/Mission-control/orchestrator/index.mjs:1594:3) {
  [cause]: Error: getaddrinfo ENOTFOUND secret-fox-493.convex.cloud
      at GetAddrInfoReqWrap.onlookupall [as oncomplete] (node:dns:121:26) {
    errno: -3008,
    code: 'ENOTFOUND',
    syscall: 'getaddrinfo',
    hostname: 'secret-fox-493.convex.cloud'
  }
}
[retry] convex.query transient failure (attempt 1/4): fetch failed
[retry] convex.query transient failure (attempt 1/4): fetch failed
[poller] error TypeError: fetch failed
    at node:internal/deps/undici/undici:16416:13
    at process.processTicksAndRejections (node:internal/process/task_queues:104:5)
    at async telegramApi (file:///Users/syphaoffice1/Mission-control-openclaw-25:02/Mission-control/orchestrator/index.mjs:218:15)
    at async pollingLoop (file:///Users/syphaoffice1/Mission-control-openclaw-25:02/Mission-control/orchestrator/index.mjs:779:23)
    at async Promise.allSettled (index 3)
    at async main (file:///Users/syphaoffice1/Mission-control-openclaw-25:02/Mission-control/orchestrator/index.mjs:1594:3) {
  [cause]: Error: getaddrinfo ENOTFOUND api.telegram.org
      at GetAddrInfoReqWrap.onlookupall [as oncomplete] (node:dns:121:26) {
    errno: -3008,
    code: 'ENOTFOUND',
    syscall: 'getaddrinfo',
    hostname: 'api.telegram.org'
  }
}
[retry] convex.query transient failure (attempt 2/4): fetch failed
[retry] convex.query transient failure (attempt 2/4): fetch failed
[retry] convex.query transient failure (attempt 3/4): fetch failed
[retry] convex.query transient failure (attempt 3/4): fetch failed
[retry] convex.query transient failure (attempt 1/4): fetch failed
[retry] convex.query transient failure (attempt 2/4): fetch failed
[notify] error TypeError: fetch failed
    at node:internal/deps/undici/undici:16416:13
    at process.processTicksAndRejections (node:internal/process/task_queues:104:5)
    at async ConvexHttpClient.queryInner (file:///Users/syphaoffice1/Mission-control-openclaw-25:02/Mission-control/node_modules/convex/dist/esm/browser/http_client.js:225:22)
    at async ConvexHttpClient.query (file:///Users/syphaoffice1/Mission-control-openclaw-25:02/Mission-control/node_modules/convex/dist/esm/browser/http_client.js:202:12)
    at async withRetry (file:///Users/syphaoffice1/Mission-control-openclaw-25:02/Mission-control/orchestrator/index.mjs:197:14)
    at async statusNotificationLoop (file:///Users/syphaoffice1/Mission-control-openclaw-25:02/Mission-control/orchestrator/index.mjs:1502:21)
    at async Promise.allSettled (index 2)
    at async main (file:///Users/syphaoffice1/Mission-control-openclaw-25:02/Mission-control/orchestrator/index.mjs:1594:3) {
  [cause]: Error: getaddrinfo ENOTFOUND secret-fox-493.convex.cloud
      at GetAddrInfoReqWrap.onlookupall [as oncomplete] (node:dns:121:26) {
    errno: -3008,
    code: 'ENOTFOUND',
    syscall: 'getaddrinfo',
    hostname: 'secret-fox-493.convex.cloud'
  }
}
[watchdog] error TypeError: fetch failed
    at node:internal/deps/undici/undici:16416:13
    at process.processTicksAndRejections (node:internal/process/task_queues:104:5)
    at async ConvexHttpClient.queryInner (file:///Users/syphaoffice1/Mission-control-openclaw-25:02/Mission-control/node_modules/convex/dist/esm/browser/http_client.js:225:22)
    at async ConvexHttpClient.query (file:///Users/syphaoffice1/Mission-control-openclaw-25:02/Mission-control/node_modules/convex/dist/esm/browser/http_client.js:202:12)
    at async withRetry (file:///Users/syphaoffice1/Mission-control-openclaw-25:02/Mission-control/orchestrator/index.mjs:197:14)
    at async getAgentMap (file:///Users/syphaoffice1/Mission-control-openclaw-25:02/Mission-control/orchestrator/index.mjs:657:18)
    at async chiefWatchdogLoop (file:///Users/syphaoffice1/Mission-control-openclaw-25:02/Mission-control/orchestrator/index.mjs:1129:22)
    at async Promise.allSettled (index 1)
    at async main (file:///Users/syphaoffice1/Mission-control-openclaw-25:02/Mission-control/orchestrator/index.mjs:1594:3) {
  [cause]: Error: getaddrinfo ENOTFOUND secret-fox-493.convex.cloud
      at GetAddrInfoReqWrap.onlookupall [as oncomplete] (node:dns:121:26) {
    errno: -3008,
    code: 'ENOTFOUND',
    syscall: 'getaddrinfo',
    hostname: 'secret-fox-493.convex.cloud'
  }
}
[retry] convex.query transient failure (attempt 3/4): fetch failed
[triage] error TypeError: fetch failed
    at node:internal/deps/undici/undici:16416:13
    at process.processTicksAndRejections (node:internal/process/task_queues:104:5)
    at async ConvexHttpClient.queryInner (file:///Users/syphaoffice1/Mission-control-openclaw-25:02/Mission-control/node_modules/convex/dist/esm/browser/http_client.js:225:22)
    at async ConvexHttpClient.query (file:///Users/syphaoffice1/Mission-control-openclaw-25:02/Mission-control/node_modules/convex/dist/esm/browser/http_client.js:202:12)
    at async withRetry (file:///Users/syphaoffice1/Mission-control-openclaw-25:02/Mission-control/orchestrator/index.mjs:197:14)
    at async getAgentMap (file:///Users/syphaoffice1/Mission-control-openclaw-25:02/Mission-control/orchestrator/index.mjs:657:18)
    at async chiefTriageLoop (file:///Users/syphaoffice1/Mission-control-openclaw-25:02/Mission-control/orchestrator/index.mjs:849:22)
    at async Promise.allSettled (index 0)
    at async main (file:///Users/syphaoffice1/Mission-control-openclaw-25:02/Mission-control/orchestrator/index.mjs:1594:3) {
  [cause]: Error: getaddrinfo ENOTFOUND secret-fox-493.convex.cloud
      at GetAddrInfoReqWrap.onlookupall [as oncomplete] (node:dns:121:26) {
    errno: -3008,
    code: 'ENOTFOUND',
    syscall: 'getaddrinfo',
    hostname: 'secret-fox-493.convex.cloud'
  }
}
[retry] convex.query transient failure (attempt 1/4): fetch failed
[retry] convex.query transient failure (attempt 2/4): fetch failed
[retry] convex.query transient failure (attempt 3/4): fetch failed
[triage] error TypeError: fetch failed
    at node:internal/deps/undici/undici:16416:13
    at process.processTicksAndRejections (node:internal/process/task_queues:104:5)
    at async ConvexHttpClient.queryInner (file:///Users/syphaoffice1/Mission-control-openclaw-25:02/Mission-control/node_modules/convex/dist/esm/browser/http_client.js:225:22)
    at async ConvexHttpClient.query (file:///Users/syphaoffice1/Mission-control-openclaw-25:02/Mission-control/node_modules/convex/dist/esm/browser/http_client.js:202:12)
    at async withRetry (file:///Users/syphaoffice1/Mission-control-openclaw-25:02/Mission-control/orchestrator/index.mjs:197:14)
    at async getAgentMap (file:///Users/syphaoffice1/Mission-control-openclaw-25:02/Mission-control/orchestrator/index.mjs:657:18)
    at async chiefTriageLoop (file:///Users/syphaoffice1/Mission-control-openclaw-25:02/Mission-control/orchestrator/index.mjs:849:22)
    at async Promise.allSettled (index 0)
    at async main (file:///Users/syphaoffice1/Mission-control-openclaw-25:02/Mission-control/orchestrator/index.mjs:1594:3) {
  [cause]: Error: getaddrinfo ENOTFOUND secret-fox-493.convex.cloud
      at GetAddrInfoReqWrap.onlookupall [as oncomplete] (node:dns:121:26) {
    errno: -3008,
    code: 'ENOTFOUND',
    syscall: 'getaddrinfo',
    hostname: 'secret-fox-493.convex.cloud'
  }
}
[retry] convex.query transient failure (attempt 1/4): fetch failed
[retry] convex.query transient failure (attempt 2/4): fetch failed
[retry] convex.query transient failure (attempt 3/4): fetch failed
[poller] error TypeError: fetch failed
    at node:internal/deps/undici/undici:16416:13
    at process.processTicksAndRejections (node:internal/process/task_queues:104:5)
    at async telegramApi (file:///Users/syphaoffice1/Mission-control-openclaw-25:02/Mission-control/orchestrator/index.mjs:218:15)
    at async pollingLoop (file:///Users/syphaoffice1/Mission-control-openclaw-25:02/Mission-control/orchestrator/index.mjs:779:23)
    at async Promise.allSettled (index 3)
    at async main (file:///Users/syphaoffice1/Mission-control-openclaw-25:02/Mission-control/orchestrator/index.mjs:1594:3) {
  [cause]: Error: getaddrinfo ENOTFOUND api.telegram.org
      at GetAddrInfoReqWrap.onlookupall [as oncomplete] (node:dns:121:26) {
    errno: -3008,
    code: 'ENOTFOUND',
    syscall: 'getaddrinfo',
    hostname: 'api.telegram.org'
  }
}
[retry] convex.query transient failure (attempt 1/4): fetch failed
[retry] convex.query transient failure (attempt 2/4): fetch failed
[notify] error TypeError: fetch failed
    at node:internal/deps/undici/undici:16416:13
    at process.processTicksAndRejections (node:internal/process/task_queues:104:5)
    at async ConvexHttpClient.queryInner (file:///Users/syphaoffice1/Mission-control-openclaw-25:02/Mission-control/node_modules/convex/dist/esm/browser/http_client.js:225:22)
    at async ConvexHttpClient.query (file:///Users/syphaoffice1/Mission-control-openclaw-25:02/Mission-control/node_modules/convex/dist/esm/browser/http_client.js:202:12)
    at async withRetry (file:///Users/syphaoffice1/Mission-control-openclaw-25:02/Mission-control/orchestrator/index.mjs:197:14)
    at async statusNotificationLoop (file:///Users/syphaoffice1/Mission-control-openclaw-25:02/Mission-control/orchestrator/index.mjs:1502:21)
    at async Promise.allSettled (index 2)
    at async main (file:///Users/syphaoffice1/Mission-control-openclaw-25:02/Mission-control/orchestrator/index.mjs:1594:3) {
  [cause]: Error: getaddrinfo ENOTFOUND secret-fox-493.convex.cloud
      at GetAddrInfoReqWrap.onlookupall [as oncomplete] (node:dns:121:26) {
    errno: -3008,
    code: 'ENOTFOUND',
    syscall: 'getaddrinfo',
    hostname: 'secret-fox-493.convex.cloud'
  }
}
[retry] convex.query transient failure (attempt 3/4): fetch failed
[triage] error TypeError: fetch failed
    at node:internal/deps/undici/undici:16416:13
    at process.processTicksAndRejections (node:internal/process/task_queues:104:5)
    at async ConvexHttpClient.queryInner (file:///Users/syphaoffice1/Mission-control-openclaw-25:02/Mission-control/node_modules/convex/dist/esm/browser/http_client.js:225:22)
    at async ConvexHttpClient.query (file:///Users/syphaoffice1/Mission-control-openclaw-25:02/Mission-control/node_modules/convex/dist/esm/browser/http_client.js:202:12)
    at async withRetry (file:///Users/syphaoffice1/Mission-control-openclaw-25:02/Mission-control/orchestrator/index.mjs:197:14)
    at async getAgentMap (file:///Users/syphaoffice1/Mission-control-openclaw-25:02/Mission-control/orchestrator/index.mjs:657:18)
    at async chiefTriageLoop (file:///Users/syphaoffice1/Mission-control-openclaw-25:02/Mission-control/orchestrator/index.mjs:849:22)
    at async Promise.allSettled (index 0)
    at async main (file:///Users/syphaoffice1/Mission-control-openclaw-25:02/Mission-control/orchestrator/index.mjs:1594:3) {
  [cause]: Error: getaddrinfo ENOTFOUND secret-fox-493.convex.cloud
      at GetAddrInfoReqWrap.onlookupall [as oncomplete] (node:dns:121:26) {
    errno: -3008,
    code: 'ENOTFOUND',
    syscall: 'getaddrinfo',
    hostname: 'secret-fox-493.convex.cloud'
  }
}
[retry] convex.query transient failure (attempt 1/4): fetch failed
[retry] convex.query transient failure (attempt 1/4): fetch failed
[poller] error TypeError: fetch failed
    at node:internal/deps/undici/undici:16416:13
    at process.processTicksAndRejections (node:internal/process/task_queues:104:5)
    at async telegramApi (file:///Users/syphaoffice1/Mission-control-openclaw-25:02/Mission-control/orchestrator/index.mjs:218:15)
    at async pollingLoop (file:///Users/syphaoffice1/Mission-control-openclaw-25:02/Mission-control/orchestrator/index.mjs:779:23)
    at async Promise.allSettled (index 3)
    at async main (file:///Users/syphaoffice1/Mission-control-openclaw-25:02/Mission-control/orchestrator/index.mjs:1594:3) {
  [cause]: Error: getaddrinfo ENOTFOUND api.telegram.org
      at GetAddrInfoReqWrap.onlookupall [as oncomplete] (node:dns:121:26) {
    errno: -3008,
    code: 'ENOTFOUND',
    syscall: 'getaddrinfo',
    hostname: 'api.telegram.org'
  }
}
[retry] convex.query transient failure (attempt 2/4): fetch failed
[retry] convex.query transient failure (attempt 2/4): fetch failed
[retry] convex.query transient failure (attempt 3/4): fetch failed
[retry] convex.query transient failure (attempt 3/4): fetch failed
[triage] error TypeError: fetch failed
    at node:internal/deps/undici/undici:16416:13
    at process.processTicksAndRejections (node:internal/process/task_queues:104:5)
    at async ConvexHttpClient.queryInner (file:///Users/syphaoffice1/Mission-control-openclaw-25:02/Mission-control/node_modules/convex/dist/esm/browser/http_client.js:225:22)
    at async ConvexHttpClient.query (file:///Users/syphaoffice1/Mission-control-openclaw-25:02/Mission-control/node_modules/convex/dist/esm/browser/http_client.js:202:12)
    at async withRetry (file:///Users/syphaoffice1/Mission-control-openclaw-25:02/Mission-control/orchestrator/index.mjs:197:14)
    at async getAgentMap (file:///Users/syphaoffice1/Mission-control-openclaw-25:02/Mission-control/orchestrator/index.mjs:657:18)
    at async chiefTriageLoop (file:///Users/syphaoffice1/Mission-control-openclaw-25:02/Mission-control/orchestrator/index.mjs:849:22)
    at async Promise.allSettled (index 0)
    at async main (file:///Users/syphaoffice1/Mission-control-openclaw-25:02/Mission-control/orchestrator/index.mjs:1594:3) {
  [cause]: Error: getaddrinfo ENOTFOUND secret-fox-493.convex.cloud
      at GetAddrInfoReqWrap.onlookupall [as oncomplete] (node:dns:121:26) {
    errno: -3008,
    code: 'ENOTFOUND',
    syscall: 'getaddrinfo',
    hostname: 'secret-fox-493.convex.cloud'
  }
}
[notify] error TypeError: fetch failed
    at node:internal/deps/undici/undici:16416:13
    at process.processTicksAndRejections (node:internal/process/task_queues:104:5)
    at async ConvexHttpClient.queryInner (file:///Users/syphaoffice1/Mission-control-openclaw-25:02/Mission-control/node_modules/convex/dist/esm/browser/http_client.js:225:22)
    at async ConvexHttpClient.query (file:///Users/syphaoffice1/Mission-control-openclaw-25:02/Mission-control/node_modules/convex/dist/esm/browser/http_client.js:202:12)
    at async withRetry (file:///Users/syphaoffice1/Mission-control-openclaw-25:02/Mission-control/orchestrator/index.mjs:197:14)
    at async statusNotificationLoop (file:///Users/syphaoffice1/Mission-control-openclaw-25:02/Mission-control/orchestrator/index.mjs:1502:21)
    at async Promise.allSettled (index 2)
    at async main (file:///Users/syphaoffice1/Mission-control-openclaw-25:02/Mission-control/orchestrator/index.mjs:1594:3) {
  [cause]: Error: getaddrinfo ENOTFOUND secret-fox-493.convex.cloud
      at GetAddrInfoReqWrap.onlookupall [as oncomplete] (node:dns:121:26) {
    errno: -3008,
    code: 'ENOTFOUND',
    syscall: 'getaddrinfo',
    hostname: 'secret-fox-493.convex.cloud'
  }
}
[retry] convex.query transient failure (attempt 1/4): fetch failed
[retry] convex.query transient failure (attempt 2/4): fetch failed
[retry] convex.query transient failure (attempt 3/4): fetch failed
[triage] error TypeError: fetch failed
    at node:internal/deps/undici/undici:16416:13
    at process.processTicksAndRejections (node:internal/process/task_queues:104:5)
    at async ConvexHttpClient.queryInner (file:///Users/syphaoffice1/Mission-control-openclaw-25:02/Mission-control/node_modules/convex/dist/esm/browser/http_client.js:225:22)
    at async ConvexHttpClient.query (file:///Users/syphaoffice1/Mission-control-openclaw-25:02/Mission-control/node_modules/convex/dist/esm/browser/http_client.js:202:12)
    at async withRetry (file:///Users/syphaoffice1/Mission-control-openclaw-25:02/Mission-control/orchestrator/index.mjs:197:14)
    at async getAgentMap (file:///Users/syphaoffice1/Mission-control-openclaw-25:02/Mission-control/orchestrator/index.mjs:657:18)
    at async chiefTriageLoop (file:///Users/syphaoffice1/Mission-control-openclaw-25:02/Mission-control/orchestrator/index.mjs:849:22)
    at async Promise.allSettled (index 0)
    at async main (file:///Users/syphaoffice1/Mission-control-openclaw-25:02/Mission-control/orchestrator/index.mjs:1594:3) {
  [cause]: Error: getaddrinfo ENOTFOUND secret-fox-493.convex.cloud
      at GetAddrInfoReqWrap.onlookupall [as oncomplete] (node:dns:121:26) {
    errno: -3008,
    code: 'ENOTFOUND',
    syscall: 'getaddrinfo',
    hostname: 'secret-fox-493.convex.cloud'
  }
}
[retry] convex.query transient failure (attempt 1/4): fetch failed
[retry] convex.query transient failure (attempt 1/4): fetch failed
[retry] convex.query transient failure (attempt 2/4): fetch failed
[retry] convex.query transient failure (attempt 2/4): fetch failed
[retry] convex.query transient failure (attempt 3/4): fetch failed
[retry] convex.query transient failure (attempt 3/4): fetch failed
[poller] error TypeError: fetch failed
    at node:internal/deps/undici/undici:16416:13
    at process.processTicksAndRejections (node:internal/process/task_queues:104:5)
    at async telegramApi (file:///Users/syphaoffice1/Mission-control-openclaw-25:02/Mission-control/orchestrator/index.mjs:218:15)
    at async pollingLoop (file:///Users/syphaoffice1/Mission-control-openclaw-25:02/Mission-control/orchestrator/index.mjs:779:23)
    at async Promise.allSettled (index 3)
    at async main (file:///Users/syphaoffice1/Mission-control-openclaw-25:02/Mission-control/orchestrator/index.mjs:1594:3) {
  [cause]: Error: getaddrinfo ENOTFOUND api.telegram.org
      at GetAddrInfoReqWrap.onlookupall [as oncomplete] (node:dns:121:26) {
    errno: -3008,
    code: 'ENOTFOUND',
    syscall: 'getaddrinfo',
    hostname: 'api.telegram.org'
  }
}
[triage] error TypeError: fetch failed
    at node:internal/deps/undici/undici:16416:13
    at process.processTicksAndRejections (node:internal/process/task_queues:104:5)
    at async ConvexHttpClient.queryInner (file:///Users/syphaoffice1/Mission-control-openclaw-25:02/Mission-control/node_modules/convex/dist/esm/browser/http_client.js:225:22)
    at async ConvexHttpClient.query (file:///Users/syphaoffice1/Mission-control-openclaw-25:02/Mission-control/node_modules/convex/dist/esm/browser/http_client.js:202:12)
    at async withRetry (file:///Users/syphaoffice1/Mission-control-openclaw-25:02/Mission-control/orchestrator/index.mjs:197:14)
    at async getAgentMap (file:///Users/syphaoffice1/Mission-control-openclaw-25:02/Mission-control/orchestrator/index.mjs:657:18)
    at async chiefTriageLoop (file:///Users/syphaoffice1/Mission-control-openclaw-25:02/Mission-control/orchestrator/index.mjs:849:22)
    at async Promise.allSettled (index 0)
    at async main (file:///Users/syphaoffice1/Mission-control-openclaw-25:02/Mission-control/orchestrator/index.mjs:1594:3) {
  [cause]: Error: getaddrinfo ENOTFOUND secret-fox-493.convex.cloud
      at GetAddrInfoReqWrap.onlookupall [as oncomplete] (node:dns:121:26) {
    errno: -3008,
    code: 'ENOTFOUND',
    syscall: 'getaddrinfo',
    hostname: 'secret-fox-493.convex.cloud'
  }
}
[notify] error TypeError: fetch failed
    at node:internal/deps/undici/undici:16416:13
    at process.processTicksAndRejections (node:internal/process/task_queues:104:5)
    at async ConvexHttpClient.queryInner (file:///Users/syphaoffice1/Mission-control-openclaw-25:02/Mission-control/node_modules/convex/dist/esm/browser/http_client.js:225:22)
    at async ConvexHttpClient.query (file:///Users/syphaoffice1/Mission-control-openclaw-25:02/Mission-control/node_modules/convex/dist/esm/browser/http_client.js:202:12)
    at async withRetry (file:///Users/syphaoffice1/Mission-control-openclaw-25:02/Mission-control/orchestrator/index.mjs:197:14)
    at async statusNotificationLoop (file:///Users/syphaoffice1/Mission-control-openclaw-25:02/Mission-control/orchestrator/index.mjs:1502:21)
    at async Promise.allSettled (index 2)
    at async main (file:///Users/syphaoffice1/Mission-control-openclaw-25:02/Mission-control/orchestrator/index.mjs:1594:3) {
  [cause]: Error: getaddrinfo ENOTFOUND secret-fox-493.convex.cloud
      at GetAddrInfoReqWrap.onlookupall [as oncomplete] (node:dns:121:26) {
    errno: -3008,
    code: 'ENOTFOUND',
    syscall: 'getaddrinfo',
    hostname: 'secret-fox-493.convex.cloud'
  }
}
[retry] convex.query transient failure (attempt 1/4): fetch failed
[retry] convex.query transient failure (attempt 2/4): fetch failed
[retry] convex.query transient failure (attempt 3/4): fetch failed
[retry] convex.query transient failure (attempt 1/4): fetch failed
[poller] error TypeError: fetch failed
    at node:internal/deps/undici/undici:16416:13
    at process.processTicksAndRejections (node:internal/process/task_queues:104:5)
    at async telegramApi (file:///Users/syphaoffice1/Mission-control-openclaw-25:02/Mission-control/orchestrator/index.mjs:218:15)
    at async pollingLoop (file:///Users/syphaoffice1/Mission-control-openclaw-25:02/Mission-control/orchestrator/index.mjs:779:23)
    at async Promise.allSettled (index 3)
    at async main (file:///Users/syphaoffice1/Mission-control-openclaw-25:02/Mission-control/orchestrator/index.mjs:1594:3) {
  [cause]: Error: getaddrinfo ENOTFOUND api.telegram.org
      at GetAddrInfoReqWrap.onlookupall [as oncomplete] (node:dns:121:26) {
    errno: -3008,
    code: 'ENOTFOUND',
    syscall: 'getaddrinfo',
    hostname: 'api.telegram.org'
  }
}
[retry] convex.query transient failure (attempt 1/4): fetch failed
[retry] convex.query transient failure (attempt 2/4): fetch failed
[retry] convex.query transient failure (attempt 2/4): fetch failed
[retry] convex.query transient failure (attempt 3/4): fetch failed
[retry] convex.query transient failure (attempt 3/4): fetch failed
[triage] error TypeError: fetch failed
    at node:internal/deps/undici/undici:16416:13
    at process.processTicksAndRejections (node:internal/process/task_queues:104:5)
    at async ConvexHttpClient.queryInner (file:///Users/syphaoffice1/Mission-control-openclaw-25:02/Mission-control/node_modules/convex/dist/esm/browser/http_client.js:225:22)
    at async ConvexHttpClient.query (file:///Users/syphaoffice1/Mission-control-openclaw-25:02/Mission-control/node_modules/convex/dist/esm/browser/http_client.js:202:12)
    at async withRetry (file:///Users/syphaoffice1/Mission-control-openclaw-25:02/Mission-control/orchestrator/index.mjs:197:14)
    at async getAgentMap (file:///Users/syphaoffice1/Mission-control-openclaw-25:02/Mission-control/orchestrator/index.mjs:657:18)
    at async chiefTriageLoop (file:///Users/syphaoffice1/Mission-control-openclaw-25:02/Mission-control/orchestrator/index.mjs:849:22)
    at async Promise.allSettled (index 0)
    at async main (file:///Users/syphaoffice1/Mission-control-openclaw-25:02/Mission-control/orchestrator/index.mjs:1594:3) {
  [cause]: Error: getaddrinfo ENOTFOUND secret-fox-493.convex.cloud
      at GetAddrInfoReqWrap.onlookupall [as oncomplete] (node:dns:121:26) {
    errno: -3008,
    code: 'ENOTFOUND',
    syscall: 'getaddrinfo',
    hostname: 'secret-fox-493.convex.cloud'
  }
}
[notify] error TypeError: fetch failed
    at node:internal/deps/undici/undici:16416:13
    at process.processTicksAndRejections (node:internal/process/task_queues:104:5)
    at async ConvexHttpClient.queryInner (file:///Users/syphaoffice1/Mission-control-openclaw-25:02/Mission-control/node_modules/convex/dist/esm/browser/http_client.js:225:22)
    at async ConvexHttpClient.query (file:///Users/syphaoffice1/Mission-control-openclaw-25:02/Mission-control/node_modules/convex/dist/esm/browser/http_client.js:202:12)
    at async withRetry (file:///Users/syphaoffice1/Mission-control-openclaw-25:02/Mission-control/orchestrator/index.mjs:197:14)
    at async statusNotificationLoop (file:///Users/syphaoffice1/Mission-control-openclaw-25:02/Mission-control/orchestrator/index.mjs:1502:21)
    at async Promise.allSettled (index 2)
    at async main (file:///Users/syphaoffice1/Mission-control-openclaw-25:02/Mission-control/orchestrator/index.mjs:1594:3) {
  [cause]: Error: getaddrinfo ENOTFOUND secret-fox-493.convex.cloud
      at GetAddrInfoReqWrap.onlookupall [as oncomplete] (node:dns:121:26) {
    errno: -3008,
    code: 'ENOTFOUND',
    syscall: 'getaddrinfo',
    hostname: 'secret-fox-493.convex.cloud'
  }
}
[watchdog] error TypeError: fetch failed
    at node:internal/deps/undici/undici:16416:13
    at process.processTicksAndRejections (node:internal/process/task_queues:104:5)
    at async ConvexHttpClient.queryInner (file:///Users/syphaoffice1/Mission-control-openclaw-25:02/Mission-control/node_modules/convex/dist/esm/browser/http_client.js:225:22)
    at async ConvexHttpClient.query (file:///Users/syphaoffice1/Mission-control-openclaw-25:02/Mission-control/node_modules/convex/dist/esm/browser/http_client.js:202:12)
    at async withRetry (file:///Users/syphaoffice1/Mission-control-openclaw-25:02/Mission-control/orchestrator/index.mjs:197:14)
    at async getAgentMap (file:///Users/syphaoffice1/Mission-control-openclaw-25:02/Mission-control/orchestrator/index.mjs:657:18)
    at async chiefWatchdogLoop (file:///Users/syphaoffice1/Mission-control-openclaw-25:02/Mission-control/orchestrator/index.mjs:1129:22)
    at async Promise.allSettled (index 1)
    at async main (file:///Users/syphaoffice1/Mission-control-openclaw-25:02/Mission-control/orchestrator/index.mjs:1594:3) {
  [cause]: Error: getaddrinfo ENOTFOUND secret-fox-493.convex.cloud
      at GetAddrInfoReqWrap.onlookupall [as oncomplete] (node:dns:121:26) {
    errno: -3008,
    code: 'ENOTFOUND',
    syscall: 'getaddrinfo',
    hostname: 'secret-fox-493.convex.cloud'
  }
}
[retry] convex.query transient failure (attempt 1/4): fetch failed
[retry] convex.query transient failure (attempt 2/4): fetch failed
[retry] convex.query transient failure (attempt 3/4): fetch failed
[triage] error TypeError: fetch failed
    at node:internal/deps/undici/undici:16416:13
    at process.processTicksAndRejections (node:internal/process/task_queues:104:5)
    at async ConvexHttpClient.queryInner (file:///Users/syphaoffice1/Mission-control-openclaw-25:02/Mission-control/node_modules/convex/dist/esm/browser/http_client.js:225:22)
    at async ConvexHttpClient.query (file:///Users/syphaoffice1/Mission-control-openclaw-25:02/Mission-control/node_modules/convex/dist/esm/browser/http_client.js:202:12)
    at async withRetry (file:///Users/syphaoffice1/Mission-control-openclaw-25:02/Mission-control/orchestrator/index.mjs:197:14)
    at async getAgentMap (file:///Users/syphaoffice1/Mission-control-openclaw-25:02/Mission-control/orchestrator/index.mjs:657:18)
    at async chiefTriageLoop (file:///Users/syphaoffice1/Mission-control-openclaw-25:02/Mission-control/orchestrator/index.mjs:849:22)
    at async Promise.allSettled (index 0)
    at async main (file:///Users/syphaoffice1/Mission-control-openclaw-25:02/Mission-control/orchestrator/index.mjs:1594:3) {
  [cause]: Error: getaddrinfo ENOTFOUND secret-fox-493.convex.cloud
      at GetAddrInfoReqWrap.onlookupall [as oncomplete] (node:dns:121:26) {
    errno: -3008,
    code: 'ENOTFOUND',
    syscall: 'getaddrinfo',
    hostname: 'secret-fox-493.convex.cloud'
  }
}
[retry] convex.query transient failure (attempt 1/4): fetch failed
[retry] convex.query transient failure (attempt 1/4): fetch failed
[poller] error TypeError: fetch failed
    at node:internal/deps/undici/undici:16416:13
    at process.processTicksAndRejections (node:internal/process/task_queues:104:5)
    at async telegramApi (file:///Users/syphaoffice1/Mission-control-openclaw-25:02/Mission-control/orchestrator/index.mjs:218:15)
    at async pollingLoop (file:///Users/syphaoffice1/Mission-control-openclaw-25:02/Mission-control/orchestrator/index.mjs:779:23)
    at async Promise.allSettled (index 3)
    at async main (file:///Users/syphaoffice1/Mission-control-openclaw-25:02/Mission-control/orchestrator/index.mjs:1594:3) {
  [cause]: Error: getaddrinfo ENOTFOUND api.telegram.org
      at GetAddrInfoReqWrap.onlookupall [as oncomplete] (node:dns:121:26) {
    errno: -3008,
    code: 'ENOTFOUND',
    syscall: 'getaddrinfo',
    hostname: 'api.telegram.org'
  }
}
[retry] convex.query transient failure (attempt 1/4): fetch failed
[retry] convex.query transient failure (attempt 2/4): fetch failed
[retry] convex.query transient failure (attempt 2/4): fetch failed
[retry] convex.query transient failure (attempt 2/4): fetch failed
[retry] convex.query transient failure (attempt 3/4): fetch failed
[retry] convex.query transient failure (attempt 3/4): fetch failed
[retry] convex.query transient failure (attempt 3/4): fetch failed
[triage] error TypeError: fetch failed
    at node:internal/deps/undici/undici:16416:13
    at process.processTicksAndRejections (node:internal/process/task_queues:104:5)
    at async ConvexHttpClient.queryInner (file:///Users/syphaoffice1/Mission-control-openclaw-25:02/Mission-control/node_modules/convex/dist/esm/browser/http_client.js:225:22)
    at async ConvexHttpClient.query (file:///Users/syphaoffice1/Mission-control-openclaw-25:02/Mission-control/node_modules/convex/dist/esm/browser/http_client.js:202:12)
    at async withRetry (file:///Users/syphaoffice1/Mission-control-openclaw-25:02/Mission-control/orchestrator/index.mjs:197:14)
    at async getAgentMap (file:///Users/syphaoffice1/Mission-control-openclaw-25:02/Mission-control/orchestrator/index.mjs:657:18)
    at async chiefTriageLoop (file:///Users/syphaoffice1/Mission-control-openclaw-25:02/Mission-control/orchestrator/index.mjs:849:22)
    at async Promise.allSettled (index 0)
    at async main (file:///Users/syphaoffice1/Mission-control-openclaw-25:02/Mission-control/orchestrator/index.mjs:1594:3) {
  [cause]: Error: getaddrinfo ENOTFOUND secret-fox-493.convex.cloud
      at GetAddrInfoReqWrap.onlookupall [as oncomplete] (node:dns:121:26) {
    errno: -3008,
    code: 'ENOTFOUND',
    syscall: 'getaddrinfo',
    hostname: 'secret-fox-493.convex.cloud'
  }
}
[notify] error TypeError: fetch failed
    at node:internal/deps/undici/undici:16416:13
    at process.processTicksAndRejections (node:internal/process/task_queues:104:5)
    at async ConvexHttpClient.queryInner (file:///Users/syphaoffice1/Mission-control-openclaw-25:02/Mission-control/node_modules/convex/dist/esm/browser/http_client.js:225:22)
    at async ConvexHttpClient.query (file:///Users/syphaoffice1/Mission-control-openclaw-25:02/Mission-control/node_modules/convex/dist/esm/browser/http_client.js:202:12)
    at async withRetry (file:///Users/syphaoffice1/Mission-control-openclaw-25:02/Mission-control/orchestrator/index.mjs:197:14)
    at async statusNotificationLoop (file:///Users/syphaoffice1/Mission-control-openclaw-25:02/Mission-control/orchestrator/index.mjs:1502:21)
    at async Promise.allSettled (index 2)
    at async main (file:///Users/syphaoffice1/Mission-control-openclaw-25:02/Mission-control/orchestrator/index.mjs:1594:3) {
  [cause]: Error: getaddrinfo ENOTFOUND secret-fox-493.convex.cloud
      at GetAddrInfoReqWrap.onlookupall [as oncomplete] (node:dns:121:26) {
    errno: -3008,
    code: 'ENOTFOUND',
    syscall: 'getaddrinfo',
    hostname: 'secret-fox-493.convex.cloud'
  }
}
[watchdog] error TypeError: fetch failed
    at node:internal/deps/undici/undici:16416:13
    at process.processTicksAndRejections (node:internal/process/task_queues:104:5)
    at async ConvexHttpClient.queryInner (file:///Users/syphaoffice1/Mission-control-openclaw-25:02/Mission-control/node_modules/convex/dist/esm/browser/http_client.js:225:22)
    at async ConvexHttpClient.query (file:///Users/syphaoffice1/Mission-control-openclaw-25:02/Mission-control/node_modules/convex/dist/esm/browser/http_client.js:202:12)
    at async withRetry (file:///Users/syphaoffice1/Mission-control-openclaw-25:02/Mission-control/orchestrator/index.mjs:197:14)
    at async getAgentMap (file:///Users/syphaoffice1/Mission-control-openclaw-25:02/Mission-control/orchestrator/index.mjs:657:18)
    at async chiefWatchdogLoop (file:///Users/syphaoffice1/Mission-control-openclaw-25:02/Mission-control/orchestrator/index.mjs:1129:22)
    at async Promise.allSettled (index 1)
    at async main (file:///Users/syphaoffice1/Mission-control-openclaw-25:02/Mission-control/orchestrator/index.mjs:1594:3) {
  [cause]: Error: getaddrinfo ENOTFOUND secret-fox-493.convex.cloud
      at GetAddrInfoReqWrap.onlookupall [as oncomplete] (node:dns:121:26) {
    errno: -3008,
    code: 'ENOTFOUND',
    syscall: 'getaddrinfo',
    hostname: 'secret-fox-493.convex.cloud'
  }
}
[poller] error TypeError: fetch failed
    at node:internal/deps/undici/undici:16416:13
    at process.processTicksAndRejections (node:internal/process/task_queues:104:5)
    at async telegramApi (file:///Users/syphaoffice1/Mission-control-openclaw-25:02/Mission-control/orchestrator/index.mjs:218:15)
    at async pollingLoop (file:///Users/syphaoffice1/Mission-control-openclaw-25:02/Mission-control/orchestrator/index.mjs:779:23)
    at async Promise.allSettled (index 3)
    at async main (file:///Users/syphaoffice1/Mission-control-openclaw-25:02/Mission-control/orchestrator/index.mjs:1594:3) {
  [cause]: ConnectTimeoutError: Connect Timeout Error (attempted addresses: 2001:67c:4e8:f004::9:443, 149.154.166.110:443, timeout: 10000ms)
      at onConnectTimeout (node:internal/deps/undici/undici:1946:23)
      at Immediate._onImmediate (node:internal/deps/undici/undici:1927:11)
      at process.processImmediate (node:internal/timers:504:21) {
    code: 'UND_ERR_CONNECT_TIMEOUT'
  }
}
[retry] convex.query transient failure (attempt 1/4): fetch failed
[retry] convex.query transient failure (attempt 1/4): fetch failed
[agent-sync] failed: agent-sync lock already held at /Users/syphaoffice1/Mission-control-openclaw-25:02/Mission-control/orchestrator/.state/agent-sync.lock
[start-missioncontrol-bot] WARN: startup agent sync failed; continuing bot startup
